!SESSION 2026-07-18 20:32:08.379 -----------------------------------------------
eclipse.buildId=Version 2.2.0
java.version=21.0.10
java.vendor=Eclipse Adoptium
BootLoader constants: OS=win32, ARCH=x86_64, WS=win32, NL=es_AR
Command-line arguments:  -os win32 -ws win32 -arch x86_64

!ENTRY com.st.stm32cube.ide.mcu.informationcenter 1 1 2026-07-18 20:32:28.785
!MESSAGE Log4j2 initialized with config file C:\Users\mechi\OneDrive\FIUBA\2026_1C\TdSEpf\tdse-pf_workspace\.metadata\.log4j2.xml

!ENTRY com.st.stm32cube.ide.mcu.ide 1 1 2026-07-18 20:32:41.381
!MESSAGE Started RMI Server, listening on port 41337

!ENTRY com.st.stm32cube.ide.mpu.remote.serial 1 1 2026-07-18 20:33:14.749
!MESSAGE Executed PowerShell command powershell.exe -Command "Get-CimInstance -ClassName Win32_SerialPort | Select-Object -ExpandProperty DeviceID":
COM4
COM5
COM6
COM8
COM17
COM3
COM9
COM10
COM11
COM12
COM13
COM16
COM7


!ENTRY com.st.stm32cube.ide.mpu.remote.serial 1 1 2026-07-18 20:33:14.752
!MESSAGE port: COM4

!ENTRY com.st.stm32cube.ide.mpu.remote.serial 1 1 2026-07-18 20:33:14.753
!MESSAGE port: COM5

!ENTRY com.st.stm32cube.ide.mpu.remote.serial 1 1 2026-07-18 20:33:14.754
!MESSAGE port: COM6

!ENTRY com.st.stm32cube.ide.mpu.remote.serial 1 1 2026-07-18 20:33:14.754
!MESSAGE port: COM8

!ENTRY com.st.stm32cube.ide.mpu.remote.serial 1 1 2026-07-18 20:33:14.755
!MESSAGE port: COM17

!ENTRY com.st.stm32cube.ide.mpu.remote.serial 1 1 2026-07-18 20:33:14.756
!MESSAGE port: COM3

!ENTRY com.st.stm32cube.ide.mpu.remote.serial 1 1 2026-07-18 20:33:14.757
!MESSAGE port: COM9

!ENTRY com.st.stm32cube.ide.mpu.remote.serial 1 1 2026-07-18 20:33:14.758
!MESSAGE port: COM10

!ENTRY com.st.stm32cube.ide.mpu.remote.serial 1 1 2026-07-18 20:33:14.759
!MESSAGE port: COM11

!ENTRY com.st.stm32cube.ide.mpu.remote.serial 1 1 2026-07-18 20:33:14.760
!MESSAGE port: COM12

!ENTRY com.st.stm32cube.ide.mpu.remote.serial 1 1 2026-07-18 20:33:14.761
!MESSAGE port: COM13

!ENTRY com.st.stm32cube.ide.mpu.remote.serial 1 1 2026-07-18 20:33:14.762
!MESSAGE port: COM16

!ENTRY com.st.stm32cube.ide.mpu.remote.serial 1 1 2026-07-18 20:33:14.763
!MESSAGE port: COM7

!ENTRY com.st.stm32cube.ide.mcu.toolchain.arm-none 4 4 2026-07-18 20:38:28.832
!MESSAGE Failed to get MCU from name "" in toolchain com.st.stm32cube.ide.mcu.gnu.managedbuild.toolchain.exe.debug.1075788739

!ENTRY com.st.stm32cube.ide.mcu.toolchain.arm-none 4 4 2026-07-18 20:38:28.860
!MESSAGE Failed to get MCU from name "" in toolchain com.st.stm32cube.ide.mcu.gnu.managedbuild.toolchain.exe.debug.1075788739

!ENTRY com.st.stm32cube.ide.mcu.toolchain.arm-none 4 4 2026-07-18 20:38:28.877
!MESSAGE Failed to get MCU from name "" in toolchain com.st.stm32cube.ide.mcu.gnu.managedbuild.toolchain.exe.release.390201708

!ENTRY com.st.stm32cube.ide.mcu.toolchain.arm-none 4 4 2026-07-18 20:38:28.882
!MESSAGE Failed to get MCU from name "" in toolchain com.st.stm32cube.ide.mcu.gnu.managedbuild.toolchain.exe.release.390201708

!ENTRY com.st.stm32cube.ide.mcu.toolchain.arm-none 4 4 2026-07-18 20:38:29.072
!MESSAGE Failed to get MCU from name "" in toolchain com.st.stm32cube.ide.mcu.gnu.managedbuild.toolchain.exe.debug.1075788739

!ENTRY com.st.stm32cube.ide.mcu.toolchain.arm-none 4 4 2026-07-18 20:38:29.077
!MESSAGE Failed to get MCU from name "" in toolchain com.st.stm32cube.ide.mcu.gnu.managedbuild.toolchain.exe.debug.1075788739

!ENTRY com.st.stm32cube.ide.mcu.toolchain.arm-none 4 4 2026-07-18 20:38:29.090
!MESSAGE Failed to get MCU from name "" in toolchain com.st.stm32cube.ide.mcu.gnu.managedbuild.toolchain.exe.release.390201708

!ENTRY com.st.stm32cube.ide.mcu.toolchain.arm-none 4 4 2026-07-18 20:38:29.095
!MESSAGE Failed to get MCU from name "" in toolchain com.st.stm32cube.ide.mcu.gnu.managedbuild.toolchain.exe.release.390201708

!ENTRY com.st.stm32cube.ide.mcu.toolchain.arm-none 4 4 2026-07-18 20:38:29.250
!MESSAGE Failed to get MCU from name "" in toolchain com.st.stm32cube.ide.mcu.gnu.managedbuild.toolchain.exe.debug.1075788739

!ENTRY com.st.stm32cube.ide.mcu.toolchain.arm-none 4 4 2026-07-18 20:38:32.022
!MESSAGE Failed to get MCU from name "" in toolchain com.st.stm32cube.ide.mcu.gnu.managedbuild.toolchain.exe.debug.1075788739

!ENTRY com.st.stm32cube.ide.mcu.toolchain.arm-none 4 4 2026-07-18 20:38:32.775
!MESSAGE Failed to get MCU from name "" in toolchain com.st.stm32cube.ide.mcu.gnu.managedbuild.toolchain.exe.release.390201708

!ENTRY com.st.stm32cube.ide.mcu.toolchain.arm-none 4 4 2026-07-18 20:38:33.130
!MESSAGE Failed to get MCU from name "" in toolchain com.st.stm32cube.ide.mcu.gnu.managedbuild.toolchain.exe.release.390201708

!ENTRY com.st.stm32cube.ide.mcu.toolchain.arm-none 4 4 2026-07-18 20:38:33.770
!MESSAGE Failed to get MCU from name "" in toolchain com.st.stm32cube.ide.mcu.gnu.managedbuild.toolchain.exe.debug.1075788739

!ENTRY com.st.stm32cube.ide.mcu.toolchain.arm-none 4 4 2026-07-18 20:38:34.238
!MESSAGE Failed to get MCU from name "" in toolchain com.st.stm32cube.ide.mcu.gnu.managedbuild.toolchain.exe.debug.1075788739

!ENTRY com.st.stm32cube.ide.mcu.toolchain.arm-none 4 4 2026-07-18 20:38:34.573
!MESSAGE Failed to get MCU from name "" in toolchain com.st.stm32cube.ide.mcu.gnu.managedbuild.toolchain.exe.release.390201708

!ENTRY com.st.stm32cube.ide.mcu.toolchain.arm-none 4 4 2026-07-18 20:38:34.868
!MESSAGE Failed to get MCU from name "" in toolchain com.st.stm32cube.ide.mcu.gnu.managedbuild.toolchain.exe.release.390201708

!ENTRY com.st.stm32cube.ide.mcu.toolchain.arm-none 4 4 2026-07-18 20:38:35.313
!MESSAGE Failed to get MCU from name "" in toolchain com.st.stm32cube.ide.mcu.gnu.managedbuild.toolchain.exe.debug.1075788739

!ENTRY com.st.stm32cube.ide.mcu.toolchain.arm-none 4 4 2026-07-18 20:38:35.318
!MESSAGE Failed to get MCU from name "" in toolchain com.st.stm32cube.ide.mcu.gnu.managedbuild.toolchain.exe.debug.1075788739

!ENTRY com.st.stm32cube.ide.mcu.toolchain.arm-none 4 4 2026-07-18 20:38:35.330
!MESSAGE Failed to get MCU from name "" in toolchain com.st.stm32cube.ide.mcu.gnu.managedbuild.toolchain.exe.release.390201708

!ENTRY com.st.stm32cube.ide.mcu.toolchain.arm-none 4 4 2026-07-18 20:38:35.335
!MESSAGE Failed to get MCU from name "" in toolchain com.st.stm32cube.ide.mcu.gnu.managedbuild.toolchain.exe.release.390201708

!ENTRY com.st.stm32cube.ide.mcu.toolchain.arm-none 4 4 2026-07-18 20:44:11.207
!MESSAGE Failed to get MCU from name "" in toolchain com.st.stm32cube.ide.mcu.gnu.managedbuild.toolchain.exe.debug.1185590657

!ENTRY com.st.stm32cube.ide.mcu.toolchain.arm-none 4 4 2026-07-18 20:44:11.218
!MESSAGE Failed to get MCU from name "" in toolchain com.st.stm32cube.ide.mcu.gnu.managedbuild.toolchain.exe.debug.1185590657

!ENTRY com.st.stm32cube.ide.mcu.toolchain.arm-none 4 4 2026-07-18 20:44:11.233
!MESSAGE Failed to get MCU from name "" in toolchain com.st.stm32cube.ide.mcu.gnu.managedbuild.toolchain.exe.release.50396042

!ENTRY com.st.stm32cube.ide.mcu.toolchain.arm-none 4 4 2026-07-18 20:44:11.238
!MESSAGE Failed to get MCU from name "" in toolchain com.st.stm32cube.ide.mcu.gnu.managedbuild.toolchain.exe.release.50396042

!ENTRY org.eclipse.cdt.core 1 0 2026-07-18 20:44:16.732
!MESSAGE Indexed 'pruebas' (0 sources, 0 headers) in 0,006 sec: 0 declarations; 0 references; 0 unresolved inclusions; 0 syntax errors; 0 unresolved names (0 %)

!ENTRY org.eclipse.cdt.core 1 0 2026-07-18 20:45:56.576
!MESSAGE Indexed 'prueba' (3 sources, 53 headers) in 3,87 sec: 1.954 declarations; 2.866 references; 0 unresolved inclusions; 1 syntax errors; 0 unresolved names (0 %)

!ENTRY org.eclipse.ltk.ui.refactoring 4 10000 2026-07-18 20:47:01.925
!MESSAGE Internal Error
!STACK 1
org.eclipse.core.internal.resources.ResourceException: Problems encountered while deleting resources.
	at org.eclipse.core.internal.resources.Resource.delete(Resource.java:839)
	at org.eclipse.core.internal.resources.Project.delete(Project.java:372)
	at org.eclipse.ltk.core.refactoring.resource.DeleteResourceChange.perform(DeleteResourceChange.java:151)
	at org.eclipse.ltk.core.refactoring.CompositeChange.perform(CompositeChange.java:279)
	at org.eclipse.ltk.core.refactoring.CompositeChange.perform(CompositeChange.java:279)
	at org.eclipse.ltk.core.refactoring.PerformChangeOperation.lambda$0(PerformChangeOperation.java:250)
	at org.eclipse.core.internal.resources.Workspace.run(Workspace.java:2505)
	at org.eclipse.core.internal.resources.Workspace.run(Workspace.java:2533)
	at org.eclipse.ltk.core.refactoring.PerformChangeOperation.executeChange(PerformChangeOperation.java:289)
	at org.eclipse.ltk.internal.ui.refactoring.UIPerformChangeOperation.executeChange(UIPerformChangeOperation.java:94)
	at org.eclipse.ltk.core.refactoring.PerformChangeOperation.run(PerformChangeOperation.java:211)
	at org.eclipse.core.internal.resources.Workspace.run(Workspace.java:2505)
	at org.eclipse.core.internal.resources.Workspace.run(Workspace.java:2533)
	at org.eclipse.ltk.internal.ui.refactoring.WorkbenchRunnableAdapter.run(WorkbenchRunnableAdapter.java:90)
	at org.eclipse.jface.operation.ModalContext$ModalContextThread.run(ModalContext.java:123)
Contains: Error deleting resource '/prueba' from the workspace tree.
org.eclipse.core.internal.resources.ResourceException(/prueba)[569]: java.lang.Exception: Could not delete metadata for '/prueba'.
	at org.eclipse.core.internal.resources.ResourceException.provideStackTrace(ResourceException.java:42)
	at org.eclipse.core.internal.resources.ResourceException.<init>(ResourceException.java:38)
	at org.eclipse.core.internal.resources.LocalMetaArea.delete(LocalMetaArea.java:125)
	at org.eclipse.core.internal.resources.Project.deleteResource(Project.java:387)
	at org.eclipse.core.internal.resources.ResourceTree.deletedProject(ResourceTree.java:185)
	at org.eclipse.core.internal.resources.ResourceTree.standardDeleteProject(ResourceTree.java:907)
	at org.eclipse.core.internal.resources.Resource.unprotectedDelete(Resource.java:1922)
	at org.eclipse.core.internal.resources.Resource.delete(Resource.java:826)
	at org.eclipse.core.internal.resources.Project.delete(Project.java:372)
	at org.eclipse.ltk.core.refactoring.resource.DeleteResourceChange.perform(DeleteResourceChange.java:151)
	at org.eclipse.ltk.core.refactoring.CompositeChange.perform(CompositeChange.java:279)
	at org.eclipse.ltk.core.refactoring.CompositeChange.perform(CompositeChange.java:279)
	at org.eclipse.ltk.core.refactoring.PerformChangeOperation.lambda$0(PerformChangeOperation.java:250)
	at org.eclipse.core.internal.resources.Workspace.run(Workspace.java:2505)
	at org.eclipse.core.internal.resources.Workspace.run(Workspace.java:2533)
	at org.eclipse.ltk.core.refactoring.PerformChangeOperation.executeChange(PerformChangeOperation.java:289)
	at org.eclipse.ltk.internal.ui.refactoring.UIPerformChangeOperation.executeChange(UIPerformChangeOperation.java:94)
	at org.eclipse.ltk.core.refactoring.PerformChangeOperation.run(PerformChangeOperation.java:211)
	at org.eclipse.core.internal.resources.Workspace.run(Workspace.java:2505)
	at org.eclipse.core.internal.resources.Workspace.run(Workspace.java:2533)
	at org.eclipse.ltk.internal.ui.refactoring.WorkbenchRunnableAdapter.run(WorkbenchRunnableAdapter.java:90)
	at org.eclipse.jface.operation.ModalContext$ModalContextThread.run(ModalContext.java:123)
!SUBENTRY 1 org.eclipse.core.resources 1 273 2026-07-18 20:47:01.936
!MESSAGE Problems encountered while deleting resources.
!SUBENTRY 2 org.eclipse.core.resources 1 4 2026-07-18 20:47:01.936
!MESSAGE Error deleting resource '/prueba' from the workspace tree.
!STACK 1
org.eclipse.core.internal.resources.ResourceException(/prueba)[569]: java.lang.Exception: Could not delete metadata for '/prueba'.
	at org.eclipse.core.internal.resources.ResourceException.provideStackTrace(ResourceException.java:42)
	at org.eclipse.core.internal.resources.ResourceException.<init>(ResourceException.java:38)
	at org.eclipse.core.internal.resources.LocalMetaArea.delete(LocalMetaArea.java:125)
	at org.eclipse.core.internal.resources.Project.deleteResource(Project.java:387)
	at org.eclipse.core.internal.resources.ResourceTree.deletedProject(ResourceTree.java:185)
	at org.eclipse.core.internal.resources.ResourceTree.standardDeleteProject(ResourceTree.java:907)
	at org.eclipse.core.internal.resources.Resource.unprotectedDelete(Resource.java:1922)
	at org.eclipse.core.internal.resources.Resource.delete(Resource.java:826)
	at org.eclipse.core.internal.resources.Project.delete(Project.java:372)
	at org.eclipse.ltk.core.refactoring.resource.DeleteResourceChange.perform(DeleteResourceChange.java:151)
	at org.eclipse.ltk.core.refactoring.CompositeChange.perform(CompositeChange.java:279)
	at org.eclipse.ltk.core.refactoring.CompositeChange.perform(CompositeChange.java:279)
	at org.eclipse.ltk.core.refactoring.PerformChangeOperation.lambda$0(PerformChangeOperation.java:250)
	at org.eclipse.core.internal.resources.Workspace.run(Workspace.java:2505)
	at org.eclipse.core.internal.resources.Workspace.run(Workspace.java:2533)
	at org.eclipse.ltk.core.refactoring.PerformChangeOperation.executeChange(PerformChangeOperation.java:289)
	at org.eclipse.ltk.internal.ui.refactoring.UIPerformChangeOperation.executeChange(UIPerformChangeOperation.java:94)
	at org.eclipse.ltk.core.refactoring.PerformChangeOperation.run(PerformChangeOperation.java:211)
	at org.eclipse.core.internal.resources.Workspace.run(Workspace.java:2505)
	at org.eclipse.core.internal.resources.Workspace.run(Workspace.java:2533)
	at org.eclipse.ltk.internal.ui.refactoring.WorkbenchRunnableAdapter.run(WorkbenchRunnableAdapter.java:90)
	at org.eclipse.jface.operation.ModalContext$ModalContextThread.run(ModalContext.java:123)
!SUBENTRY 3 org.eclipse.core.resources 4 569 2026-07-18 20:47:01.937
!MESSAGE Could not delete metadata for '/prueba'.
!STACK 0
java.lang.Exception: Could not delete metadata for '/prueba'.
	at org.eclipse.core.internal.resources.ResourceException.provideStackTrace(ResourceException.java:42)
	at org.eclipse.core.internal.resources.ResourceException.<init>(ResourceException.java:38)
	at org.eclipse.core.internal.resources.LocalMetaArea.delete(LocalMetaArea.java:125)
	at org.eclipse.core.internal.resources.Project.deleteResource(Project.java:387)
	at org.eclipse.core.internal.resources.ResourceTree.deletedProject(ResourceTree.java:185)
	at org.eclipse.core.internal.resources.ResourceTree.standardDeleteProject(ResourceTree.java:907)
	at org.eclipse.core.internal.resources.Resource.unprotectedDelete(Resource.java:1922)
	at org.eclipse.core.internal.resources.Resource.delete(Resource.java:826)
	at org.eclipse.core.internal.resources.Project.delete(Project.java:372)
	at org.eclipse.ltk.core.refactoring.resource.DeleteResourceChange.perform(DeleteResourceChange.java:151)
	at org.eclipse.ltk.core.refactoring.CompositeChange.perform(CompositeChange.java:279)
	at org.eclipse.ltk.core.refactoring.CompositeChange.perform(CompositeChange.java:279)
	at org.eclipse.ltk.core.refactoring.PerformChangeOperation.lambda$0(PerformChangeOperation.java:250)
	at org.eclipse.core.internal.resources.Workspace.run(Workspace.java:2505)
	at org.eclipse.core.internal.resources.Workspace.run(Workspace.java:2533)
	at org.eclipse.ltk.core.refactoring.PerformChangeOperation.executeChange(PerformChangeOperation.java:289)
	at org.eclipse.ltk.internal.ui.refactoring.UIPerformChangeOperation.executeChange(UIPerformChangeOperation.java:94)
	at org.eclipse.ltk.core.refactoring.PerformChangeOperation.run(PerformChangeOperation.java:211)
	at org.eclipse.core.internal.resources.Workspace.run(Workspace.java:2505)
	at org.eclipse.core.internal.resources.Workspace.run(Workspace.java:2533)
	at org.eclipse.ltk.internal.ui.refactoring.WorkbenchRunnableAdapter.run(WorkbenchRunnableAdapter.java:90)
	at org.eclipse.jface.operation.ModalContext$ModalContextThread.run(ModalContext.java:123)

!ENTRY org.eclipse.ltk.ui.refactoring 4 10000 2026-07-18 20:47:09.914
!MESSAGE Internal Error
!STACK 1
org.eclipse.core.internal.resources.ResourceException: Problems encountered while deleting resources.
	at org.eclipse.core.internal.resources.Resource.delete(Resource.java:839)
	at org.eclipse.core.internal.resources.Project.delete(Project.java:372)
	at org.eclipse.ltk.core.refactoring.resource.DeleteResourceChange.perform(DeleteResourceChange.java:151)
	at org.eclipse.ltk.core.refactoring.CompositeChange.perform(CompositeChange.java:279)
	at org.eclipse.ltk.core.refactoring.CompositeChange.perform(CompositeChange.java:279)
	at org.eclipse.ltk.core.refactoring.PerformChangeOperation.lambda$0(PerformChangeOperation.java:250)
	at org.eclipse.core.internal.resources.Workspace.run(Workspace.java:2505)
	at org.eclipse.core.internal.resources.Workspace.run(Workspace.java:2533)
	at org.eclipse.ltk.core.refactoring.PerformChangeOperation.executeChange(PerformChangeOperation.java:289)
	at org.eclipse.ltk.internal.ui.refactoring.UIPerformChangeOperation.executeChange(UIPerformChangeOperation.java:94)
	at org.eclipse.ltk.core.refactoring.PerformChangeOperation.run(PerformChangeOperation.java:211)
	at org.eclipse.core.internal.resources.Workspace.run(Workspace.java:2505)
	at org.eclipse.core.internal.resources.Workspace.run(Workspace.java:2533)
	at org.eclipse.ltk.internal.ui.refactoring.WorkbenchRunnableAdapter.run(WorkbenchRunnableAdapter.java:90)
	at org.eclipse.jface.operation.ModalContext$ModalContextThread.run(ModalContext.java:123)
Contains: Error deleting resource '/pruebas' from the workspace tree.
org.eclipse.core.internal.resources.ResourceException(/pruebas)[569]: java.lang.Exception: Could not delete metadata for '/pruebas'.
	at org.eclipse.core.internal.resources.ResourceException.provideStackTrace(ResourceException.java:42)
	at org.eclipse.core.internal.resources.ResourceException.<init>(ResourceException.java:38)
	at org.eclipse.core.internal.resources.LocalMetaArea.delete(LocalMetaArea.java:125)
	at org.eclipse.core.internal.resources.Project.deleteResource(Project.java:387)
	at org.eclipse.core.internal.resources.ResourceTree.deletedProject(ResourceTree.java:185)
	at org.eclipse.core.internal.resources.ResourceTree.standardDeleteProject(ResourceTree.java:907)
	at org.eclipse.core.internal.resources.Resource.unprotectedDelete(Resource.java:1922)
	at org.eclipse.core.internal.resources.Resource.delete(Resource.java:826)
	at org.eclipse.core.internal.resources.Project.delete(Project.java:372)
	at org.eclipse.ltk.core.refactoring.resource.DeleteResourceChange.perform(DeleteResourceChange.java:151)
	at org.eclipse.ltk.core.refactoring.CompositeChange.perform(CompositeChange.java:279)
	at org.eclipse.ltk.core.refactoring.CompositeChange.perform(CompositeChange.java:279)
	at org.eclipse.ltk.core.refactoring.PerformChangeOperation.lambda$0(PerformChangeOperation.java:250)
	at org.eclipse.core.internal.resources.Workspace.run(Workspace.java:2505)
	at org.eclipse.core.internal.resources.Workspace.run(Workspace.java:2533)
	at org.eclipse.ltk.core.refactoring.PerformChangeOperation.executeChange(PerformChangeOperation.java:289)
	at org.eclipse.ltk.internal.ui.refactoring.UIPerformChangeOperation.executeChange(UIPerformChangeOperation.java:94)
	at org.eclipse.ltk.core.refactoring.PerformChangeOperation.run(PerformChangeOperation.java:211)
	at org.eclipse.core.internal.resources.Workspace.run(Workspace.java:2505)
	at org.eclipse.core.internal.resources.Workspace.run(Workspace.java:2533)
	at org.eclipse.ltk.internal.ui.refactoring.WorkbenchRunnableAdapter.run(WorkbenchRunnableAdapter.java:90)
	at org.eclipse.jface.operation.ModalContext$ModalContextThread.run(ModalContext.java:123)
!SUBENTRY 1 org.eclipse.core.resources 1 273 2026-07-18 20:47:09.917
!MESSAGE Problems encountered while deleting resources.
!SUBENTRY 2 org.eclipse.core.resources 1 4 2026-07-18 20:47:09.917
!MESSAGE Error deleting resource '/pruebas' from the workspace tree.
!STACK 1
org.eclipse.core.internal.resources.ResourceException(/pruebas)[569]: java.lang.Exception: Could not delete metadata for '/pruebas'.
	at org.eclipse.core.internal.resources.ResourceException.provideStackTrace(ResourceException.java:42)
	at org.eclipse.core.internal.resources.ResourceException.<init>(ResourceException.java:38)
	at org.eclipse.core.internal.resources.LocalMetaArea.delete(LocalMetaArea.java:125)
	at org.eclipse.core.internal.resources.Project.deleteResource(Project.java:387)
	at org.eclipse.core.internal.resources.ResourceTree.deletedProject(ResourceTree.java:185)
	at org.eclipse.core.internal.resources.ResourceTree.standardDeleteProject(ResourceTree.java:907)
	at org.eclipse.core.internal.resources.Resource.unprotectedDelete(Resource.java:1922)
	at org.eclipse.core.internal.resources.Resource.delete(Resource.java:826)
	at org.eclipse.core.internal.resources.Project.delete(Project.java:372)
	at org.eclipse.ltk.core.refactoring.resource.DeleteResourceChange.perform(DeleteResourceChange.java:151)
	at org.eclipse.ltk.core.refactoring.CompositeChange.perform(CompositeChange.java:279)
	at org.eclipse.ltk.core.refactoring.CompositeChange.perform(CompositeChange.java:279)
	at org.eclipse.ltk.core.refactoring.PerformChangeOperation.lambda$0(PerformChangeOperation.java:250)
	at org.eclipse.core.internal.resources.Workspace.run(Workspace.java:2505)
	at org.eclipse.core.internal.resources.Workspace.run(Workspace.java:2533)
	at org.eclipse.ltk.core.refactoring.PerformChangeOperation.executeChange(PerformChangeOperation.java:289)
	at org.eclipse.ltk.internal.ui.refactoring.UIPerformChangeOperation.executeChange(UIPerformChangeOperation.java:94)
	at org.eclipse.ltk.core.refactoring.PerformChangeOperation.run(PerformChangeOperation.java:211)
	at org.eclipse.core.internal.resources.Workspace.run(Workspace.java:2505)
	at org.eclipse.core.internal.resources.Workspace.run(Workspace.java:2533)
	at org.eclipse.ltk.internal.ui.refactoring.WorkbenchRunnableAdapter.run(WorkbenchRunnableAdapter.java:90)
	at org.eclipse.jface.operation.ModalContext$ModalContextThread.run(ModalContext.java:123)
!SUBENTRY 3 org.eclipse.core.resources 4 569 2026-07-18 20:47:09.918
!MESSAGE Could not delete metadata for '/pruebas'.
!STACK 0
java.lang.Exception: Could not delete metadata for '/pruebas'.
	at org.eclipse.core.internal.resources.ResourceException.provideStackTrace(ResourceException.java:42)
	at org.eclipse.core.internal.resources.ResourceException.<init>(ResourceException.java:38)
	at org.eclipse.core.internal.resources.LocalMetaArea.delete(LocalMetaArea.java:125)
	at org.eclipse.core.internal.resources.Project.deleteResource(Project.java:387)
	at org.eclipse.core.internal.resources.ResourceTree.deletedProject(ResourceTree.java:185)
	at org.eclipse.core.internal.resources.ResourceTree.standardDeleteProject(ResourceTree.java:907)
	at org.eclipse.core.internal.resources.Resource.unprotectedDelete(Resource.java:1922)
	at org.eclipse.core.internal.resources.Resource.delete(Resource.java:826)
	at org.eclipse.core.internal.resources.Project.delete(Project.java:372)
	at org.eclipse.ltk.core.refactoring.resource.DeleteResourceChange.perform(DeleteResourceChange.java:151)
	at org.eclipse.ltk.core.refactoring.CompositeChange.perform(CompositeChange.java:279)
	at org.eclipse.ltk.core.refactoring.CompositeChange.perform(CompositeChange.java:279)
	at org.eclipse.ltk.core.refactoring.PerformChangeOperation.lambda$0(PerformChangeOperation.java:250)
	at org.eclipse.core.internal.resources.Workspace.run(Workspace.java:2505)
	at org.eclipse.core.internal.resources.Workspace.run(Workspace.java:2533)
	at org.eclipse.ltk.core.refactoring.PerformChangeOperation.executeChange(PerformChangeOperation.java:289)
	at org.eclipse.ltk.internal.ui.refactoring.UIPerformChangeOperation.executeChange(UIPerformChangeOperation.java:94)
	at org.eclipse.ltk.core.refactoring.PerformChangeOperation.run(PerformChangeOperation.java:211)
	at org.eclipse.core.internal.resources.Workspace.run(Workspace.java:2505)
	at org.eclipse.core.internal.resources.Workspace.run(Workspace.java:2533)
	at org.eclipse.ltk.internal.ui.refactoring.WorkbenchRunnableAdapter.run(WorkbenchRunnableAdapter.java:90)
	at org.eclipse.jface.operation.ModalContext$ModalContextThread.run(ModalContext.java:123)

!ENTRY org.eclipse.ltk.ui.refactoring 4 10000 2026-07-18 20:47:21.449
!MESSAGE Internal Error
!STACK 1
org.eclipse.core.internal.resources.ResourceException: Problems encountered while deleting resources.
	at org.eclipse.core.internal.resources.Resource.delete(Resource.java:839)
	at org.eclipse.core.internal.resources.Project.delete(Project.java:372)
	at org.eclipse.ltk.core.refactoring.resource.DeleteResourceChange.perform(DeleteResourceChange.java:151)
	at org.eclipse.ltk.core.refactoring.CompositeChange.perform(CompositeChange.java:279)
	at org.eclipse.ltk.core.refactoring.CompositeChange.perform(CompositeChange.java:279)
	at org.eclipse.ltk.core.refactoring.PerformChangeOperation.lambda$0(PerformChangeOperation.java:250)
	at org.eclipse.core.internal.resources.Workspace.run(Workspace.java:2505)
	at org.eclipse.core.internal.resources.Workspace.run(Workspace.java:2533)
	at org.eclipse.ltk.core.refactoring.PerformChangeOperation.executeChange(PerformChangeOperation.java:289)
	at org.eclipse.ltk.internal.ui.refactoring.UIPerformChangeOperation.executeChange(UIPerformChangeOperation.java:94)
	at org.eclipse.ltk.core.refactoring.PerformChangeOperation.run(PerformChangeOperation.java:211)
	at org.eclipse.core.internal.resources.Workspace.run(Workspace.java:2505)
	at org.eclipse.core.internal.resources.Workspace.run(Workspace.java:2533)
	at org.eclipse.ltk.internal.ui.refactoring.WorkbenchRunnableAdapter.run(WorkbenchRunnableAdapter.java:90)
	at org.eclipse.jface.operation.ModalContext$ModalContextThread.run(ModalContext.java:123)
Contains: Error deleting resource '/pruebasMechi' from the workspace tree.
org.eclipse.core.internal.resources.ResourceException(/pruebasMechi)[569]: java.lang.Exception: Could not delete metadata for '/pruebasMechi'.
	at org.eclipse.core.internal.resources.ResourceException.provideStackTrace(ResourceException.java:42)
	at org.eclipse.core.internal.resources.ResourceException.<init>(ResourceException.java:38)
	at org.eclipse.core.internal.resources.LocalMetaArea.delete(LocalMetaArea.java:125)
	at org.eclipse.core.internal.resources.Project.deleteResource(Project.java:387)
	at org.eclipse.core.internal.resources.ResourceTree.deletedProject(ResourceTree.java:185)
	at org.eclipse.core.internal.resources.ResourceTree.standardDeleteProject(ResourceTree.java:907)
	at org.eclipse.core.internal.resources.Resource.unprotectedDelete(Resource.java:1922)
	at org.eclipse.core.internal.resources.Resource.delete(Resource.java:826)
	at org.eclipse.core.internal.resources.Project.delete(Project.java:372)
	at org.eclipse.ltk.core.refactoring.resource.DeleteResourceChange.perform(DeleteResourceChange.java:151)
	at org.eclipse.ltk.core.refactoring.CompositeChange.perform(CompositeChange.java:279)
	at org.eclipse.ltk.core.refactoring.CompositeChange.perform(CompositeChange.java:279)
	at org.eclipse.ltk.core.refactoring.PerformChangeOperation.lambda$0(PerformChangeOperation.java:250)
	at org.eclipse.core.internal.resources.Workspace.run(Workspace.java:2505)
	at org.eclipse.core.internal.resources.Workspace.run(Workspace.java:2533)
	at org.eclipse.ltk.core.refactoring.PerformChangeOperation.executeChange(PerformChangeOperation.java:289)
	at org.eclipse.ltk.internal.ui.refactoring.UIPerformChangeOperation.executeChange(UIPerformChangeOperation.java:94)
	at org.eclipse.ltk.core.refactoring.PerformChangeOperation.run(PerformChangeOperation.java:211)
	at org.eclipse.core.internal.resources.Workspace.run(Workspace.java:2505)
	at org.eclipse.core.internal.resources.Workspace.run(Workspace.java:2533)
	at org.eclipse.ltk.internal.ui.refactoring.WorkbenchRunnableAdapter.run(WorkbenchRunnableAdapter.java:90)
	at org.eclipse.jface.operation.ModalContext$ModalContextThread.run(ModalContext.java:123)
!SUBENTRY 1 org.eclipse.core.resources 1 273 2026-07-18 20:47:21.450
!MESSAGE Problems encountered while deleting resources.
!SUBENTRY 2 org.eclipse.core.resources 1 4 2026-07-18 20:47:21.450
!MESSAGE Error deleting resource '/pruebasMechi' from the workspace tree.
!STACK 1
org.eclipse.core.internal.resources.ResourceException(/pruebasMechi)[569]: java.lang.Exception: Could not delete metadata for '/pruebasMechi'.
	at org.eclipse.core.internal.resources.ResourceException.provideStackTrace(ResourceException.java:42)
	at org.eclipse.core.internal.resources.ResourceException.<init>(ResourceException.java:38)
	at org.eclipse.core.internal.resources.LocalMetaArea.delete(LocalMetaArea.java:125)
	at org.eclipse.core.internal.resources.Project.deleteResource(Project.java:387)
	at org.eclipse.core.internal.resources.ResourceTree.deletedProject(ResourceTree.java:185)
	at org.eclipse.core.internal.resources.ResourceTree.standardDeleteProject(ResourceTree.java:907)
	at org.eclipse.core.internal.resources.Resource.unprotectedDelete(Resource.java:1922)
	at org.eclipse.core.internal.resources.Resource.delete(Resource.java:826)
	at org.eclipse.core.internal.resources.Project.delete(Project.java:372)
	at org.eclipse.ltk.core.refactoring.resource.DeleteResourceChange.perform(DeleteResourceChange.java:151)
	at org.eclipse.ltk.core.refactoring.CompositeChange.perform(CompositeChange.java:279)
	at org.eclipse.ltk.core.refactoring.CompositeChange.perform(CompositeChange.java:279)
	at org.eclipse.ltk.core.refactoring.PerformChangeOperation.lambda$0(PerformChangeOperation.java:250)
	at org.eclipse.core.internal.resources.Workspace.run(Workspace.java:2505)
	at org.eclipse.core.internal.resources.Workspace.run(Workspace.java:2533)
	at org.eclipse.ltk.core.refactoring.PerformChangeOperation.executeChange(PerformChangeOperation.java:289)
	at org.eclipse.ltk.internal.ui.refactoring.UIPerformChangeOperation.executeChange(UIPerformChangeOperation.java:94)
	at org.eclipse.ltk.core.refactoring.PerformChangeOperation.run(PerformChangeOperation.java:211)
	at org.eclipse.core.internal.resources.Workspace.run(Workspace.java:2505)
	at org.eclipse.core.internal.resources.Workspace.run(Workspace.java:2533)
	at org.eclipse.ltk.internal.ui.refactoring.WorkbenchRunnableAdapter.run(WorkbenchRunnableAdapter.java:90)
	at org.eclipse.jface.operation.ModalContext$ModalContextThread.run(ModalContext.java:123)
!SUBENTRY 3 org.eclipse.core.resources 4 569 2026-07-18 20:47:21.450
!MESSAGE Could not delete metadata for '/pruebasMechi'.
!STACK 0
java.lang.Exception: Could not delete metadata for '/pruebasMechi'.
	at org.eclipse.core.internal.resources.ResourceException.provideStackTrace(ResourceException.java:42)
	at org.eclipse.core.internal.resources.ResourceException.<init>(ResourceException.java:38)
	at org.eclipse.core.internal.resources.LocalMetaArea.delete(LocalMetaArea.java:125)
	at org.eclipse.core.internal.resources.Project.deleteResource(Project.java:387)
	at org.eclipse.core.internal.resources.ResourceTree.deletedProject(ResourceTree.java:185)
	at org.eclipse.core.internal.resources.ResourceTree.standardDeleteProject(ResourceTree.java:907)
	at org.eclipse.core.internal.resources.Resource.unprotectedDelete(Resource.java:1922)
	at org.eclipse.core.internal.resources.Resource.delete(Resource.java:826)
	at org.eclipse.core.internal.resources.Project.delete(Project.java:372)
	at org.eclipse.ltk.core.refactoring.resource.DeleteResourceChange.perform(DeleteResourceChange.java:151)
	at org.eclipse.ltk.core.refactoring.CompositeChange.perform(CompositeChange.java:279)
	at org.eclipse.ltk.core.refactoring.CompositeChange.perform(CompositeChange.java:279)
	at org.eclipse.ltk.core.refactoring.PerformChangeOperation.lambda$0(PerformChangeOperation.java:250)
	at org.eclipse.core.internal.resources.Workspace.run(Workspace.java:2505)
	at org.eclipse.core.internal.resources.Workspace.run(Workspace.java:2533)
	at org.eclipse.ltk.core.refactoring.PerformChangeOperation.executeChange(PerformChangeOperation.java:289)
	at org.eclipse.ltk.internal.ui.refactoring.UIPerformChangeOperation.executeChange(UIPerformChangeOperation.java:94)
	at org.eclipse.ltk.core.refactoring.PerformChangeOperation.run(PerformChangeOperation.java:211)
	at org.eclipse.core.internal.resources.Workspace.run(Workspace.java:2505)
	at org.eclipse.core.internal.resources.Workspace.run(Workspace.java:2533)
	at org.eclipse.ltk.internal.ui.refactoring.WorkbenchRunnableAdapter.run(WorkbenchRunnableAdapter.java:90)
	at org.eclipse.jface.operation.ModalContext$ModalContextThread.run(ModalContext.java:123)

!ENTRY org.eclipse.help.base 2 0 2026-07-18 20:49:09.496
!MESSAGE Unable to consume Lucene index from bundle 'org.eclipse.cdt.doc.user_12.3.0.202511260239 [596]'. The index should be rebuilt with Lucene 10.3.2

!ENTRY org.eclipse.cdt.core 1 0 2026-07-18 20:52:59.688
!MESSAGE Indexed 'tdse-tp2_00-model_integration' (26 sources, 100 headers) in 6,51 sec: 7.512 declarations; 31.522 references; 2 unresolved inclusions; 35 syntax errors; 186 unresolved names (0,47 %)

!ENTRY com.st.stm32cube.ide.mpu.remote.serial 1 1 2026-07-18 21:18:58.657
!MESSAGE Executed PowerShell command powershell.exe -Command "Get-CimInstance -ClassName Win32_SerialPort | Select-Object -ExpandProperty DeviceID":
COM4
COM5
COM6
COM8
COM17
COM3
COM9
COM10
COM11
COM12
COM13
COM16


!ENTRY com.st.stm32cube.ide.mpu.remote.serial 1 1 2026-07-18 21:18:58.672
!MESSAGE port: COM4

!ENTRY com.st.stm32cube.ide.mpu.remote.serial 1 1 2026-07-18 21:18:58.674
!MESSAGE port: COM5

!ENTRY com.st.stm32cube.ide.mpu.remote.serial 1 1 2026-07-18 21:18:58.676
!MESSAGE port: COM6

!ENTRY com.st.stm32cube.ide.mpu.remote.serial 1 1 2026-07-18 21:18:58.678
!MESSAGE port: COM8

!ENTRY com.st.stm32cube.ide.mpu.remote.serial 1 1 2026-07-18 21:18:58.680
!MESSAGE port: COM17

!ENTRY com.st.stm32cube.ide.mpu.remote.serial 1 1 2026-07-18 21:18:58.681
!MESSAGE port: COM3

!ENTRY com.st.stm32cube.ide.mpu.remote.serial 1 1 2026-07-18 21:18:58.682
!MESSAGE port: COM9

!ENTRY com.st.stm32cube.ide.mpu.remote.serial 1 1 2026-07-18 21:18:58.685
!MESSAGE port: COM10

!ENTRY com.st.stm32cube.ide.mpu.remote.serial 1 1 2026-07-18 21:18:58.686
!MESSAGE port: COM11

!ENTRY com.st.stm32cube.ide.mpu.remote.serial 1 1 2026-07-18 21:18:58.687
!MESSAGE port: COM12

!ENTRY com.st.stm32cube.ide.mpu.remote.serial 1 1 2026-07-18 21:18:58.690
!MESSAGE port: COM13

!ENTRY com.st.stm32cube.ide.mpu.remote.serial 1 1 2026-07-18 21:18:58.691
!MESSAGE port: COM16

!ENTRY com.st.stm32cube.ide.mpu.remote.serial 1 1 2026-07-18 21:19:33.524
!MESSAGE Executed PowerShell command powershell.exe -Command "Get-CimInstance -ClassName Win32_SerialPort | Select-Object -ExpandProperty DeviceID":
COM4
COM5
COM6
COM8
COM17
COM3
COM9
COM10
COM11
COM12
COM13
COM16


!ENTRY com.st.stm32cube.ide.mpu.remote.serial 1 1 2026-07-18 21:19:33.526
!MESSAGE port: COM4

!ENTRY com.st.stm32cube.ide.mpu.remote.serial 1 1 2026-07-18 21:19:33.527
!MESSAGE port: COM5

!ENTRY com.st.stm32cube.ide.mpu.remote.serial 1 1 2026-07-18 21:19:33.529
!MESSAGE port: COM6

!ENTRY com.st.stm32cube.ide.mpu.remote.serial 1 1 2026-07-18 21:19:33.531
!MESSAGE port: COM8

!ENTRY com.st.stm32cube.ide.mpu.remote.serial 1 1 2026-07-18 21:19:33.534
!MESSAGE port: COM17

!ENTRY com.st.stm32cube.ide.mpu.remote.serial 1 1 2026-07-18 21:19:33.538
!MESSAGE port: COM3

!ENTRY com.st.stm32cube.ide.mpu.remote.serial 1 1 2026-07-18 21:19:33.543
!MESSAGE port: COM9

!ENTRY com.st.stm32cube.ide.mpu.remote.serial 1 1 2026-07-18 21:19:33.545
!MESSAGE port: COM10

!ENTRY com.st.stm32cube.ide.mpu.remote.serial 1 1 2026-07-18 21:19:33.547
!MESSAGE port: COM11

!ENTRY com.st.stm32cube.ide.mpu.remote.serial 1 1 2026-07-18 21:19:33.549
!MESSAGE port: COM12

!ENTRY com.st.stm32cube.ide.mpu.remote.serial 1 1 2026-07-18 21:19:33.552
!MESSAGE port: COM13

!ENTRY com.st.stm32cube.ide.mpu.remote.serial 1 1 2026-07-18 21:19:33.553
!MESSAGE port: COM16

!ENTRY com.st.stm32cube.ide.mpu.remote.serial 1 1 2026-07-18 21:20:07.137
!MESSAGE Executed PowerShell command powershell.exe -Command "Get-CimInstance -ClassName Win32_SerialPort | Select-Object -ExpandProperty DeviceID":
COM4
COM5
COM6
COM8
COM17
COM3
COM9
COM10
COM11
COM12
COM13
COM16


!ENTRY com.st.stm32cube.ide.mpu.remote.serial 1 1 2026-07-18 21:20:07.138
!MESSAGE port: COM4

!ENTRY com.st.stm32cube.ide.mpu.remote.serial 1 1 2026-07-18 21:20:07.139
!MESSAGE port: COM5

!ENTRY com.st.stm32cube.ide.mpu.remote.serial 1 1 2026-07-18 21:20:07.140
!MESSAGE port: COM6

!ENTRY com.st.stm32cube.ide.mpu.remote.serial 1 1 2026-07-18 21:20:07.141
!MESSAGE port: COM8

!ENTRY com.st.stm32cube.ide.mpu.remote.serial 1 1 2026-07-18 21:20:07.142
!MESSAGE port: COM17

!ENTRY com.st.stm32cube.ide.mpu.remote.serial 1 1 2026-07-18 21:20:07.144
!MESSAGE port: COM3

!ENTRY com.st.stm32cube.ide.mpu.remote.serial 1 1 2026-07-18 21:20:07.145
!MESSAGE port: COM9

!ENTRY com.st.stm32cube.ide.mpu.remote.serial 1 1 2026-07-18 21:20:07.146
!MESSAGE port: COM10

!ENTRY com.st.stm32cube.ide.mpu.remote.serial 1 1 2026-07-18 21:20:07.146
!MESSAGE port: COM11

!ENTRY com.st.stm32cube.ide.mpu.remote.serial 1 1 2026-07-18 21:20:07.147
!MESSAGE port: COM12

!ENTRY com.st.stm32cube.ide.mpu.remote.serial 1 1 2026-07-18 21:20:07.148
!MESSAGE port: COM13

!ENTRY com.st.stm32cube.ide.mpu.remote.serial 1 1 2026-07-18 21:20:07.149
!MESSAGE port: COM16

!ENTRY com.st.stm32cube.ide.mpu.remote.serial 1 1 2026-07-18 22:12:18.868
!MESSAGE Executed PowerShell command powershell.exe -Command "Get-CimInstance -ClassName Win32_SerialPort | Select-Object -ExpandProperty DeviceID":
COM4
COM5
COM6
COM8
COM17
COM3
COM9
COM10
COM11
COM12
COM13
COM16
COM7


!ENTRY com.st.stm32cube.ide.mpu.remote.serial 1 1 2026-07-18 22:12:18.877
!MESSAGE port: COM4

!ENTRY com.st.stm32cube.ide.mpu.remote.serial 1 1 2026-07-18 22:12:18.877
!MESSAGE port: COM5

!ENTRY com.st.stm32cube.ide.mpu.remote.serial 1 1 2026-07-18 22:12:18.878
!MESSAGE port: COM6

!ENTRY com.st.stm32cube.ide.mpu.remote.serial 1 1 2026-07-18 22:12:18.879
!MESSAGE port: COM8

!ENTRY com.st.stm32cube.ide.mpu.remote.serial 1 1 2026-07-18 22:12:18.880
!MESSAGE port: COM17

!ENTRY com.st.stm32cube.ide.mpu.remote.serial 1 1 2026-07-18 22:12:18.880
!MESSAGE port: COM3

!ENTRY com.st.stm32cube.ide.mpu.remote.serial 1 1 2026-07-18 22:12:18.881
!MESSAGE port: COM9

!ENTRY com.st.stm32cube.ide.mpu.remote.serial 1 1 2026-07-18 22:12:18.882
!MESSAGE port: COM10

!ENTRY com.st.stm32cube.ide.mpu.remote.serial 1 1 2026-07-18 22:12:18.883
!MESSAGE port: COM11

!ENTRY com.st.stm32cube.ide.mpu.remote.serial 1 1 2026-07-18 22:12:18.883
!MESSAGE port: COM12

!ENTRY com.st.stm32cube.ide.mpu.remote.serial 1 1 2026-07-18 22:12:18.884
!MESSAGE port: COM13

!ENTRY com.st.stm32cube.ide.mpu.remote.serial 1 1 2026-07-18 22:12:18.885
!MESSAGE port: COM16

!ENTRY com.st.stm32cube.ide.mpu.remote.serial 1 1 2026-07-18 22:12:18.885
!MESSAGE port: COM7

!ENTRY com.st.stm32cube.ide.mpu.remote.serial 1 1 2026-07-18 22:13:17.985
!MESSAGE Executed PowerShell command powershell.exe -Command "Get-CimInstance -ClassName Win32_SerialPort | Select-Object -ExpandProperty DeviceID":
COM4
COM5
COM6
COM8
COM17
COM3
COM9
COM10
COM11
COM12
COM13
COM16


!ENTRY com.st.stm32cube.ide.mpu.remote.serial 1 1 2026-07-18 22:13:17.993
!MESSAGE port: COM4

!ENTRY com.st.stm32cube.ide.mpu.remote.serial 1 1 2026-07-18 22:13:17.994
!MESSAGE port: COM5

!ENTRY com.st.stm32cube.ide.mpu.remote.serial 1 1 2026-07-18 22:13:17.995
!MESSAGE port: COM6

!ENTRY com.st.stm32cube.ide.mpu.remote.serial 1 1 2026-07-18 22:13:17.996
!MESSAGE port: COM8

!ENTRY com.st.stm32cube.ide.mpu.remote.serial 1 1 2026-07-18 22:13:17.997
!MESSAGE port: COM17

!ENTRY com.st.stm32cube.ide.mpu.remote.serial 1 1 2026-07-18 22:13:17.998
!MESSAGE port: COM3

!ENTRY com.st.stm32cube.ide.mpu.remote.serial 1 1 2026-07-18 22:13:17.999
!MESSAGE port: COM9

!ENTRY com.st.stm32cube.ide.mpu.remote.serial 1 1 2026-07-18 22:13:18.000
!MESSAGE port: COM10

!ENTRY com.st.stm32cube.ide.mpu.remote.serial 1 1 2026-07-18 22:13:18.001
!MESSAGE port: COM11

!ENTRY com.st.stm32cube.ide.mpu.remote.serial 1 1 2026-07-18 22:13:18.001
!MESSAGE port: COM12

!ENTRY com.st.stm32cube.ide.mpu.remote.serial 1 1 2026-07-18 22:13:18.002
!MESSAGE port: COM13

!ENTRY com.st.stm32cube.ide.mpu.remote.serial 1 1 2026-07-18 22:13:18.004
!MESSAGE port: COM16

!ENTRY com.st.stm32cube.ide.mpu.remote.serial 1 1 2026-07-18 22:14:04.348
!MESSAGE Executed PowerShell command powershell.exe -Command "Get-CimInstance -ClassName Win32_SerialPort | Select-Object -ExpandProperty DeviceID":
COM4
COM5
COM6
COM8
COM17
COM3
COM9
COM10
COM11
COM12
COM13
COM16


!ENTRY com.st.stm32cube.ide.mpu.remote.serial 1 1 2026-07-18 22:14:04.350
!MESSAGE port: COM4

!ENTRY com.st.stm32cube.ide.mpu.remote.serial 1 1 2026-07-18 22:14:04.352
!MESSAGE port: COM5

!ENTRY com.st.stm32cube.ide.mpu.remote.serial 1 1 2026-07-18 22:14:04.353
!MESSAGE port: COM6

!ENTRY com.st.stm32cube.ide.mpu.remote.serial 1 1 2026-07-18 22:14:04.356
!MESSAGE port: COM8

!ENTRY com.st.stm32cube.ide.mpu.remote.serial 1 1 2026-07-18 22:14:04.358
!MESSAGE port: COM17

!ENTRY com.st.stm32cube.ide.mpu.remote.serial 1 1 2026-07-18 22:14:04.360
!MESSAGE port: COM3

!ENTRY com.st.stm32cube.ide.mpu.remote.serial 1 1 2026-07-18 22:14:04.361
!MESSAGE port: COM9

!ENTRY com.st.stm32cube.ide.mpu.remote.serial 1 1 2026-07-18 22:14:04.363
!MESSAGE port: COM10

!ENTRY com.st.stm32cube.ide.mpu.remote.serial 1 1 2026-07-18 22:14:04.364
!MESSAGE port: COM11

!ENTRY com.st.stm32cube.ide.mpu.remote.serial 1 1 2026-07-18 22:14:04.366
!MESSAGE port: COM12

!ENTRY com.st.stm32cube.ide.mpu.remote.serial 1 1 2026-07-18 22:14:04.369
!MESSAGE port: COM13

!ENTRY com.st.stm32cube.ide.mpu.remote.serial 1 1 2026-07-18 22:14:04.370
!MESSAGE port: COM16

!ENTRY com.st.stm32cube.ide.mpu.remote.serial 1 1 2026-07-18 22:14:35.729
!MESSAGE Executed PowerShell command powershell.exe -Command "Get-CimInstance -ClassName Win32_SerialPort | Select-Object -ExpandProperty DeviceID":
COM4
COM5
COM6
COM8
COM17
COM3
COM9
COM10
COM11
COM12
COM13
COM16


!ENTRY com.st.stm32cube.ide.mpu.remote.serial 1 1 2026-07-18 22:14:35.731
!MESSAGE port: COM4

!ENTRY com.st.stm32cube.ide.mpu.remote.serial 1 1 2026-07-18 22:14:35.734
!MESSAGE port: COM5

!ENTRY com.st.stm32cube.ide.mpu.remote.serial 1 1 2026-07-18 22:14:35.735
!MESSAGE port: COM6

!ENTRY com.st.stm32cube.ide.mpu.remote.serial 1 1 2026-07-18 22:14:35.737
!MESSAGE port: COM8

!ENTRY com.st.stm32cube.ide.mpu.remote.serial 1 1 2026-07-18 22:14:35.740
!MESSAGE port: COM17

!ENTRY com.st.stm32cube.ide.mpu.remote.serial 1 1 2026-07-18 22:14:35.742
!MESSAGE port: COM3

!ENTRY com.st.stm32cube.ide.mpu.remote.serial 1 1 2026-07-18 22:14:35.744
!MESSAGE port: COM9

!ENTRY com.st.stm32cube.ide.mpu.remote.serial 1 1 2026-07-18 22:14:35.745
!MESSAGE port: COM10

!ENTRY com.st.stm32cube.ide.mpu.remote.serial 1 1 2026-07-18 22:14:35.747
!MESSAGE port: COM11

!ENTRY com.st.stm32cube.ide.mpu.remote.serial 1 1 2026-07-18 22:14:35.748
!MESSAGE port: COM12

!ENTRY com.st.stm32cube.ide.mpu.remote.serial 1 1 2026-07-18 22:14:35.751
!MESSAGE port: COM13

!ENTRY com.st.stm32cube.ide.mpu.remote.serial 1 1 2026-07-18 22:14:35.753
!MESSAGE port: COM16

!ENTRY com.st.stm32cube.ide.mpu.remote.serial 1 1 2026-07-18 22:18:20.020
!MESSAGE Executed PowerShell command powershell.exe -Command "Get-CimInstance -ClassName Win32_SerialPort | Select-Object -ExpandProperty DeviceID":
COM4
COM5
COM6
COM8
COM17
COM3
COM9
COM10
COM11
COM12
COM13
COM16


!ENTRY com.st.stm32cube.ide.mpu.remote.serial 1 1 2026-07-18 22:18:20.021
!MESSAGE port: COM4

!ENTRY com.st.stm32cube.ide.mpu.remote.serial 1 1 2026-07-18 22:18:20.021
!MESSAGE port: COM5

!ENTRY com.st.stm32cube.ide.mpu.remote.serial 1 1 2026-07-18 22:18:20.022
!MESSAGE port: COM6

!ENTRY com.st.stm32cube.ide.mpu.remote.serial 1 1 2026-07-18 22:18:20.023
!MESSAGE port: COM8

!ENTRY com.st.stm32cube.ide.mpu.remote.serial 1 1 2026-07-18 22:18:20.023
!MESSAGE port: COM17

!ENTRY com.st.stm32cube.ide.mpu.remote.serial 1 1 2026-07-18 22:18:20.025
!MESSAGE port: COM3

!ENTRY com.st.stm32cube.ide.mpu.remote.serial 1 1 2026-07-18 22:18:20.026
!MESSAGE port: COM9

!ENTRY com.st.stm32cube.ide.mpu.remote.serial 1 1 2026-07-18 22:18:20.026
!MESSAGE port: COM10

!ENTRY com.st.stm32cube.ide.mpu.remote.serial 1 1 2026-07-18 22:18:20.026
!MESSAGE port: COM11

!ENTRY com.st.stm32cube.ide.mpu.remote.serial 1 1 2026-07-18 22:18:20.028
!MESSAGE port: COM12

!ENTRY com.st.stm32cube.ide.mpu.remote.serial 1 1 2026-07-18 22:18:20.029
!MESSAGE port: COM13

!ENTRY com.st.stm32cube.ide.mpu.remote.serial 1 1 2026-07-18 22:18:20.030
!MESSAGE port: COM16

!ENTRY com.st.stm32cube.ide.mpu.remote.serial 1 1 2026-07-18 22:18:51.366
!MESSAGE Executed PowerShell command powershell.exe -Command "Get-CimInstance -ClassName Win32_SerialPort | Select-Object -ExpandProperty DeviceID":
COM4
COM5
COM6
COM8
COM17
COM3
COM9
COM10
COM11
COM12
COM13
COM16


!ENTRY com.st.stm32cube.ide.mpu.remote.serial 1 1 2026-07-18 22:18:51.368
!MESSAGE port: COM4

!ENTRY com.st.stm32cube.ide.mpu.remote.serial 1 1 2026-07-18 22:18:51.369
!MESSAGE port: COM5

!ENTRY com.st.stm32cube.ide.mpu.remote.serial 1 1 2026-07-18 22:18:51.369
!MESSAGE port: COM6

!ENTRY com.st.stm32cube.ide.mpu.remote.serial 1 1 2026-07-18 22:18:51.370
!MESSAGE port: COM8

!ENTRY com.st.stm32cube.ide.mpu.remote.serial 1 1 2026-07-18 22:18:51.371
!MESSAGE port: COM17

!ENTRY com.st.stm32cube.ide.mpu.remote.serial 1 1 2026-07-18 22:18:51.372
!MESSAGE port: COM3

!ENTRY com.st.stm32cube.ide.mpu.remote.serial 1 1 2026-07-18 22:18:51.372
!MESSAGE port: COM9

!ENTRY com.st.stm32cube.ide.mpu.remote.serial 1 1 2026-07-18 22:18:51.374
!MESSAGE port: COM10

!ENTRY com.st.stm32cube.ide.mpu.remote.serial 1 1 2026-07-18 22:18:51.374
!MESSAGE port: COM11

!ENTRY com.st.stm32cube.ide.mpu.remote.serial 1 1 2026-07-18 22:18:51.375
!MESSAGE port: COM12

!ENTRY com.st.stm32cube.ide.mpu.remote.serial 1 1 2026-07-18 22:18:51.376
!MESSAGE port: COM13

!ENTRY com.st.stm32cube.ide.mpu.remote.serial 1 1 2026-07-18 22:18:51.376
!MESSAGE port: COM16

!ENTRY com.st.stm32cube.ide.mpu.remote.serial 1 1 2026-07-18 22:33:41.265
!MESSAGE Executed PowerShell command powershell.exe -Command "Get-CimInstance -ClassName Win32_SerialPort | Select-Object -ExpandProperty DeviceID":
COM4
COM5
COM6
COM8
COM17
COM3
COM9
COM10
COM11
COM12
COM13
COM16
COM7


!ENTRY com.st.stm32cube.ide.mpu.remote.serial 1 1 2026-07-18 22:33:41.268
!MESSAGE port: COM4

!ENTRY com.st.stm32cube.ide.mpu.remote.serial 1 1 2026-07-18 22:33:41.268
!MESSAGE port: COM5

!ENTRY com.st.stm32cube.ide.mpu.remote.serial 1 1 2026-07-18 22:33:41.270
!MESSAGE port: COM6

!ENTRY com.st.stm32cube.ide.mpu.remote.serial 1 1 2026-07-18 22:33:41.270
!MESSAGE port: COM8

!ENTRY com.st.stm32cube.ide.mpu.remote.serial 1 1 2026-07-18 22:33:41.271
!MESSAGE port: COM17

!ENTRY com.st.stm32cube.ide.mpu.remote.serial 1 1 2026-07-18 22:33:41.272
!MESSAGE port: COM3

!ENTRY com.st.stm32cube.ide.mpu.remote.serial 1 1 2026-07-18 22:33:41.272
!MESSAGE port: COM9

!ENTRY com.st.stm32cube.ide.mpu.remote.serial 1 1 2026-07-18 22:33:41.274
!MESSAGE port: COM10

!ENTRY com.st.stm32cube.ide.mpu.remote.serial 1 1 2026-07-18 22:33:41.275
!MESSAGE port: COM11

!ENTRY com.st.stm32cube.ide.mpu.remote.serial 1 1 2026-07-18 22:33:41.275
!MESSAGE port: COM12

!ENTRY com.st.stm32cube.ide.mpu.remote.serial 1 1 2026-07-18 22:33:41.276
!MESSAGE port: COM13

!ENTRY com.st.stm32cube.ide.mpu.remote.serial 1 1 2026-07-18 22:33:41.276
!MESSAGE port: COM16

!ENTRY com.st.stm32cube.ide.mpu.remote.serial 1 1 2026-07-18 22:33:41.278
!MESSAGE port: COM7

!ENTRY com.st.stm32cube.ide.mpu.remote.serial 1 1 2026-07-18 22:35:15.877
!MESSAGE Executed PowerShell command powershell.exe -Command "Get-CimInstance -ClassName Win32_SerialPort | Select-Object -ExpandProperty DeviceID":
COM4
COM5
COM6
COM8
COM17
COM3
COM9
COM10
COM11
COM12
COM13
COM16


!ENTRY com.st.stm32cube.ide.mpu.remote.serial 1 1 2026-07-18 22:35:15.878
!MESSAGE port: COM4

!ENTRY com.st.stm32cube.ide.mpu.remote.serial 1 1 2026-07-18 22:35:15.879
!MESSAGE port: COM5

!ENTRY com.st.stm32cube.ide.mpu.remote.serial 1 1 2026-07-18 22:35:15.879
!MESSAGE port: COM6

!ENTRY com.st.stm32cube.ide.mpu.remote.serial 1 1 2026-07-18 22:35:15.880
!MESSAGE port: COM8

!ENTRY com.st.stm32cube.ide.mpu.remote.serial 1 1 2026-07-18 22:35:15.882
!MESSAGE port: COM17

!ENTRY com.st.stm32cube.ide.mpu.remote.serial 1 1 2026-07-18 22:35:15.883
!MESSAGE port: COM3

!ENTRY com.st.stm32cube.ide.mpu.remote.serial 1 1 2026-07-18 22:35:15.884
!MESSAGE port: COM9

!ENTRY com.st.stm32cube.ide.mpu.remote.serial 1 1 2026-07-18 22:35:15.885
!MESSAGE port: COM10

!ENTRY com.st.stm32cube.ide.mpu.remote.serial 1 1 2026-07-18 22:35:15.885
!MESSAGE port: COM11

!ENTRY com.st.stm32cube.ide.mpu.remote.serial 1 1 2026-07-18 22:35:15.886
!MESSAGE port: COM12

!ENTRY com.st.stm32cube.ide.mpu.remote.serial 1 1 2026-07-18 22:35:15.888
!MESSAGE port: COM13

!ENTRY com.st.stm32cube.ide.mpu.remote.serial 1 1 2026-07-18 22:35:15.888
!MESSAGE port: COM16

!ENTRY com.st.stm32cube.ide.mpu.remote.serial 1 1 2026-07-18 22:38:54.303
!MESSAGE Executed PowerShell command powershell.exe -Command "Get-CimInstance -ClassName Win32_SerialPort | Select-Object -ExpandProperty DeviceID":
COM4
COM5
COM6
COM8
COM17
COM3
COM9
COM10
COM11
COM12
COM13
COM16


!ENTRY com.st.stm32cube.ide.mpu.remote.serial 1 1 2026-07-18 22:38:54.304
!MESSAGE port: COM4

!ENTRY com.st.stm32cube.ide.mpu.remote.serial 1 1 2026-07-18 22:38:54.305
!MESSAGE port: COM5

!ENTRY com.st.stm32cube.ide.mpu.remote.serial 1 1 2026-07-18 22:38:54.306
!MESSAGE port: COM6

!ENTRY com.st.stm32cube.ide.mpu.remote.serial 1 1 2026-07-18 22:38:54.307
!MESSAGE port: COM8

!ENTRY com.st.stm32cube.ide.mpu.remote.serial 1 1 2026-07-18 22:38:54.308
!MESSAGE port: COM17

!ENTRY com.st.stm32cube.ide.mpu.remote.serial 1 1 2026-07-18 22:38:54.310
!MESSAGE port: COM3

!ENTRY com.st.stm32cube.ide.mpu.remote.serial 1 1 2026-07-18 22:38:54.311
!MESSAGE port: COM9

!ENTRY com.st.stm32cube.ide.mpu.remote.serial 1 1 2026-07-18 22:38:54.312
!MESSAGE port: COM10

!ENTRY com.st.stm32cube.ide.mpu.remote.serial 1 1 2026-07-18 22:38:54.314
!MESSAGE port: COM11

!ENTRY com.st.stm32cube.ide.mpu.remote.serial 1 1 2026-07-18 22:38:54.315
!MESSAGE port: COM12

!ENTRY com.st.stm32cube.ide.mpu.remote.serial 1 1 2026-07-18 22:38:54.316
!MESSAGE port: COM13

!ENTRY com.st.stm32cube.ide.mpu.remote.serial 1 1 2026-07-18 22:38:54.317
!MESSAGE port: COM16

!ENTRY com.st.stm32cube.ide.mpu.remote.serial 1 1 2026-07-18 22:39:25.855
!MESSAGE Executed PowerShell command powershell.exe -Command "Get-CimInstance -ClassName Win32_SerialPort | Select-Object -ExpandProperty DeviceID":
COM4
COM5
COM6
COM8
COM17
COM3
COM9
COM10
COM11
COM12
COM13
COM16


!ENTRY com.st.stm32cube.ide.mpu.remote.serial 1 1 2026-07-18 22:39:25.856
!MESSAGE port: COM4

!ENTRY com.st.stm32cube.ide.mpu.remote.serial 1 1 2026-07-18 22:39:25.857
!MESSAGE port: COM5

!ENTRY com.st.stm32cube.ide.mpu.remote.serial 1 1 2026-07-18 22:39:25.857
!MESSAGE port: COM6

!ENTRY com.st.stm32cube.ide.mpu.remote.serial 1 1 2026-07-18 22:39:25.858
!MESSAGE port: COM8

!ENTRY com.st.stm32cube.ide.mpu.remote.serial 1 1 2026-07-18 22:39:25.859
!MESSAGE port: COM17

!ENTRY com.st.stm32cube.ide.mpu.remote.serial 1 1 2026-07-18 22:39:25.859
!MESSAGE port: COM3

!ENTRY com.st.stm32cube.ide.mpu.remote.serial 1 1 2026-07-18 22:39:25.859
!MESSAGE port: COM9

!ENTRY com.st.stm32cube.ide.mpu.remote.serial 1 1 2026-07-18 22:39:25.861
!MESSAGE port: COM10

!ENTRY com.st.stm32cube.ide.mpu.remote.serial 1 1 2026-07-18 22:39:25.862
!MESSAGE port: COM11

!ENTRY com.st.stm32cube.ide.mpu.remote.serial 1 1 2026-07-18 22:39:25.862
!MESSAGE port: COM12

!ENTRY com.st.stm32cube.ide.mpu.remote.serial 1 1 2026-07-18 22:39:25.863
!MESSAGE port: COM13

!ENTRY com.st.stm32cube.ide.mpu.remote.serial 1 1 2026-07-18 22:39:25.863
!MESSAGE port: COM16

!ENTRY com.st.stm32cube.ide.mpu.remote.serial 1 1 2026-07-18 22:43:23.350
!MESSAGE Executed PowerShell command powershell.exe -Command "Get-CimInstance -ClassName Win32_SerialPort | Select-Object -ExpandProperty DeviceID":
COM4
COM5
COM6
COM8
COM17
COM3
COM9
COM10
COM11
COM12
COM13
COM16
COM7


!ENTRY com.st.stm32cube.ide.mpu.remote.serial 1 1 2026-07-18 22:43:23.352
!MESSAGE port: COM4

!ENTRY com.st.stm32cube.ide.mpu.remote.serial 1 1 2026-07-18 22:43:23.352
!MESSAGE port: COM5

!ENTRY com.st.stm32cube.ide.mpu.remote.serial 1 1 2026-07-18 22:43:23.353
!MESSAGE port: COM6

!ENTRY com.st.stm32cube.ide.mpu.remote.serial 1 1 2026-07-18 22:43:23.354
!MESSAGE port: COM8

!ENTRY com.st.stm32cube.ide.mpu.remote.serial 1 1 2026-07-18 22:43:23.355
!MESSAGE port: COM17

!ENTRY com.st.stm32cube.ide.mpu.remote.serial 1 1 2026-07-18 22:43:23.356
!MESSAGE port: COM3

!ENTRY com.st.stm32cube.ide.mpu.remote.serial 1 1 2026-07-18 22:43:23.357
!MESSAGE port: COM9

!ENTRY com.st.stm32cube.ide.mpu.remote.serial 1 1 2026-07-18 22:43:23.358
!MESSAGE port: COM10

!ENTRY com.st.stm32cube.ide.mpu.remote.serial 1 1 2026-07-18 22:43:23.359
!MESSAGE port: COM11

!ENTRY com.st.stm32cube.ide.mpu.remote.serial 1 1 2026-07-18 22:43:23.359
!MESSAGE port: COM12

!ENTRY com.st.stm32cube.ide.mpu.remote.serial 1 1 2026-07-18 22:43:23.360
!MESSAGE port: COM13

!ENTRY com.st.stm32cube.ide.mpu.remote.serial 1 1 2026-07-18 22:43:23.361
!MESSAGE port: COM16

!ENTRY com.st.stm32cube.ide.mpu.remote.serial 1 1 2026-07-18 22:43:23.362
!MESSAGE port: COM7

!ENTRY com.st.stm32cube.ide.mpu.remote.serial 1 1 2026-07-18 22:44:17.717
!MESSAGE Executed PowerShell command powershell.exe -Command "Get-CimInstance -ClassName Win32_SerialPort | Select-Object -ExpandProperty DeviceID":
COM4
COM5
COM6
COM8
COM17
COM3
COM9
COM10
COM11
COM12
COM13
COM16


!ENTRY com.st.stm32cube.ide.mpu.remote.serial 1 1 2026-07-18 22:44:17.718
!MESSAGE port: COM4

!ENTRY com.st.stm32cube.ide.mpu.remote.serial 1 1 2026-07-18 22:44:17.719
!MESSAGE port: COM5

!ENTRY com.st.stm32cube.ide.mpu.remote.serial 1 1 2026-07-18 22:44:17.719
!MESSAGE port: COM6

!ENTRY com.st.stm32cube.ide.mpu.remote.serial 1 1 2026-07-18 22:44:17.720
!MESSAGE port: COM8

!ENTRY com.st.stm32cube.ide.mpu.remote.serial 1 1 2026-07-18 22:44:17.721
!MESSAGE port: COM17

!ENTRY com.st.stm32cube.ide.mpu.remote.serial 1 1 2026-07-18 22:44:17.722
!MESSAGE port: COM3

!ENTRY com.st.stm32cube.ide.mpu.remote.serial 1 1 2026-07-18 22:44:17.722
!MESSAGE port: COM9

!ENTRY com.st.stm32cube.ide.mpu.remote.serial 1 1 2026-07-18 22:44:17.723
!MESSAGE port: COM10

!ENTRY com.st.stm32cube.ide.mpu.remote.serial 1 1 2026-07-18 22:44:17.724
!MESSAGE port: COM11

!ENTRY com.st.stm32cube.ide.mpu.remote.serial 1 1 2026-07-18 22:44:17.725
!MESSAGE port: COM12

!ENTRY com.st.stm32cube.ide.mpu.remote.serial 1 1 2026-07-18 22:44:17.726
!MESSAGE port: COM13

!ENTRY com.st.stm32cube.ide.mpu.remote.serial 1 1 2026-07-18 22:44:17.726
!MESSAGE port: COM16

!ENTRY com.st.stm32cube.ide.mpu.remote.serial 1 1 2026-07-18 22:46:44.040
!MESSAGE Executed PowerShell command powershell.exe -Command "Get-CimInstance -ClassName Win32_SerialPort | Select-Object -ExpandProperty DeviceID":
COM4
COM5
COM6
COM8
COM17
COM3
COM9
COM10
COM11
COM12
COM13
COM16
COM7


!ENTRY com.st.stm32cube.ide.mpu.remote.serial 1 1 2026-07-18 22:46:44.041
!MESSAGE port: COM4

!ENTRY com.st.stm32cube.ide.mpu.remote.serial 1 1 2026-07-18 22:46:44.042
!MESSAGE port: COM5

!ENTRY com.st.stm32cube.ide.mpu.remote.serial 1 1 2026-07-18 22:46:44.042
!MESSAGE port: COM6

!ENTRY com.st.stm32cube.ide.mpu.remote.serial 1 1 2026-07-18 22:46:44.043
!MESSAGE port: COM8

!ENTRY com.st.stm32cube.ide.mpu.remote.serial 1 1 2026-07-18 22:46:44.045
!MESSAGE port: COM17

!ENTRY com.st.stm32cube.ide.mpu.remote.serial 1 1 2026-07-18 22:46:44.045
!MESSAGE port: COM3

!ENTRY com.st.stm32cube.ide.mpu.remote.serial 1 1 2026-07-18 22:46:44.046
!MESSAGE port: COM9

!ENTRY com.st.stm32cube.ide.mpu.remote.serial 1 1 2026-07-18 22:46:44.047
!MESSAGE port: COM10

!ENTRY com.st.stm32cube.ide.mpu.remote.serial 1 1 2026-07-18 22:46:44.047
!MESSAGE port: COM11

!ENTRY com.st.stm32cube.ide.mpu.remote.serial 1 1 2026-07-18 22:46:44.049
!MESSAGE port: COM12

!ENTRY com.st.stm32cube.ide.mpu.remote.serial 1 1 2026-07-18 22:46:44.050
!MESSAGE port: COM13

!ENTRY com.st.stm32cube.ide.mpu.remote.serial 1 1 2026-07-18 22:46:44.051
!MESSAGE port: COM16

!ENTRY com.st.stm32cube.ide.mpu.remote.serial 1 1 2026-07-18 22:46:44.051
!MESSAGE port: COM7

!ENTRY com.st.stm32cube.ide.mpu.remote.serial 1 1 2026-07-18 22:47:21.678
!MESSAGE Executed PowerShell command powershell.exe -Command "Get-CimInstance -ClassName Win32_SerialPort | Select-Object -ExpandProperty DeviceID":
COM4
COM5
COM6
COM8
COM17
COM3
COM9
COM10
COM11
COM12
COM13
COM16


!ENTRY com.st.stm32cube.ide.mpu.remote.serial 1 1 2026-07-18 22:47:21.679
!MESSAGE port: COM4

!ENTRY com.st.stm32cube.ide.mpu.remote.serial 1 1 2026-07-18 22:47:21.679
!MESSAGE port: COM5

!ENTRY com.st.stm32cube.ide.mpu.remote.serial 1 1 2026-07-18 22:47:21.680
!MESSAGE port: COM6

!ENTRY com.st.stm32cube.ide.mpu.remote.serial 1 1 2026-07-18 22:47:21.681
!MESSAGE port: COM8

!ENTRY com.st.stm32cube.ide.mpu.remote.serial 1 1 2026-07-18 22:47:21.681
!MESSAGE port: COM17

!ENTRY com.st.stm32cube.ide.mpu.remote.serial 1 1 2026-07-18 22:47:21.682
!MESSAGE port: COM3

!ENTRY com.st.stm32cube.ide.mpu.remote.serial 1 1 2026-07-18 22:47:21.682
!MESSAGE port: COM9

!ENTRY com.st.stm32cube.ide.mpu.remote.serial 1 1 2026-07-18 22:47:21.684
!MESSAGE port: COM10

!ENTRY com.st.stm32cube.ide.mpu.remote.serial 1 1 2026-07-18 22:47:21.684
!MESSAGE port: COM11

!ENTRY com.st.stm32cube.ide.mpu.remote.serial 1 1 2026-07-18 22:47:21.685
!MESSAGE port: COM12

!ENTRY com.st.stm32cube.ide.mpu.remote.serial 1 1 2026-07-18 22:47:21.685
!MESSAGE port: COM13

!ENTRY com.st.stm32cube.ide.mpu.remote.serial 1 1 2026-07-18 22:47:21.686
!MESSAGE port: COM16

!ENTRY com.st.stm32cube.ide.mpu.remote.serial 1 1 2026-07-18 22:56:21.814
!MESSAGE Executed PowerShell command powershell.exe -Command "Get-CimInstance -ClassName Win32_SerialPort | Select-Object -ExpandProperty DeviceID":
COM4
COM5
COM6
COM8
COM17
COM3
COM9
COM10
COM11
COM12
COM13
COM16
COM7


!ENTRY com.st.stm32cube.ide.mpu.remote.serial 1 1 2026-07-18 22:56:21.816
!MESSAGE port: COM4

!ENTRY com.st.stm32cube.ide.mpu.remote.serial 1 1 2026-07-18 22:56:21.817
!MESSAGE port: COM5

!ENTRY com.st.stm32cube.ide.mpu.remote.serial 1 1 2026-07-18 22:56:21.818
!MESSAGE port: COM6

!ENTRY com.st.stm32cube.ide.mpu.remote.serial 1 1 2026-07-18 22:56:21.819
!MESSAGE port: COM8

!ENTRY com.st.stm32cube.ide.mpu.remote.serial 1 1 2026-07-18 22:56:21.820
!MESSAGE port: COM17

!ENTRY com.st.stm32cube.ide.mpu.remote.serial 1 1 2026-07-18 22:56:21.820
!MESSAGE port: COM3

!ENTRY com.st.stm32cube.ide.mpu.remote.serial 1 1 2026-07-18 22:56:21.821
!MESSAGE port: COM9

!ENTRY com.st.stm32cube.ide.mpu.remote.serial 1 1 2026-07-18 22:56:21.823
!MESSAGE port: COM10

!ENTRY com.st.stm32cube.ide.mpu.remote.serial 1 1 2026-07-18 22:56:21.823
!MESSAGE port: COM11

!ENTRY com.st.stm32cube.ide.mpu.remote.serial 1 1 2026-07-18 22:56:21.824
!MESSAGE port: COM12

!ENTRY com.st.stm32cube.ide.mpu.remote.serial 1 1 2026-07-18 22:56:21.825
!MESSAGE port: COM13

!ENTRY com.st.stm32cube.ide.mpu.remote.serial 1 1 2026-07-18 22:56:21.825
!MESSAGE port: COM16

!ENTRY com.st.stm32cube.ide.mpu.remote.serial 1 1 2026-07-18 22:56:21.826
!MESSAGE port: COM7

!ENTRY com.st.stm32cube.ide.mpu.remote.serial 1 1 2026-07-18 23:07:22.181
!MESSAGE Executed PowerShell command powershell.exe -Command "Get-CimInstance -ClassName Win32_SerialPort | Select-Object -ExpandProperty DeviceID":
COM4
COM5
COM6
COM8
COM17
COM3
COM9
COM10
COM11
COM12
COM13
COM16


!ENTRY com.st.stm32cube.ide.mpu.remote.serial 1 1 2026-07-18 23:07:22.183
!MESSAGE port: COM4

!ENTRY com.st.stm32cube.ide.mpu.remote.serial 1 1 2026-07-18 23:07:22.183
!MESSAGE port: COM5

!ENTRY com.st.stm32cube.ide.mpu.remote.serial 1 1 2026-07-18 23:07:22.184
!MESSAGE port: COM6

!ENTRY com.st.stm32cube.ide.mpu.remote.serial 1 1 2026-07-18 23:07:22.185
!MESSAGE port: COM8

!ENTRY com.st.stm32cube.ide.mpu.remote.serial 1 1 2026-07-18 23:07:22.186
!MESSAGE port: COM17

!ENTRY com.st.stm32cube.ide.mpu.remote.serial 1 1 2026-07-18 23:07:22.187
!MESSAGE port: COM3

!ENTRY com.st.stm32cube.ide.mpu.remote.serial 1 1 2026-07-18 23:07:22.187
!MESSAGE port: COM9

!ENTRY com.st.stm32cube.ide.mpu.remote.serial 1 1 2026-07-18 23:07:22.188
!MESSAGE port: COM10

!ENTRY com.st.stm32cube.ide.mpu.remote.serial 1 1 2026-07-18 23:07:22.189
!MESSAGE port: COM11

!ENTRY com.st.stm32cube.ide.mpu.remote.serial 1 1 2026-07-18 23:07:22.190
!MESSAGE port: COM12

!ENTRY com.st.stm32cube.ide.mpu.remote.serial 1 1 2026-07-18 23:07:22.191
!MESSAGE port: COM13

!ENTRY com.st.stm32cube.ide.mpu.remote.serial 1 1 2026-07-18 23:07:22.191
!MESSAGE port: COM16

!ENTRY com.st.stm32cube.ide.mpu.remote.serial 1 1 2026-07-18 23:08:36.352
!MESSAGE Executed PowerShell command powershell.exe -Command "Get-CimInstance -ClassName Win32_SerialPort | Select-Object -ExpandProperty DeviceID":
COM4
COM5
COM6
COM8
COM17
COM3
COM9
COM10
COM11
COM12
COM13
COM16
COM7


!ENTRY com.st.stm32cube.ide.mpu.remote.serial 1 1 2026-07-18 23:08:36.354
!MESSAGE port: COM4

!ENTRY com.st.stm32cube.ide.mpu.remote.serial 1 1 2026-07-18 23:08:36.354
!MESSAGE port: COM5

!ENTRY com.st.stm32cube.ide.mpu.remote.serial 1 1 2026-07-18 23:08:36.355
!MESSAGE port: COM6

!ENTRY com.st.stm32cube.ide.mpu.remote.serial 1 1 2026-07-18 23:08:36.356
!MESSAGE port: COM8

!ENTRY com.st.stm32cube.ide.mpu.remote.serial 1 1 2026-07-18 23:08:36.357
!MESSAGE port: COM17

!ENTRY com.st.stm32cube.ide.mpu.remote.serial 1 1 2026-07-18 23:08:36.357
!MESSAGE port: COM3

!ENTRY com.st.stm32cube.ide.mpu.remote.serial 1 1 2026-07-18 23:08:36.358
!MESSAGE port: COM9

!ENTRY com.st.stm32cube.ide.mpu.remote.serial 1 1 2026-07-18 23:08:36.359
!MESSAGE port: COM10

!ENTRY com.st.stm32cube.ide.mpu.remote.serial 1 1 2026-07-18 23:08:36.360
!MESSAGE port: COM11

!ENTRY com.st.stm32cube.ide.mpu.remote.serial 1 1 2026-07-18 23:08:36.361
!MESSAGE port: COM12

!ENTRY com.st.stm32cube.ide.mpu.remote.serial 1 1 2026-07-18 23:08:36.361
!MESSAGE port: COM13

!ENTRY com.st.stm32cube.ide.mpu.remote.serial 1 1 2026-07-18 23:08:36.362
!MESSAGE port: COM16

!ENTRY com.st.stm32cube.ide.mpu.remote.serial 1 1 2026-07-18 23:08:36.362
!MESSAGE port: COM7

!ENTRY com.st.stm32cube.ide.mpu.remote.serial 1 1 2026-07-18 23:09:09.754
!MESSAGE Executed PowerShell command powershell.exe -Command "Get-CimInstance -ClassName Win32_SerialPort | Select-Object -ExpandProperty DeviceID":
COM4
COM5
COM6
COM8
COM17
COM3
COM9
COM10
COM11
COM12
COM13
COM16


!ENTRY com.st.stm32cube.ide.mpu.remote.serial 1 1 2026-07-18 23:09:09.755
!MESSAGE port: COM4

!ENTRY com.st.stm32cube.ide.mpu.remote.serial 1 1 2026-07-18 23:09:09.756
!MESSAGE port: COM5

!ENTRY com.st.stm32cube.ide.mpu.remote.serial 1 1 2026-07-18 23:09:09.756
!MESSAGE port: COM6

!ENTRY com.st.stm32cube.ide.mpu.remote.serial 1 1 2026-07-18 23:09:09.757
!MESSAGE port: COM8

!ENTRY com.st.stm32cube.ide.mpu.remote.serial 1 1 2026-07-18 23:09:09.758
!MESSAGE port: COM17

!ENTRY com.st.stm32cube.ide.mpu.remote.serial 1 1 2026-07-18 23:09:09.759
!MESSAGE port: COM3

!ENTRY com.st.stm32cube.ide.mpu.remote.serial 1 1 2026-07-18 23:09:09.759
!MESSAGE port: COM9

!ENTRY com.st.stm32cube.ide.mpu.remote.serial 1 1 2026-07-18 23:09:09.761
!MESSAGE port: COM10

!ENTRY com.st.stm32cube.ide.mpu.remote.serial 1 1 2026-07-18 23:09:09.762
!MESSAGE port: COM11

!ENTRY com.st.stm32cube.ide.mpu.remote.serial 1 1 2026-07-18 23:09:09.763
!MESSAGE port: COM12

!ENTRY com.st.stm32cube.ide.mpu.remote.serial 1 1 2026-07-18 23:09:09.764
!MESSAGE port: COM13

!ENTRY com.st.stm32cube.ide.mpu.remote.serial 1 1 2026-07-18 23:09:09.764
!MESSAGE port: COM16

!ENTRY com.st.stm32cube.ide.mpu.remote.serial 1 1 2026-07-18 23:10:38.636
!MESSAGE Executed PowerShell command powershell.exe -Command "Get-CimInstance -ClassName Win32_SerialPort | Select-Object -ExpandProperty DeviceID":
COM4
COM5
COM6
COM8
COM17
COM3
COM9
COM10
COM11
COM12
COM13
COM16


!ENTRY com.st.stm32cube.ide.mpu.remote.serial 1 1 2026-07-18 23:10:38.637
!MESSAGE port: COM4

!ENTRY com.st.stm32cube.ide.mpu.remote.serial 1 1 2026-07-18 23:10:38.638
!MESSAGE port: COM5

!ENTRY com.st.stm32cube.ide.mpu.remote.serial 1 1 2026-07-18 23:10:38.639
!MESSAGE port: COM6

!ENTRY com.st.stm32cube.ide.mpu.remote.serial 1 1 2026-07-18 23:10:38.640
!MESSAGE port: COM8

!ENTRY com.st.stm32cube.ide.mpu.remote.serial 1 1 2026-07-18 23:10:38.641
!MESSAGE port: COM17

!ENTRY com.st.stm32cube.ide.mpu.remote.serial 1 1 2026-07-18 23:10:38.641
!MESSAGE port: COM3

!ENTRY com.st.stm32cube.ide.mpu.remote.serial 1 1 2026-07-18 23:10:38.643
!MESSAGE port: COM9

!ENTRY com.st.stm32cube.ide.mpu.remote.serial 1 1 2026-07-18 23:10:38.644
!MESSAGE port: COM10

!ENTRY com.st.stm32cube.ide.mpu.remote.serial 1 1 2026-07-18 23:10:38.645
!MESSAGE port: COM11

!ENTRY com.st.stm32cube.ide.mpu.remote.serial 1 1 2026-07-18 23:10:38.646
!MESSAGE port: COM12

!ENTRY com.st.stm32cube.ide.mpu.remote.serial 1 1 2026-07-18 23:10:38.647
!MESSAGE port: COM13

!ENTRY com.st.stm32cube.ide.mpu.remote.serial 1 1 2026-07-18 23:10:38.648
!MESSAGE port: COM16

!ENTRY com.st.stm32cube.ide.mpu.remote.serial 1 1 2026-07-18 23:11:10.467
!MESSAGE Executed PowerShell command powershell.exe -Command "Get-CimInstance -ClassName Win32_SerialPort | Select-Object -ExpandProperty DeviceID":
COM4
COM5
COM6
COM8
COM17
COM3
COM9
COM10
COM11
COM12
COM13
COM16


!ENTRY com.st.stm32cube.ide.mpu.remote.serial 1 1 2026-07-18 23:11:10.467
!MESSAGE port: COM4

!ENTRY com.st.stm32cube.ide.mpu.remote.serial 1 1 2026-07-18 23:11:10.469
!MESSAGE port: COM5

!ENTRY com.st.stm32cube.ide.mpu.remote.serial 1 1 2026-07-18 23:11:10.470
!MESSAGE port: COM6

!ENTRY com.st.stm32cube.ide.mpu.remote.serial 1 1 2026-07-18 23:11:10.470
!MESSAGE port: COM8

!ENTRY com.st.stm32cube.ide.mpu.remote.serial 1 1 2026-07-18 23:11:10.471
!MESSAGE port: COM17

!ENTRY com.st.stm32cube.ide.mpu.remote.serial 1 1 2026-07-18 23:11:10.471
!MESSAGE port: COM3

!ENTRY com.st.stm32cube.ide.mpu.remote.serial 1 1 2026-07-18 23:11:10.473
!MESSAGE port: COM9

!ENTRY com.st.stm32cube.ide.mpu.remote.serial 1 1 2026-07-18 23:11:10.474
!MESSAGE port: COM10

!ENTRY com.st.stm32cube.ide.mpu.remote.serial 1 1 2026-07-18 23:11:10.475
!MESSAGE port: COM11

!ENTRY com.st.stm32cube.ide.mpu.remote.serial 1 1 2026-07-18 23:11:10.476
!MESSAGE port: COM12

!ENTRY com.st.stm32cube.ide.mpu.remote.serial 1 1 2026-07-18 23:11:10.476
!MESSAGE port: COM13

!ENTRY com.st.stm32cube.ide.mpu.remote.serial 1 1 2026-07-18 23:11:10.478
!MESSAGE port: COM16

!ENTRY com.st.stm32cube.ide.mpu.remote.serial 1 1 2026-07-18 23:12:19.654
!MESSAGE Executed PowerShell command powershell.exe -Command "Get-CimInstance -ClassName Win32_SerialPort | Select-Object -ExpandProperty DeviceID":
COM4
COM5
COM6
COM8
COM17
COM3
COM9
COM10
COM11
COM12
COM13
COM16


!ENTRY com.st.stm32cube.ide.mpu.remote.serial 1 1 2026-07-18 23:12:19.655
!MESSAGE port: COM4

!ENTRY com.st.stm32cube.ide.mpu.remote.serial 1 1 2026-07-18 23:12:19.656
!MESSAGE port: COM5

!ENTRY com.st.stm32cube.ide.mpu.remote.serial 1 1 2026-07-18 23:12:19.657
!MESSAGE port: COM6

!ENTRY com.st.stm32cube.ide.mpu.remote.serial 1 1 2026-07-18 23:12:19.657
!MESSAGE port: COM8

!ENTRY com.st.stm32cube.ide.mpu.remote.serial 1 1 2026-07-18 23:12:19.658
!MESSAGE port: COM17

!ENTRY com.st.stm32cube.ide.mpu.remote.serial 1 1 2026-07-18 23:12:19.658
!MESSAGE port: COM3

!ENTRY com.st.stm32cube.ide.mpu.remote.serial 1 1 2026-07-18 23:12:19.659
!MESSAGE port: COM9

!ENTRY com.st.stm32cube.ide.mpu.remote.serial 1 1 2026-07-18 23:12:19.660
!MESSAGE port: COM10

!ENTRY com.st.stm32cube.ide.mpu.remote.serial 1 1 2026-07-18 23:12:19.662
!MESSAGE port: COM11

!ENTRY com.st.stm32cube.ide.mpu.remote.serial 1 1 2026-07-18 23:12:19.663
!MESSAGE port: COM12

!ENTRY com.st.stm32cube.ide.mpu.remote.serial 1 1 2026-07-18 23:12:19.663
!MESSAGE port: COM13

!ENTRY com.st.stm32cube.ide.mpu.remote.serial 1 1 2026-07-18 23:12:19.665
!MESSAGE port: COM16

!ENTRY com.st.stm32cube.ide.mpu.remote.serial 1 1 2026-07-18 23:12:50.916
!MESSAGE Executed PowerShell command powershell.exe -Command "Get-CimInstance -ClassName Win32_SerialPort | Select-Object -ExpandProperty DeviceID":
COM4
COM5
COM6
COM8
COM17
COM3
COM9
COM10
COM11
COM12
COM13
COM16


!ENTRY com.st.stm32cube.ide.mpu.remote.serial 1 1 2026-07-18 23:12:50.917
!MESSAGE port: COM4

!ENTRY com.st.stm32cube.ide.mpu.remote.serial 1 1 2026-07-18 23:12:50.918
!MESSAGE port: COM5

!ENTRY com.st.stm32cube.ide.mpu.remote.serial 1 1 2026-07-18 23:12:50.920
!MESSAGE port: COM6

!ENTRY com.st.stm32cube.ide.mpu.remote.serial 1 1 2026-07-18 23:12:50.921
!MESSAGE port: COM8

!ENTRY com.st.stm32cube.ide.mpu.remote.serial 1 1 2026-07-18 23:12:50.921
!MESSAGE port: COM17

!ENTRY com.st.stm32cube.ide.mpu.remote.serial 1 1 2026-07-18 23:12:50.922
!MESSAGE port: COM3

!ENTRY com.st.stm32cube.ide.mpu.remote.serial 1 1 2026-07-18 23:12:50.922
!MESSAGE port: COM9

!ENTRY com.st.stm32cube.ide.mpu.remote.serial 1 1 2026-07-18 23:12:50.923
!MESSAGE port: COM10

!ENTRY com.st.stm32cube.ide.mpu.remote.serial 1 1 2026-07-18 23:12:50.924
!MESSAGE port: COM11

!ENTRY com.st.stm32cube.ide.mpu.remote.serial 1 1 2026-07-18 23:12:50.925
!MESSAGE port: COM12

!ENTRY com.st.stm32cube.ide.mpu.remote.serial 1 1 2026-07-18 23:12:50.925
!MESSAGE port: COM13

!ENTRY com.st.stm32cube.ide.mpu.remote.serial 1 1 2026-07-18 23:12:50.926
!MESSAGE port: COM16

!ENTRY com.st.stm32cube.ide.mpu.remote.serial 1 1 2026-07-18 23:13:42.259
!MESSAGE Executed PowerShell command powershell.exe -Command "Get-CimInstance -ClassName Win32_SerialPort | Select-Object -ExpandProperty DeviceID":
COM4
COM5
COM6
COM8
COM17
COM3
COM9
COM10
COM11
COM12
COM13
COM16


!ENTRY com.st.stm32cube.ide.mpu.remote.serial 1 1 2026-07-18 23:13:42.260
!MESSAGE port: COM4

!ENTRY com.st.stm32cube.ide.mpu.remote.serial 1 1 2026-07-18 23:13:42.262
!MESSAGE port: COM5

!ENTRY com.st.stm32cube.ide.mpu.remote.serial 1 1 2026-07-18 23:13:42.263
!MESSAGE port: COM6

!ENTRY com.st.stm32cube.ide.mpu.remote.serial 1 1 2026-07-18 23:13:42.264
!MESSAGE port: COM8

!ENTRY com.st.stm32cube.ide.mpu.remote.serial 1 1 2026-07-18 23:13:42.264
!MESSAGE port: COM17

!ENTRY com.st.stm32cube.ide.mpu.remote.serial 1 1 2026-07-18 23:13:42.266
!MESSAGE port: COM3

!ENTRY com.st.stm32cube.ide.mpu.remote.serial 1 1 2026-07-18 23:13:42.266
!MESSAGE port: COM9

!ENTRY com.st.stm32cube.ide.mpu.remote.serial 1 1 2026-07-18 23:13:42.267
!MESSAGE port: COM10

!ENTRY com.st.stm32cube.ide.mpu.remote.serial 1 1 2026-07-18 23:13:42.267
!MESSAGE port: COM11

!ENTRY com.st.stm32cube.ide.mpu.remote.serial 1 1 2026-07-18 23:13:42.269
!MESSAGE port: COM12

!ENTRY com.st.stm32cube.ide.mpu.remote.serial 1 1 2026-07-18 23:13:42.270
!MESSAGE port: COM13

!ENTRY com.st.stm32cube.ide.mpu.remote.serial 1 1 2026-07-18 23:13:42.271
!MESSAGE port: COM16

!ENTRY com.st.stm32cube.ide.mpu.remote.serial 1 1 2026-07-18 23:14:13.539
!MESSAGE Executed PowerShell command powershell.exe -Command "Get-CimInstance -ClassName Win32_SerialPort | Select-Object -ExpandProperty DeviceID":
COM4
COM5
COM6
COM8
COM17
COM3
COM9
COM10
COM11
COM12
COM13
COM16


!ENTRY com.st.stm32cube.ide.mpu.remote.serial 1 1 2026-07-18 23:14:13.539
!MESSAGE port: COM4

!ENTRY com.st.stm32cube.ide.mpu.remote.serial 1 1 2026-07-18 23:14:13.540
!MESSAGE port: COM5

!ENTRY com.st.stm32cube.ide.mpu.remote.serial 1 1 2026-07-18 23:14:13.542
!MESSAGE port: COM6

!ENTRY com.st.stm32cube.ide.mpu.remote.serial 1 1 2026-07-18 23:14:13.542
!MESSAGE port: COM8

!ENTRY com.st.stm32cube.ide.mpu.remote.serial 1 1 2026-07-18 23:14:13.543
!MESSAGE port: COM17

!ENTRY com.st.stm32cube.ide.mpu.remote.serial 1 1 2026-07-18 23:14:13.543
!MESSAGE port: COM3

!ENTRY com.st.stm32cube.ide.mpu.remote.serial 1 1 2026-07-18 23:14:13.544
!MESSAGE port: COM9

!ENTRY com.st.stm32cube.ide.mpu.remote.serial 1 1 2026-07-18 23:14:13.545
!MESSAGE port: COM10

!ENTRY com.st.stm32cube.ide.mpu.remote.serial 1 1 2026-07-18 23:14:13.545
!MESSAGE port: COM11

!ENTRY com.st.stm32cube.ide.mpu.remote.serial 1 1 2026-07-18 23:14:13.547
!MESSAGE port: COM12

!ENTRY com.st.stm32cube.ide.mpu.remote.serial 1 1 2026-07-18 23:14:13.547
!MESSAGE port: COM13

!ENTRY com.st.stm32cube.ide.mpu.remote.serial 1 1 2026-07-18 23:14:13.548
!MESSAGE port: COM16

!ENTRY com.st.stm32cube.ide.mpu.remote.serial 1 1 2026-07-18 23:17:43.026
!MESSAGE Executed PowerShell command powershell.exe -Command "Get-CimInstance -ClassName Win32_SerialPort | Select-Object -ExpandProperty DeviceID":
COM4
COM5
COM6
COM8
COM17
COM3
COM9
COM10
COM11
COM12
COM13
COM16


!ENTRY com.st.stm32cube.ide.mpu.remote.serial 1 1 2026-07-18 23:17:43.028
!MESSAGE port: COM4

!ENTRY com.st.stm32cube.ide.mpu.remote.serial 1 1 2026-07-18 23:17:43.029
!MESSAGE port: COM5

!ENTRY com.st.stm32cube.ide.mpu.remote.serial 1 1 2026-07-18 23:17:43.029
!MESSAGE port: COM6

!ENTRY com.st.stm32cube.ide.mpu.remote.serial 1 1 2026-07-18 23:17:43.030
!MESSAGE port: COM8

!ENTRY com.st.stm32cube.ide.mpu.remote.serial 1 1 2026-07-18 23:17:43.031
!MESSAGE port: COM17

!ENTRY com.st.stm32cube.ide.mpu.remote.serial 1 1 2026-07-18 23:17:43.032
!MESSAGE port: COM3

!ENTRY com.st.stm32cube.ide.mpu.remote.serial 1 1 2026-07-18 23:17:43.033
!MESSAGE port: COM9

!ENTRY com.st.stm32cube.ide.mpu.remote.serial 1 1 2026-07-18 23:17:43.034
!MESSAGE port: COM10

!ENTRY com.st.stm32cube.ide.mpu.remote.serial 1 1 2026-07-18 23:17:43.035
!MESSAGE port: COM11

!ENTRY com.st.stm32cube.ide.mpu.remote.serial 1 1 2026-07-18 23:17:43.036
!MESSAGE port: COM12

!ENTRY com.st.stm32cube.ide.mpu.remote.serial 1 1 2026-07-18 23:17:43.036
!MESSAGE port: COM13

!ENTRY com.st.stm32cube.ide.mpu.remote.serial 1 1 2026-07-18 23:17:43.037
!MESSAGE port: COM16

!ENTRY com.st.stm32cube.ide.mpu.remote.serial 1 1 2026-07-18 23:18:14.315
!MESSAGE Executed PowerShell command powershell.exe -Command "Get-CimInstance -ClassName Win32_SerialPort | Select-Object -ExpandProperty DeviceID":
COM4
COM5
COM6
COM8
COM17
COM3
COM9
COM10
COM11
COM12
COM13
COM16


!ENTRY com.st.stm32cube.ide.mpu.remote.serial 1 1 2026-07-18 23:18:14.315
!MESSAGE port: COM4

!ENTRY com.st.stm32cube.ide.mpu.remote.serial 1 1 2026-07-18 23:18:14.316
!MESSAGE port: COM5

!ENTRY com.st.stm32cube.ide.mpu.remote.serial 1 1 2026-07-18 23:18:14.317
!MESSAGE port: COM6

!ENTRY com.st.stm32cube.ide.mpu.remote.serial 1 1 2026-07-18 23:18:14.318
!MESSAGE port: COM8

!ENTRY com.st.stm32cube.ide.mpu.remote.serial 1 1 2026-07-18 23:18:14.319
!MESSAGE port: COM17

!ENTRY com.st.stm32cube.ide.mpu.remote.serial 1 1 2026-07-18 23:18:14.320
!MESSAGE port: COM3

!ENTRY com.st.stm32cube.ide.mpu.remote.serial 1 1 2026-07-18 23:18:14.321
!MESSAGE port: COM9

!ENTRY com.st.stm32cube.ide.mpu.remote.serial 1 1 2026-07-18 23:18:14.322
!MESSAGE port: COM10

!ENTRY com.st.stm32cube.ide.mpu.remote.serial 1 1 2026-07-18 23:18:14.323
!MESSAGE port: COM11

!ENTRY com.st.stm32cube.ide.mpu.remote.serial 1 1 2026-07-18 23:18:14.323
!MESSAGE port: COM12

!ENTRY com.st.stm32cube.ide.mpu.remote.serial 1 1 2026-07-18 23:18:14.324
!MESSAGE port: COM13

!ENTRY com.st.stm32cube.ide.mpu.remote.serial 1 1 2026-07-18 23:18:14.325
!MESSAGE port: COM16

!ENTRY com.st.stm32cube.ide.mpu.remote.serial 1 1 2026-07-18 23:19:40.617
!MESSAGE Executed PowerShell command powershell.exe -Command "Get-CimInstance -ClassName Win32_SerialPort | Select-Object -ExpandProperty DeviceID":
COM4
COM5
COM6
COM8
COM17
COM3
COM9
COM10
COM11
COM12
COM13
COM16


!ENTRY com.st.stm32cube.ide.mpu.remote.serial 1 1 2026-07-18 23:19:40.619
!MESSAGE port: COM4

!ENTRY com.st.stm32cube.ide.mpu.remote.serial 1 1 2026-07-18 23:19:40.619
!MESSAGE port: COM5

!ENTRY com.st.stm32cube.ide.mpu.remote.serial 1 1 2026-07-18 23:19:40.620
!MESSAGE port: COM6

!ENTRY com.st.stm32cube.ide.mpu.remote.serial 1 1 2026-07-18 23:19:40.620
!MESSAGE port: COM8

!ENTRY com.st.stm32cube.ide.mpu.remote.serial 1 1 2026-07-18 23:19:40.620
!MESSAGE port: COM17

!ENTRY com.st.stm32cube.ide.mpu.remote.serial 1 1 2026-07-18 23:19:40.622
!MESSAGE port: COM3

!ENTRY com.st.stm32cube.ide.mpu.remote.serial 1 1 2026-07-18 23:19:40.623
!MESSAGE port: COM9

!ENTRY com.st.stm32cube.ide.mpu.remote.serial 1 1 2026-07-18 23:19:40.624
!MESSAGE port: COM10

!ENTRY com.st.stm32cube.ide.mpu.remote.serial 1 1 2026-07-18 23:19:40.624
!MESSAGE port: COM11

!ENTRY com.st.stm32cube.ide.mpu.remote.serial 1 1 2026-07-18 23:19:40.625
!MESSAGE port: COM12

!ENTRY com.st.stm32cube.ide.mpu.remote.serial 1 1 2026-07-18 23:19:40.626
!MESSAGE port: COM13

!ENTRY com.st.stm32cube.ide.mpu.remote.serial 1 1 2026-07-18 23:19:40.626
!MESSAGE port: COM16

!ENTRY com.st.stm32cube.ide.mpu.remote.serial 1 1 2026-07-18 23:20:11.887
!MESSAGE Executed PowerShell command powershell.exe -Command "Get-CimInstance -ClassName Win32_SerialPort | Select-Object -ExpandProperty DeviceID":
COM4
COM5
COM6
COM8
COM17
COM3
COM9
COM10
COM11
COM12
COM13
COM16


!ENTRY com.st.stm32cube.ide.mpu.remote.serial 1 1 2026-07-18 23:20:11.888
!MESSAGE port: COM4

!ENTRY com.st.stm32cube.ide.mpu.remote.serial 1 1 2026-07-18 23:20:11.888
!MESSAGE port: COM5

!ENTRY com.st.stm32cube.ide.mpu.remote.serial 1 1 2026-07-18 23:20:11.889
!MESSAGE port: COM6

!ENTRY com.st.stm32cube.ide.mpu.remote.serial 1 1 2026-07-18 23:20:11.889
!MESSAGE port: COM8

!ENTRY com.st.stm32cube.ide.mpu.remote.serial 1 1 2026-07-18 23:20:11.890
!MESSAGE port: COM17

!ENTRY com.st.stm32cube.ide.mpu.remote.serial 1 1 2026-07-18 23:20:11.890
!MESSAGE port: COM3

!ENTRY com.st.stm32cube.ide.mpu.remote.serial 1 1 2026-07-18 23:20:11.892
!MESSAGE port: COM9

!ENTRY com.st.stm32cube.ide.mpu.remote.serial 1 1 2026-07-18 23:20:11.892
!MESSAGE port: COM10

!ENTRY com.st.stm32cube.ide.mpu.remote.serial 1 1 2026-07-18 23:20:11.893
!MESSAGE port: COM11

!ENTRY com.st.stm32cube.ide.mpu.remote.serial 1 1 2026-07-18 23:20:11.894
!MESSAGE port: COM12

!ENTRY com.st.stm32cube.ide.mpu.remote.serial 1 1 2026-07-18 23:20:11.895
!MESSAGE port: COM13

!ENTRY com.st.stm32cube.ide.mpu.remote.serial 1 1 2026-07-18 23:20:11.895
!MESSAGE port: COM16

!ENTRY com.st.stm32cube.ide.mpu.remote.serial 1 1 2026-07-18 23:21:11.085
!MESSAGE Executed PowerShell command powershell.exe -Command "Get-CimInstance -ClassName Win32_SerialPort | Select-Object -ExpandProperty DeviceID":
COM4
COM5
COM6
COM8
COM17
COM3
COM9
COM10
COM11
COM12
COM13
COM16
COM7


!ENTRY com.st.stm32cube.ide.mpu.remote.serial 1 1 2026-07-18 23:21:11.087
!MESSAGE port: COM4

!ENTRY com.st.stm32cube.ide.mpu.remote.serial 1 1 2026-07-18 23:21:11.088
!MESSAGE port: COM5

!ENTRY com.st.stm32cube.ide.mpu.remote.serial 1 1 2026-07-18 23:21:11.088
!MESSAGE port: COM6

!ENTRY com.st.stm32cube.ide.mpu.remote.serial 1 1 2026-07-18 23:21:11.089
!MESSAGE port: COM8

!ENTRY com.st.stm32cube.ide.mpu.remote.serial 1 1 2026-07-18 23:21:11.090
!MESSAGE port: COM17

!ENTRY com.st.stm32cube.ide.mpu.remote.serial 1 1 2026-07-18 23:21:11.090
!MESSAGE port: COM3

!ENTRY com.st.stm32cube.ide.mpu.remote.serial 1 1 2026-07-18 23:21:11.091
!MESSAGE port: COM9

!ENTRY com.st.stm32cube.ide.mpu.remote.serial 1 1 2026-07-18 23:21:11.091
!MESSAGE port: COM10

!ENTRY com.st.stm32cube.ide.mpu.remote.serial 1 1 2026-07-18 23:21:11.092
!MESSAGE port: COM11

!ENTRY com.st.stm32cube.ide.mpu.remote.serial 1 1 2026-07-18 23:21:11.093
!MESSAGE port: COM12

!ENTRY com.st.stm32cube.ide.mpu.remote.serial 1 1 2026-07-18 23:21:11.093
!MESSAGE port: COM13

!ENTRY com.st.stm32cube.ide.mpu.remote.serial 1 1 2026-07-18 23:21:11.094
!MESSAGE port: COM16

!ENTRY com.st.stm32cube.ide.mpu.remote.serial 1 1 2026-07-18 23:21:11.094
!MESSAGE port: COM7

!ENTRY com.st.stm32cube.ide.mpu.remote.serial 1 1 2026-07-18 23:45:21.657
!MESSAGE Executed PowerShell command powershell.exe -Command "Get-CimInstance -ClassName Win32_SerialPort | Select-Object -ExpandProperty DeviceID":
COM4
COM5
COM6
COM8
COM17
COM3
COM9
COM10
COM11
COM12
COM13
COM16


!ENTRY com.st.stm32cube.ide.mpu.remote.serial 1 1 2026-07-18 23:45:21.659
!MESSAGE port: COM4

!ENTRY com.st.stm32cube.ide.mpu.remote.serial 1 1 2026-07-18 23:45:21.659
!MESSAGE port: COM5

!ENTRY com.st.stm32cube.ide.mpu.remote.serial 1 1 2026-07-18 23:45:21.660
!MESSAGE port: COM6

!ENTRY com.st.stm32cube.ide.mpu.remote.serial 1 1 2026-07-18 23:45:21.661
!MESSAGE port: COM8

!ENTRY com.st.stm32cube.ide.mpu.remote.serial 1 1 2026-07-18 23:45:21.662
!MESSAGE port: COM17

!ENTRY com.st.stm32cube.ide.mpu.remote.serial 1 1 2026-07-18 23:45:21.662
!MESSAGE port: COM3

!ENTRY com.st.stm32cube.ide.mpu.remote.serial 1 1 2026-07-18 23:45:21.663
!MESSAGE port: COM9

!ENTRY com.st.stm32cube.ide.mpu.remote.serial 1 1 2026-07-18 23:45:21.664
!MESSAGE port: COM10

!ENTRY com.st.stm32cube.ide.mpu.remote.serial 1 1 2026-07-18 23:45:21.664
!MESSAGE port: COM11

!ENTRY com.st.stm32cube.ide.mpu.remote.serial 1 1 2026-07-18 23:45:21.664
!MESSAGE port: COM12

!ENTRY com.st.stm32cube.ide.mpu.remote.serial 1 1 2026-07-18 23:45:21.665
!MESSAGE port: COM13

!ENTRY com.st.stm32cube.ide.mpu.remote.serial 1 1 2026-07-18 23:45:21.665
!MESSAGE port: COM16

!ENTRY com.st.stm32cube.ide.mpu.remote.serial 1 1 2026-07-18 23:47:38.307
!MESSAGE Executed PowerShell command powershell.exe -Command "Get-CimInstance -ClassName Win32_SerialPort | Select-Object -ExpandProperty DeviceID":
COM4
COM5
COM6
COM8
COM17
COM3
COM9
COM10
COM11
COM12
COM13
COM16
COM7


!ENTRY com.st.stm32cube.ide.mpu.remote.serial 1 1 2026-07-18 23:47:38.310
!MESSAGE port: COM4

!ENTRY com.st.stm32cube.ide.mpu.remote.serial 1 1 2026-07-18 23:47:38.310
!MESSAGE port: COM5

!ENTRY com.st.stm32cube.ide.mpu.remote.serial 1 1 2026-07-18 23:47:38.312
!MESSAGE port: COM6

!ENTRY com.st.stm32cube.ide.mpu.remote.serial 1 1 2026-07-18 23:47:38.312
!MESSAGE port: COM8

!ENTRY com.st.stm32cube.ide.mpu.remote.serial 1 1 2026-07-18 23:47:38.313
!MESSAGE port: COM17

!ENTRY com.st.stm32cube.ide.mpu.remote.serial 1 1 2026-07-18 23:47:38.313
!MESSAGE port: COM3

!ENTRY com.st.stm32cube.ide.mpu.remote.serial 1 1 2026-07-18 23:47:38.314
!MESSAGE port: COM9

!ENTRY com.st.stm32cube.ide.mpu.remote.serial 1 1 2026-07-18 23:47:38.314
!MESSAGE port: COM10

!ENTRY com.st.stm32cube.ide.mpu.remote.serial 1 1 2026-07-18 23:47:38.315
!MESSAGE port: COM11

!ENTRY com.st.stm32cube.ide.mpu.remote.serial 1 1 2026-07-18 23:47:38.315
!MESSAGE port: COM12

!ENTRY com.st.stm32cube.ide.mpu.remote.serial 1 1 2026-07-18 23:47:38.316
!MESSAGE port: COM13

!ENTRY com.st.stm32cube.ide.mpu.remote.serial 1 1 2026-07-18 23:47:38.316
!MESSAGE port: COM16

!ENTRY com.st.stm32cube.ide.mpu.remote.serial 1 1 2026-07-18 23:47:38.318
!MESSAGE port: COM7

!ENTRY com.st.stm32cube.ide.mpu.remote.serial 1 1 2026-07-19 00:04:07.256
!MESSAGE Executed PowerShell command powershell.exe -Command "Get-CimInstance -ClassName Win32_SerialPort | Select-Object -ExpandProperty DeviceID":
COM4
COM5
COM6
COM8
COM17
COM3
COM9
COM10
COM11
COM12
COM13
COM16


!ENTRY com.st.stm32cube.ide.mpu.remote.serial 1 1 2026-07-19 00:04:07.258
!MESSAGE port: COM4

!ENTRY com.st.stm32cube.ide.mpu.remote.serial 1 1 2026-07-19 00:04:07.260
!MESSAGE port: COM5

!ENTRY com.st.stm32cube.ide.mpu.remote.serial 1 1 2026-07-19 00:04:07.260
!MESSAGE port: COM6

!ENTRY com.st.stm32cube.ide.mpu.remote.serial 1 1 2026-07-19 00:04:07.261
!MESSAGE port: COM8

!ENTRY com.st.stm32cube.ide.mpu.remote.serial 1 1 2026-07-19 00:04:07.262
!MESSAGE port: COM17

!ENTRY com.st.stm32cube.ide.mpu.remote.serial 1 1 2026-07-19 00:04:07.263
!MESSAGE port: COM3

!ENTRY com.st.stm32cube.ide.mpu.remote.serial 1 1 2026-07-19 00:04:07.264
!MESSAGE port: COM9

!ENTRY com.st.stm32cube.ide.mpu.remote.serial 1 1 2026-07-19 00:04:07.264
!MESSAGE port: COM10

!ENTRY com.st.stm32cube.ide.mpu.remote.serial 1 1 2026-07-19 00:04:07.265
!MESSAGE port: COM11

!ENTRY com.st.stm32cube.ide.mpu.remote.serial 1 1 2026-07-19 00:04:07.266
!MESSAGE port: COM12

!ENTRY com.st.stm32cube.ide.mpu.remote.serial 1 1 2026-07-19 00:04:07.267
!MESSAGE port: COM13

!ENTRY com.st.stm32cube.ide.mpu.remote.serial 1 1 2026-07-19 00:04:07.267
!MESSAGE port: COM16

!ENTRY com.st.stm32cube.ide.mpu.remote.serial 1 1 2026-07-19 00:04:38.818
!MESSAGE Executed PowerShell command powershell.exe -Command "Get-CimInstance -ClassName Win32_SerialPort | Select-Object -ExpandProperty DeviceID":
COM4
COM5
COM6
COM8
COM17
COM3
COM9
COM10
COM11
COM12
COM13
COM16
COM7


!ENTRY com.st.stm32cube.ide.mpu.remote.serial 1 1 2026-07-19 00:04:38.820
!MESSAGE port: COM4

!ENTRY com.st.stm32cube.ide.mpu.remote.serial 1 1 2026-07-19 00:04:38.820
!MESSAGE port: COM5

!ENTRY com.st.stm32cube.ide.mpu.remote.serial 1 1 2026-07-19 00:04:38.821
!MESSAGE port: COM6

!ENTRY com.st.stm32cube.ide.mpu.remote.serial 1 1 2026-07-19 00:04:38.822
!MESSAGE port: COM8

!ENTRY com.st.stm32cube.ide.mpu.remote.serial 1 1 2026-07-19 00:04:38.823
!MESSAGE port: COM17

!ENTRY com.st.stm32cube.ide.mpu.remote.serial 1 1 2026-07-19 00:04:38.824
!MESSAGE port: COM3

!ENTRY com.st.stm32cube.ide.mpu.remote.serial 1 1 2026-07-19 00:04:38.824
!MESSAGE port: COM9

!ENTRY com.st.stm32cube.ide.mpu.remote.serial 1 1 2026-07-19 00:04:38.826
!MESSAGE port: COM10

!ENTRY com.st.stm32cube.ide.mpu.remote.serial 1 1 2026-07-19 00:04:38.826
!MESSAGE port: COM11

!ENTRY com.st.stm32cube.ide.mpu.remote.serial 1 1 2026-07-19 00:04:38.826
!MESSAGE port: COM12

!ENTRY com.st.stm32cube.ide.mpu.remote.serial 1 1 2026-07-19 00:04:38.828
!MESSAGE port: COM13

!ENTRY com.st.stm32cube.ide.mpu.remote.serial 1 1 2026-07-19 00:04:38.829
!MESSAGE port: COM16

!ENTRY com.st.stm32cube.ide.mpu.remote.serial 1 1 2026-07-19 00:04:38.830
!MESSAGE port: COM7

!ENTRY com.st.stm32cube.ide.mpu.remote.serial 1 1 2026-07-19 00:05:17.734
!MESSAGE Executed PowerShell command powershell.exe -Command "Get-CimInstance -ClassName Win32_SerialPort | Select-Object -ExpandProperty DeviceID":
COM4
COM5
COM6
COM8
COM17
COM3
COM9
COM10
COM11
COM12
COM13
COM16


!ENTRY com.st.stm32cube.ide.mpu.remote.serial 1 1 2026-07-19 00:05:17.737
!MESSAGE port: COM4

!ENTRY com.st.stm32cube.ide.mpu.remote.serial 1 1 2026-07-19 00:05:17.738
!MESSAGE port: COM5

!ENTRY com.st.stm32cube.ide.mpu.remote.serial 1 1 2026-07-19 00:05:17.738
!MESSAGE port: COM6

!ENTRY com.st.stm32cube.ide.mpu.remote.serial 1 1 2026-07-19 00:05:17.739
!MESSAGE port: COM8

!ENTRY com.st.stm32cube.ide.mpu.remote.serial 1 1 2026-07-19 00:05:17.741
!MESSAGE port: COM17

!ENTRY com.st.stm32cube.ide.mpu.remote.serial 1 1 2026-07-19 00:05:17.742
!MESSAGE port: COM3

!ENTRY com.st.stm32cube.ide.mpu.remote.serial 1 1 2026-07-19 00:05:17.743
!MESSAGE port: COM9

!ENTRY com.st.stm32cube.ide.mpu.remote.serial 1 1 2026-07-19 00:05:17.744
!MESSAGE port: COM10

!ENTRY com.st.stm32cube.ide.mpu.remote.serial 1 1 2026-07-19 00:05:17.745
!MESSAGE port: COM11

!ENTRY com.st.stm32cube.ide.mpu.remote.serial 1 1 2026-07-19 00:05:17.746
!MESSAGE port: COM12

!ENTRY com.st.stm32cube.ide.mpu.remote.serial 1 1 2026-07-19 00:05:17.747
!MESSAGE port: COM13

!ENTRY com.st.stm32cube.ide.mpu.remote.serial 1 1 2026-07-19 00:05:17.748
!MESSAGE port: COM16

!ENTRY com.st.stm32cube.ide.mpu.remote.serial 1 1 2026-07-19 00:05:49.233
!MESSAGE Executed PowerShell command powershell.exe -Command "Get-CimInstance -ClassName Win32_SerialPort | Select-Object -ExpandProperty DeviceID":
COM4
COM5
COM6
COM8
COM17
COM3
COM9
COM10
COM11
COM12
COM13
COM16
COM7


!ENTRY com.st.stm32cube.ide.mpu.remote.serial 1 1 2026-07-19 00:05:49.235
!MESSAGE port: COM4

!ENTRY com.st.stm32cube.ide.mpu.remote.serial 1 1 2026-07-19 00:05:49.235
!MESSAGE port: COM5

!ENTRY com.st.stm32cube.ide.mpu.remote.serial 1 1 2026-07-19 00:05:49.236
!MESSAGE port: COM6

!ENTRY com.st.stm32cube.ide.mpu.remote.serial 1 1 2026-07-19 00:05:49.236
!MESSAGE port: COM8

!ENTRY com.st.stm32cube.ide.mpu.remote.serial 1 1 2026-07-19 00:05:49.238
!MESSAGE port: COM17

!ENTRY com.st.stm32cube.ide.mpu.remote.serial 1 1 2026-07-19 00:05:49.239
!MESSAGE port: COM3

!ENTRY com.st.stm32cube.ide.mpu.remote.serial 1 1 2026-07-19 00:05:49.239
!MESSAGE port: COM9

!ENTRY com.st.stm32cube.ide.mpu.remote.serial 1 1 2026-07-19 00:05:49.240
!MESSAGE port: COM10

!ENTRY com.st.stm32cube.ide.mpu.remote.serial 1 1 2026-07-19 00:05:49.241
!MESSAGE port: COM11

!ENTRY com.st.stm32cube.ide.mpu.remote.serial 1 1 2026-07-19 00:05:49.241
!MESSAGE port: COM12

!ENTRY com.st.stm32cube.ide.mpu.remote.serial 1 1 2026-07-19 00:05:49.242
!MESSAGE port: COM13

!ENTRY com.st.stm32cube.ide.mpu.remote.serial 1 1 2026-07-19 00:05:49.242
!MESSAGE port: COM16

!ENTRY com.st.stm32cube.ide.mpu.remote.serial 1 1 2026-07-19 00:05:49.243
!MESSAGE port: COM7

!ENTRY com.st.stm32cube.ide.mpu.remote.serial 1 1 2026-07-19 00:07:02.761
!MESSAGE Executed PowerShell command powershell.exe -Command "Get-CimInstance -ClassName Win32_SerialPort | Select-Object -ExpandProperty DeviceID":
COM4
COM5
COM6
COM8
COM17
COM3
COM9
COM10
COM11
COM12
COM13
COM16


!ENTRY com.st.stm32cube.ide.mpu.remote.serial 1 1 2026-07-19 00:07:02.762
!MESSAGE port: COM4

!ENTRY com.st.stm32cube.ide.mpu.remote.serial 1 1 2026-07-19 00:07:02.763
!MESSAGE port: COM5

!ENTRY com.st.stm32cube.ide.mpu.remote.serial 1 1 2026-07-19 00:07:02.763
!MESSAGE port: COM6

!ENTRY com.st.stm32cube.ide.mpu.remote.serial 1 1 2026-07-19 00:07:02.764
!MESSAGE port: COM8

!ENTRY com.st.stm32cube.ide.mpu.remote.serial 1 1 2026-07-19 00:07:02.765
!MESSAGE port: COM17

!ENTRY com.st.stm32cube.ide.mpu.remote.serial 1 1 2026-07-19 00:07:02.766
!MESSAGE port: COM3

!ENTRY com.st.stm32cube.ide.mpu.remote.serial 1 1 2026-07-19 00:07:02.766
!MESSAGE port: COM9

!ENTRY com.st.stm32cube.ide.mpu.remote.serial 1 1 2026-07-19 00:07:02.767
!MESSAGE port: COM10

!ENTRY com.st.stm32cube.ide.mpu.remote.serial 1 1 2026-07-19 00:07:02.767
!MESSAGE port: COM11

!ENTRY com.st.stm32cube.ide.mpu.remote.serial 1 1 2026-07-19 00:07:02.768
!MESSAGE port: COM12

!ENTRY com.st.stm32cube.ide.mpu.remote.serial 1 1 2026-07-19 00:07:02.769
!MESSAGE port: COM13

!ENTRY com.st.stm32cube.ide.mpu.remote.serial 1 1 2026-07-19 00:07:02.769
!MESSAGE port: COM16

!ENTRY com.st.stm32cube.ide.mpu.remote.serial 1 1 2026-07-19 00:07:47.982
!MESSAGE Executed PowerShell command powershell.exe -Command "Get-CimInstance -ClassName Win32_SerialPort | Select-Object -ExpandProperty DeviceID":
COM4
COM5
COM6
COM8
COM17
COM3
COM9
COM10
COM11
COM12
COM13
COM16
COM7


!ENTRY com.st.stm32cube.ide.mpu.remote.serial 1 1 2026-07-19 00:07:47.984
!MESSAGE port: COM4

!ENTRY com.st.stm32cube.ide.mpu.remote.serial 1 1 2026-07-19 00:07:47.985
!MESSAGE port: COM5

!ENTRY com.st.stm32cube.ide.mpu.remote.serial 1 1 2026-07-19 00:07:47.985
!MESSAGE port: COM6

!ENTRY com.st.stm32cube.ide.mpu.remote.serial 1 1 2026-07-19 00:07:47.986
!MESSAGE port: COM8

!ENTRY com.st.stm32cube.ide.mpu.remote.serial 1 1 2026-07-19 00:07:47.987
!MESSAGE port: COM17

!ENTRY com.st.stm32cube.ide.mpu.remote.serial 1 1 2026-07-19 00:07:47.987
!MESSAGE port: COM3

!ENTRY com.st.stm32cube.ide.mpu.remote.serial 1 1 2026-07-19 00:07:47.987
!MESSAGE port: COM9

!ENTRY com.st.stm32cube.ide.mpu.remote.serial 1 1 2026-07-19 00:07:47.988
!MESSAGE port: COM10

!ENTRY com.st.stm32cube.ide.mpu.remote.serial 1 1 2026-07-19 00:07:47.990
!MESSAGE port: COM11

!ENTRY com.st.stm32cube.ide.mpu.remote.serial 1 1 2026-07-19 00:07:47.990
!MESSAGE port: COM12

!ENTRY com.st.stm32cube.ide.mpu.remote.serial 1 1 2026-07-19 00:07:47.991
!MESSAGE port: COM13

!ENTRY com.st.stm32cube.ide.mpu.remote.serial 1 1 2026-07-19 00:07:47.991
!MESSAGE port: COM16

!ENTRY com.st.stm32cube.ide.mpu.remote.serial 1 1 2026-07-19 00:07:47.992
!MESSAGE port: COM7

!ENTRY com.st.stm32cube.ide.mpu.remote.serial 1 1 2026-07-19 00:09:47.253
!MESSAGE Executed PowerShell command powershell.exe -Command "Get-CimInstance -ClassName Win32_SerialPort | Select-Object -ExpandProperty DeviceID":
COM4
COM5
COM6
COM8
COM17
COM3
COM9
COM10
COM11
COM12
COM13
COM16


!ENTRY com.st.stm32cube.ide.mpu.remote.serial 1 1 2026-07-19 00:09:47.254
!MESSAGE port: COM4

!ENTRY com.st.stm32cube.ide.mpu.remote.serial 1 1 2026-07-19 00:09:47.255
!MESSAGE port: COM5

!ENTRY com.st.stm32cube.ide.mpu.remote.serial 1 1 2026-07-19 00:09:47.256
!MESSAGE port: COM6

!ENTRY com.st.stm32cube.ide.mpu.remote.serial 1 1 2026-07-19 00:09:47.257
!MESSAGE port: COM8

!ENTRY com.st.stm32cube.ide.mpu.remote.serial 1 1 2026-07-19 00:09:47.257
!MESSAGE port: COM17

!ENTRY com.st.stm32cube.ide.mpu.remote.serial 1 1 2026-07-19 00:09:47.259
!MESSAGE port: COM3

!ENTRY com.st.stm32cube.ide.mpu.remote.serial 1 1 2026-07-19 00:09:47.259
!MESSAGE port: COM9

!ENTRY com.st.stm32cube.ide.mpu.remote.serial 1 1 2026-07-19 00:09:47.260
!MESSAGE port: COM10

!ENTRY com.st.stm32cube.ide.mpu.remote.serial 1 1 2026-07-19 00:09:47.260
!MESSAGE port: COM11

!ENTRY com.st.stm32cube.ide.mpu.remote.serial 1 1 2026-07-19 00:09:47.261
!MESSAGE port: COM12

!ENTRY com.st.stm32cube.ide.mpu.remote.serial 1 1 2026-07-19 00:09:47.262
!MESSAGE port: COM13

!ENTRY com.st.stm32cube.ide.mpu.remote.serial 1 1 2026-07-19 00:09:47.262
!MESSAGE port: COM16

!ENTRY com.st.stm32cube.ide.mpu.remote.serial 1 1 2026-07-19 00:11:48.442
!MESSAGE Executed PowerShell command powershell.exe -Command "Get-CimInstance -ClassName Win32_SerialPort | Select-Object -ExpandProperty DeviceID":
COM4
COM5
COM6
COM8
COM17
COM3
COM9
COM10
COM11
COM12
COM13
COM16


!ENTRY com.st.stm32cube.ide.mpu.remote.serial 1 1 2026-07-19 00:11:48.446
!MESSAGE port: COM4

!ENTRY com.st.stm32cube.ide.mpu.remote.serial 1 1 2026-07-19 00:11:48.446
!MESSAGE port: COM5

!ENTRY com.st.stm32cube.ide.mpu.remote.serial 1 1 2026-07-19 00:11:48.447
!MESSAGE port: COM6

!ENTRY com.st.stm32cube.ide.mpu.remote.serial 1 1 2026-07-19 00:11:48.447
!MESSAGE port: COM8

!ENTRY com.st.stm32cube.ide.mpu.remote.serial 1 1 2026-07-19 00:11:48.448
!MESSAGE port: COM17

!ENTRY com.st.stm32cube.ide.mpu.remote.serial 1 1 2026-07-19 00:11:48.448
!MESSAGE port: COM3

!ENTRY com.st.stm32cube.ide.mpu.remote.serial 1 1 2026-07-19 00:11:48.449
!MESSAGE port: COM9

!ENTRY com.st.stm32cube.ide.mpu.remote.serial 1 1 2026-07-19 00:11:48.449
!MESSAGE port: COM10

!ENTRY com.st.stm32cube.ide.mpu.remote.serial 1 1 2026-07-19 00:11:48.450
!MESSAGE port: COM11

!ENTRY com.st.stm32cube.ide.mpu.remote.serial 1 1 2026-07-19 00:11:48.450
!MESSAGE port: COM12

!ENTRY com.st.stm32cube.ide.mpu.remote.serial 1 1 2026-07-19 00:11:48.451
!MESSAGE port: COM13

!ENTRY com.st.stm32cube.ide.mpu.remote.serial 1 1 2026-07-19 00:11:48.451
!MESSAGE port: COM16

!ENTRY com.st.stm32cube.ide.mpu.remote.serial 1 1 2026-07-19 00:12:19.746
!MESSAGE Executed PowerShell command powershell.exe -Command "Get-CimInstance -ClassName Win32_SerialPort | Select-Object -ExpandProperty DeviceID":
COM4
COM5
COM6
COM8
COM17
COM3
COM9
COM10
COM11
COM12
COM13
COM16


!ENTRY com.st.stm32cube.ide.mpu.remote.serial 1 1 2026-07-19 00:12:19.747
!MESSAGE port: COM4

!ENTRY com.st.stm32cube.ide.mpu.remote.serial 1 1 2026-07-19 00:12:19.747
!MESSAGE port: COM5

!ENTRY com.st.stm32cube.ide.mpu.remote.serial 1 1 2026-07-19 00:12:19.748
!MESSAGE port: COM6

!ENTRY com.st.stm32cube.ide.mpu.remote.serial 1 1 2026-07-19 00:12:19.749
!MESSAGE port: COM8

!ENTRY com.st.stm32cube.ide.mpu.remote.serial 1 1 2026-07-19 00:12:19.749
!MESSAGE port: COM17

!ENTRY com.st.stm32cube.ide.mpu.remote.serial 1 1 2026-07-19 00:12:19.750
!MESSAGE port: COM3

!ENTRY com.st.stm32cube.ide.mpu.remote.serial 1 1 2026-07-19 00:12:19.751
!MESSAGE port: COM9

!ENTRY com.st.stm32cube.ide.mpu.remote.serial 1 1 2026-07-19 00:12:19.752
!MESSAGE port: COM10

!ENTRY com.st.stm32cube.ide.mpu.remote.serial 1 1 2026-07-19 00:12:19.752
!MESSAGE port: COM11

!ENTRY com.st.stm32cube.ide.mpu.remote.serial 1 1 2026-07-19 00:12:19.753
!MESSAGE port: COM12

!ENTRY com.st.stm32cube.ide.mpu.remote.serial 1 1 2026-07-19 00:12:19.754
!MESSAGE port: COM13

!ENTRY com.st.stm32cube.ide.mpu.remote.serial 1 1 2026-07-19 00:12:19.756
!MESSAGE port: COM16

!ENTRY com.st.stm32cube.ide.mpu.remote.serial 1 1 2026-07-19 00:13:50.572
!MESSAGE Executed PowerShell command powershell.exe -Command "Get-CimInstance -ClassName Win32_SerialPort | Select-Object -ExpandProperty DeviceID":
COM4
COM5
COM6
COM8
COM17
COM3
COM9
COM10
COM11
COM12
COM13
COM16
COM7


!ENTRY com.st.stm32cube.ide.mpu.remote.serial 1 1 2026-07-19 00:13:50.573
!MESSAGE port: COM4

!ENTRY com.st.stm32cube.ide.mpu.remote.serial 1 1 2026-07-19 00:13:50.574
!MESSAGE port: COM5

!ENTRY com.st.stm32cube.ide.mpu.remote.serial 1 1 2026-07-19 00:13:50.575
!MESSAGE port: COM6

!ENTRY com.st.stm32cube.ide.mpu.remote.serial 1 1 2026-07-19 00:13:50.575
!MESSAGE port: COM8

!ENTRY com.st.stm32cube.ide.mpu.remote.serial 1 1 2026-07-19 00:13:50.576
!MESSAGE port: COM17

!ENTRY com.st.stm32cube.ide.mpu.remote.serial 1 1 2026-07-19 00:13:50.577
!MESSAGE port: COM3

!ENTRY com.st.stm32cube.ide.mpu.remote.serial 1 1 2026-07-19 00:13:50.578
!MESSAGE port: COM9

!ENTRY com.st.stm32cube.ide.mpu.remote.serial 1 1 2026-07-19 00:13:50.578
!MESSAGE port: COM10

!ENTRY com.st.stm32cube.ide.mpu.remote.serial 1 1 2026-07-19 00:13:50.579
!MESSAGE port: COM11

!ENTRY com.st.stm32cube.ide.mpu.remote.serial 1 1 2026-07-19 00:13:50.580
!MESSAGE port: COM12

!ENTRY com.st.stm32cube.ide.mpu.remote.serial 1 1 2026-07-19 00:13:50.581
!MESSAGE port: COM13

!ENTRY com.st.stm32cube.ide.mpu.remote.serial 1 1 2026-07-19 00:13:50.581
!MESSAGE port: COM16

!ENTRY com.st.stm32cube.ide.mpu.remote.serial 1 1 2026-07-19 00:13:50.582
!MESSAGE port: COM7

!ENTRY com.st.stm32cube.ide.mpu.remote.serial 1 1 2026-07-19 00:15:11.225
!MESSAGE Executed PowerShell command powershell.exe -Command "Get-CimInstance -ClassName Win32_SerialPort | Select-Object -ExpandProperty DeviceID":
COM4
COM5
COM6
COM8
COM17
COM3
COM9
COM10
COM11
COM12
COM13
COM16


!ENTRY com.st.stm32cube.ide.mpu.remote.serial 1 1 2026-07-19 00:15:11.226
!MESSAGE port: COM4

!ENTRY com.st.stm32cube.ide.mpu.remote.serial 1 1 2026-07-19 00:15:11.227
!MESSAGE port: COM5

!ENTRY com.st.stm32cube.ide.mpu.remote.serial 1 1 2026-07-19 00:15:11.227
!MESSAGE port: COM6

!ENTRY com.st.stm32cube.ide.mpu.remote.serial 1 1 2026-07-19 00:15:11.229
!MESSAGE port: COM8

!ENTRY com.st.stm32cube.ide.mpu.remote.serial 1 1 2026-07-19 00:15:11.229
!MESSAGE port: COM17

!ENTRY com.st.stm32cube.ide.mpu.remote.serial 1 1 2026-07-19 00:15:11.230
!MESSAGE port: COM3

!ENTRY com.st.stm32cube.ide.mpu.remote.serial 1 1 2026-07-19 00:15:11.231
!MESSAGE port: COM9

!ENTRY com.st.stm32cube.ide.mpu.remote.serial 1 1 2026-07-19 00:15:11.231
!MESSAGE port: COM10

!ENTRY com.st.stm32cube.ide.mpu.remote.serial 1 1 2026-07-19 00:15:11.231
!MESSAGE port: COM11

!ENTRY com.st.stm32cube.ide.mpu.remote.serial 1 1 2026-07-19 00:15:11.233
!MESSAGE port: COM12

!ENTRY com.st.stm32cube.ide.mpu.remote.serial 1 1 2026-07-19 00:15:11.234
!MESSAGE port: COM13

!ENTRY com.st.stm32cube.ide.mpu.remote.serial 1 1 2026-07-19 00:15:11.234
!MESSAGE port: COM16

!ENTRY com.st.stm32cube.ide.mpu.remote.serial 1 1 2026-07-19 00:16:47.401
!MESSAGE Executed PowerShell command powershell.exe -Command "Get-CimInstance -ClassName Win32_SerialPort | Select-Object -ExpandProperty DeviceID":
COM4
COM5
COM6
COM8
COM17
COM3
COM9
COM10
COM11
COM12
COM13
COM16
COM7


!ENTRY com.st.stm32cube.ide.mpu.remote.serial 1 1 2026-07-19 00:16:47.403
!MESSAGE port: COM4

!ENTRY com.st.stm32cube.ide.mpu.remote.serial 1 1 2026-07-19 00:16:47.404
!MESSAGE port: COM5

!ENTRY com.st.stm32cube.ide.mpu.remote.serial 1 1 2026-07-19 00:16:47.404
!MESSAGE port: COM6

!ENTRY com.st.stm32cube.ide.mpu.remote.serial 1 1 2026-07-19 00:16:47.405
!MESSAGE port: COM8

!ENTRY com.st.stm32cube.ide.mpu.remote.serial 1 1 2026-07-19 00:16:47.405
!MESSAGE port: COM17

!ENTRY com.st.stm32cube.ide.mpu.remote.serial 1 1 2026-07-19 00:16:47.407
!MESSAGE port: COM3

!ENTRY com.st.stm32cube.ide.mpu.remote.serial 1 1 2026-07-19 00:16:47.408
!MESSAGE port: COM9

!ENTRY com.st.stm32cube.ide.mpu.remote.serial 1 1 2026-07-19 00:16:47.409
!MESSAGE port: COM10

!ENTRY com.st.stm32cube.ide.mpu.remote.serial 1 1 2026-07-19 00:16:47.409
!MESSAGE port: COM11

!ENTRY com.st.stm32cube.ide.mpu.remote.serial 1 1 2026-07-19 00:16:47.410
!MESSAGE port: COM12

!ENTRY com.st.stm32cube.ide.mpu.remote.serial 1 1 2026-07-19 00:16:47.411
!MESSAGE port: COM13

!ENTRY com.st.stm32cube.ide.mpu.remote.serial 1 1 2026-07-19 00:16:47.411
!MESSAGE port: COM16

!ENTRY com.st.stm32cube.ide.mpu.remote.serial 1 1 2026-07-19 00:16:47.413
!MESSAGE port: COM7

!ENTRY com.st.stm32cube.ide.mpu.remote.serial 1 1 2026-07-19 00:18:44.148
!MESSAGE Executed PowerShell command powershell.exe -Command "Get-CimInstance -ClassName Win32_SerialPort | Select-Object -ExpandProperty DeviceID":
COM4
COM5
COM6
COM8
COM17
COM3
COM9
COM10
COM11
COM12
COM13
COM16


!ENTRY com.st.stm32cube.ide.mpu.remote.serial 1 1 2026-07-19 00:18:44.149
!MESSAGE port: COM4

!ENTRY com.st.stm32cube.ide.mpu.remote.serial 1 1 2026-07-19 00:18:44.150
!MESSAGE port: COM5

!ENTRY com.st.stm32cube.ide.mpu.remote.serial 1 1 2026-07-19 00:18:44.151
!MESSAGE port: COM6

!ENTRY com.st.stm32cube.ide.mpu.remote.serial 1 1 2026-07-19 00:18:44.151
!MESSAGE port: COM8

!ENTRY com.st.stm32cube.ide.mpu.remote.serial 1 1 2026-07-19 00:18:44.152
!MESSAGE port: COM17

!ENTRY com.st.stm32cube.ide.mpu.remote.serial 1 1 2026-07-19 00:18:44.152
!MESSAGE port: COM3

!ENTRY com.st.stm32cube.ide.mpu.remote.serial 1 1 2026-07-19 00:18:44.153
!MESSAGE port: COM9

!ENTRY com.st.stm32cube.ide.mpu.remote.serial 1 1 2026-07-19 00:18:44.153
!MESSAGE port: COM10

!ENTRY com.st.stm32cube.ide.mpu.remote.serial 1 1 2026-07-19 00:18:44.154
!MESSAGE port: COM11

!ENTRY com.st.stm32cube.ide.mpu.remote.serial 1 1 2026-07-19 00:18:44.154
!MESSAGE port: COM12

!ENTRY com.st.stm32cube.ide.mpu.remote.serial 1 1 2026-07-19 00:18:44.155
!MESSAGE port: COM13

!ENTRY com.st.stm32cube.ide.mpu.remote.serial 1 1 2026-07-19 00:18:44.156
!MESSAGE port: COM16

!ENTRY com.st.stm32cube.ide.mpu.remote.serial 1 1 2026-07-19 00:20:17.047
!MESSAGE Executed PowerShell command powershell.exe -Command "Get-CimInstance -ClassName Win32_SerialPort | Select-Object -ExpandProperty DeviceID":
COM4
COM5
COM6
COM8
COM17
COM3
COM9
COM10
COM11
COM12
COM13
COM16


!ENTRY com.st.stm32cube.ide.mpu.remote.serial 1 1 2026-07-19 00:20:17.047
!MESSAGE port: COM4

!ENTRY com.st.stm32cube.ide.mpu.remote.serial 1 1 2026-07-19 00:20:17.049
!MESSAGE port: COM5

!ENTRY com.st.stm32cube.ide.mpu.remote.serial 1 1 2026-07-19 00:20:17.051
!MESSAGE port: COM6

!ENTRY com.st.stm32cube.ide.mpu.remote.serial 1 1 2026-07-19 00:20:17.051
!MESSAGE port: COM8

!ENTRY com.st.stm32cube.ide.mpu.remote.serial 1 1 2026-07-19 00:20:17.052
!MESSAGE port: COM17

!ENTRY com.st.stm32cube.ide.mpu.remote.serial 1 1 2026-07-19 00:20:17.053
!MESSAGE port: COM3

!ENTRY com.st.stm32cube.ide.mpu.remote.serial 1 1 2026-07-19 00:20:17.053
!MESSAGE port: COM9

!ENTRY com.st.stm32cube.ide.mpu.remote.serial 1 1 2026-07-19 00:20:17.054
!MESSAGE port: COM10

!ENTRY com.st.stm32cube.ide.mpu.remote.serial 1 1 2026-07-19 00:20:17.055
!MESSAGE port: COM11

!ENTRY com.st.stm32cube.ide.mpu.remote.serial 1 1 2026-07-19 00:20:17.056
!MESSAGE port: COM12

!ENTRY com.st.stm32cube.ide.mpu.remote.serial 1 1 2026-07-19 00:20:17.056
!MESSAGE port: COM13

!ENTRY com.st.stm32cube.ide.mpu.remote.serial 1 1 2026-07-19 00:20:17.057
!MESSAGE port: COM16

!ENTRY com.st.stm32cube.ide.mpu.remote.serial 1 1 2026-07-19 00:20:48.316
!MESSAGE Executed PowerShell command powershell.exe -Command "Get-CimInstance -ClassName Win32_SerialPort | Select-Object -ExpandProperty DeviceID":
COM4
COM5
COM6
COM8
COM17
COM3
COM9
COM10
COM11
COM12
COM13
COM16


!ENTRY com.st.stm32cube.ide.mpu.remote.serial 1 1 2026-07-19 00:20:48.317
!MESSAGE port: COM4

!ENTRY com.st.stm32cube.ide.mpu.remote.serial 1 1 2026-07-19 00:20:48.318
!MESSAGE port: COM5

!ENTRY com.st.stm32cube.ide.mpu.remote.serial 1 1 2026-07-19 00:20:48.318
!MESSAGE port: COM6

!ENTRY com.st.stm32cube.ide.mpu.remote.serial 1 1 2026-07-19 00:20:48.330
!MESSAGE port: COM8

!ENTRY com.st.stm32cube.ide.mpu.remote.serial 1 1 2026-07-19 00:20:48.331
!MESSAGE port: COM17

!ENTRY com.st.stm32cube.ide.mpu.remote.serial 1 1 2026-07-19 00:20:48.332
!MESSAGE port: COM3

!ENTRY com.st.stm32cube.ide.mpu.remote.serial 1 1 2026-07-19 00:20:48.333
!MESSAGE port: COM9

!ENTRY com.st.stm32cube.ide.mpu.remote.serial 1 1 2026-07-19 00:20:48.333
!MESSAGE port: COM10

!ENTRY com.st.stm32cube.ide.mpu.remote.serial 1 1 2026-07-19 00:20:48.334
!MESSAGE port: COM11

!ENTRY com.st.stm32cube.ide.mpu.remote.serial 1 1 2026-07-19 00:20:48.335
!MESSAGE port: COM12

!ENTRY com.st.stm32cube.ide.mpu.remote.serial 1 1 2026-07-19 00:20:48.336
!MESSAGE port: COM13

!ENTRY com.st.stm32cube.ide.mpu.remote.serial 1 1 2026-07-19 00:20:48.336
!MESSAGE port: COM16

!ENTRY com.st.stm32cube.ide.mpu.remote.serial 1 1 2026-07-19 00:24:53.266
!MESSAGE Executed PowerShell command powershell.exe -Command "Get-CimInstance -ClassName Win32_SerialPort | Select-Object -ExpandProperty DeviceID":
COM4
COM5
COM6
COM8
COM17
COM3
COM9
COM10
COM11
COM12
COM13
COM16


!ENTRY com.st.stm32cube.ide.mpu.remote.serial 1 1 2026-07-19 00:24:53.268
!MESSAGE port: COM4

!ENTRY com.st.stm32cube.ide.mpu.remote.serial 1 1 2026-07-19 00:24:53.269
!MESSAGE port: COM5

!ENTRY com.st.stm32cube.ide.mpu.remote.serial 1 1 2026-07-19 00:24:53.270
!MESSAGE port: COM6

!ENTRY com.st.stm32cube.ide.mpu.remote.serial 1 1 2026-07-19 00:24:53.270
!MESSAGE port: COM8

!ENTRY com.st.stm32cube.ide.mpu.remote.serial 1 1 2026-07-19 00:24:53.271
!MESSAGE port: COM17

!ENTRY com.st.stm32cube.ide.mpu.remote.serial 1 1 2026-07-19 00:24:53.271
!MESSAGE port: COM3

!ENTRY com.st.stm32cube.ide.mpu.remote.serial 1 1 2026-07-19 00:24:53.273
!MESSAGE port: COM9

!ENTRY com.st.stm32cube.ide.mpu.remote.serial 1 1 2026-07-19 00:24:53.273
!MESSAGE port: COM10

!ENTRY com.st.stm32cube.ide.mpu.remote.serial 1 1 2026-07-19 00:24:53.274
!MESSAGE port: COM11

!ENTRY com.st.stm32cube.ide.mpu.remote.serial 1 1 2026-07-19 00:24:53.274
!MESSAGE port: COM12

!ENTRY com.st.stm32cube.ide.mpu.remote.serial 1 1 2026-07-19 00:24:53.276
!MESSAGE port: COM13

!ENTRY com.st.stm32cube.ide.mpu.remote.serial 1 1 2026-07-19 00:24:53.276
!MESSAGE port: COM16

!ENTRY com.st.stm32cube.ide.mpu.remote.serial 1 1 2026-07-19 00:25:24.635
!MESSAGE Executed PowerShell command powershell.exe -Command "Get-CimInstance -ClassName Win32_SerialPort | Select-Object -ExpandProperty DeviceID":
COM4
COM5
COM6
COM8
COM17
COM3
COM9
COM10
COM11
COM12
COM13
COM16


!ENTRY com.st.stm32cube.ide.mpu.remote.serial 1 1 2026-07-19 00:25:24.637
!MESSAGE port: COM4

!ENTRY com.st.stm32cube.ide.mpu.remote.serial 1 1 2026-07-19 00:25:24.637
!MESSAGE port: COM5

!ENTRY com.st.stm32cube.ide.mpu.remote.serial 1 1 2026-07-19 00:25:24.638
!MESSAGE port: COM6

!ENTRY com.st.stm32cube.ide.mpu.remote.serial 1 1 2026-07-19 00:25:24.639
!MESSAGE port: COM8

!ENTRY com.st.stm32cube.ide.mpu.remote.serial 1 1 2026-07-19 00:25:24.639
!MESSAGE port: COM17

!ENTRY com.st.stm32cube.ide.mpu.remote.serial 1 1 2026-07-19 00:25:24.640
!MESSAGE port: COM3

!ENTRY com.st.stm32cube.ide.mpu.remote.serial 1 1 2026-07-19 00:25:24.641
!MESSAGE port: COM9

!ENTRY com.st.stm32cube.ide.mpu.remote.serial 1 1 2026-07-19 00:25:24.641
!MESSAGE port: COM10

!ENTRY com.st.stm32cube.ide.mpu.remote.serial 1 1 2026-07-19 00:25:24.642
!MESSAGE port: COM11

!ENTRY com.st.stm32cube.ide.mpu.remote.serial 1 1 2026-07-19 00:25:24.643
!MESSAGE port: COM12

!ENTRY com.st.stm32cube.ide.mpu.remote.serial 1 1 2026-07-19 00:25:24.643
!MESSAGE port: COM13

!ENTRY com.st.stm32cube.ide.mpu.remote.serial 1 1 2026-07-19 00:25:24.644
!MESSAGE port: COM16

!ENTRY com.st.stm32cube.ide.mpu.remote.serial 1 1 2026-07-19 00:30:39.944
!MESSAGE Executed PowerShell command powershell.exe -Command "Get-CimInstance -ClassName Win32_SerialPort | Select-Object -ExpandProperty DeviceID":
COM4
COM5
COM6
COM8
COM17
COM3
COM9
COM10
COM11
COM12
COM13
COM16


!ENTRY com.st.stm32cube.ide.mpu.remote.serial 1 1 2026-07-19 00:30:39.946
!MESSAGE port: COM4

!ENTRY com.st.stm32cube.ide.mpu.remote.serial 1 1 2026-07-19 00:30:39.948
!MESSAGE port: COM5

!ENTRY com.st.stm32cube.ide.mpu.remote.serial 1 1 2026-07-19 00:30:39.949
!MESSAGE port: COM6

!ENTRY com.st.stm32cube.ide.mpu.remote.serial 1 1 2026-07-19 00:30:39.950
!MESSAGE port: COM8

!ENTRY com.st.stm32cube.ide.mpu.remote.serial 1 1 2026-07-19 00:30:39.951
!MESSAGE port: COM17

!ENTRY com.st.stm32cube.ide.mpu.remote.serial 1 1 2026-07-19 00:30:39.951
!MESSAGE port: COM3

!ENTRY com.st.stm32cube.ide.mpu.remote.serial 1 1 2026-07-19 00:30:39.952
!MESSAGE port: COM9

!ENTRY com.st.stm32cube.ide.mpu.remote.serial 1 1 2026-07-19 00:30:39.952
!MESSAGE port: COM10

!ENTRY com.st.stm32cube.ide.mpu.remote.serial 1 1 2026-07-19 00:30:39.954
!MESSAGE port: COM11

!ENTRY com.st.stm32cube.ide.mpu.remote.serial 1 1 2026-07-19 00:30:39.954
!MESSAGE port: COM12

!ENTRY com.st.stm32cube.ide.mpu.remote.serial 1 1 2026-07-19 00:30:39.956
!MESSAGE port: COM13

!ENTRY com.st.stm32cube.ide.mpu.remote.serial 1 1 2026-07-19 00:30:39.956
!MESSAGE port: COM16

!ENTRY com.st.stm32cube.ide.mpu.remote.serial 1 1 2026-07-19 00:31:11.284
!MESSAGE Executed PowerShell command powershell.exe -Command "Get-CimInstance -ClassName Win32_SerialPort | Select-Object -ExpandProperty DeviceID":
COM4
COM5
COM6
COM8
COM17
COM3
COM9
COM10
COM11
COM12
COM13
COM16


!ENTRY com.st.stm32cube.ide.mpu.remote.serial 1 1 2026-07-19 00:31:11.286
!MESSAGE port: COM4

!ENTRY com.st.stm32cube.ide.mpu.remote.serial 1 1 2026-07-19 00:31:11.287
!MESSAGE port: COM5

!ENTRY com.st.stm32cube.ide.mpu.remote.serial 1 1 2026-07-19 00:31:11.288
!MESSAGE port: COM6

!ENTRY com.st.stm32cube.ide.mpu.remote.serial 1 1 2026-07-19 00:31:11.289
!MESSAGE port: COM8

!ENTRY com.st.stm32cube.ide.mpu.remote.serial 1 1 2026-07-19 00:31:11.290
!MESSAGE port: COM17

!ENTRY com.st.stm32cube.ide.mpu.remote.serial 1 1 2026-07-19 00:31:11.291
!MESSAGE port: COM3

!ENTRY com.st.stm32cube.ide.mpu.remote.serial 1 1 2026-07-19 00:31:11.292
!MESSAGE port: COM9

!ENTRY com.st.stm32cube.ide.mpu.remote.serial 1 1 2026-07-19 00:31:11.292
!MESSAGE port: COM10

!ENTRY com.st.stm32cube.ide.mpu.remote.serial 1 1 2026-07-19 00:31:11.293
!MESSAGE port: COM11

!ENTRY com.st.stm32cube.ide.mpu.remote.serial 1 1 2026-07-19 00:31:11.295
!MESSAGE port: COM12

!ENTRY com.st.stm32cube.ide.mpu.remote.serial 1 1 2026-07-19 00:31:11.295
!MESSAGE port: COM13

!ENTRY com.st.stm32cube.ide.mpu.remote.serial 1 1 2026-07-19 00:31:11.296
!MESSAGE port: COM16
!SESSION 2026-07-19 12:49:54.641 -----------------------------------------------
eclipse.buildId=Version 2.2.0
java.version=21.0.10
java.vendor=Eclipse Adoptium
BootLoader constants: OS=win32, ARCH=x86_64, WS=win32, NL=es_AR
Command-line arguments:  -os win32 -ws win32 -arch x86_64

!ENTRY com.st.stm32cube.ide.mcu.informationcenter 1 1 2026-07-19 12:50:14.562
!MESSAGE Log4j2 initialized with config file C:\Users\mechi\OneDrive\FIUBA\2026_1C\TdSEpf\tdse-pf_workspace\.metadata\.log4j2.xml

!ENTRY com.st.stm32cube.ide.mcu.ide 1 1 2026-07-19 12:50:27.526
!MESSAGE Started RMI Server, listening on port 41337

!ENTRY com.st.stm32cube.ide.mpu.remote.serial 1 1 2026-07-19 12:51:00.768
!MESSAGE Executed PowerShell command powershell.exe -Command "Get-CimInstance -ClassName Win32_SerialPort | Select-Object -ExpandProperty DeviceID":
COM4
COM5
COM6
COM8
COM17
COM3
COM9
COM10
COM11
COM12
COM13
COM16


!ENTRY com.st.stm32cube.ide.mpu.remote.serial 1 1 2026-07-19 12:51:00.770
!MESSAGE port: COM4

!ENTRY com.st.stm32cube.ide.mpu.remote.serial 1 1 2026-07-19 12:51:00.771
!MESSAGE port: COM5

!ENTRY com.st.stm32cube.ide.mpu.remote.serial 1 1 2026-07-19 12:51:00.772
!MESSAGE port: COM6

!ENTRY com.st.stm32cube.ide.mpu.remote.serial 1 1 2026-07-19 12:51:00.774
!MESSAGE port: COM8

!ENTRY com.st.stm32cube.ide.mpu.remote.serial 1 1 2026-07-19 12:51:00.775
!MESSAGE port: COM17

!ENTRY com.st.stm32cube.ide.mpu.remote.serial 1 1 2026-07-19 12:51:00.776
!MESSAGE port: COM3

!ENTRY com.st.stm32cube.ide.mpu.remote.serial 1 1 2026-07-19 12:51:00.777
!MESSAGE port: COM9

!ENTRY com.st.stm32cube.ide.mpu.remote.serial 1 1 2026-07-19 12:51:00.779
!MESSAGE port: COM10

!ENTRY com.st.stm32cube.ide.mpu.remote.serial 1 1 2026-07-19 12:51:00.780
!MESSAGE port: COM11

!ENTRY com.st.stm32cube.ide.mpu.remote.serial 1 1 2026-07-19 12:51:00.782
!MESSAGE port: COM12

!ENTRY com.st.stm32cube.ide.mpu.remote.serial 1 1 2026-07-19 12:51:00.783
!MESSAGE port: COM13

!ENTRY com.st.stm32cube.ide.mpu.remote.serial 1 1 2026-07-19 12:51:00.784
!MESSAGE port: COM16

!ENTRY com.st.stm32cube.ide.mpu.remote.serial 1 1 2026-07-19 21:22:12.636
!MESSAGE Executed PowerShell command powershell.exe -Command "Get-CimInstance -ClassName Win32_SerialPort | Select-Object -ExpandProperty DeviceID":
COM4
COM5
COM6
COM8
COM17
COM3
COM9
COM10
COM11
COM12
COM13
COM16
COM7


!ENTRY com.st.stm32cube.ide.mpu.remote.serial 1 1 2026-07-19 21:22:12.638
!MESSAGE port: COM4

!ENTRY com.st.stm32cube.ide.mpu.remote.serial 1 1 2026-07-19 21:22:12.639
!MESSAGE port: COM5

!ENTRY com.st.stm32cube.ide.mpu.remote.serial 1 1 2026-07-19 21:22:12.639
!MESSAGE port: COM6

!ENTRY com.st.stm32cube.ide.mpu.remote.serial 1 1 2026-07-19 21:22:12.641
!MESSAGE port: COM8

!ENTRY com.st.stm32cube.ide.mpu.remote.serial 1 1 2026-07-19 21:22:12.643
!MESSAGE port: COM17

!ENTRY com.st.stm32cube.ide.mpu.remote.serial 1 1 2026-07-19 21:22:12.644
!MESSAGE port: COM3

!ENTRY com.st.stm32cube.ide.mpu.remote.serial 1 1 2026-07-19 21:22:12.645
!MESSAGE port: COM9

!ENTRY com.st.stm32cube.ide.mpu.remote.serial 1 1 2026-07-19 21:22:12.645
!MESSAGE port: COM10

!ENTRY com.st.stm32cube.ide.mpu.remote.serial 1 1 2026-07-19 21:22:12.647
!MESSAGE port: COM11

!ENTRY com.st.stm32cube.ide.mpu.remote.serial 1 1 2026-07-19 21:22:12.648
!MESSAGE port: COM12

!ENTRY com.st.stm32cube.ide.mpu.remote.serial 1 1 2026-07-19 21:22:12.649
!MESSAGE port: COM13

!ENTRY com.st.stm32cube.ide.mpu.remote.serial 1 1 2026-07-19 21:22:12.649
!MESSAGE port: COM16

!ENTRY com.st.stm32cube.ide.mpu.remote.serial 1 1 2026-07-19 21:22:12.651
!MESSAGE port: COM7

!ENTRY com.st.stm32cube.ide.mpu.remote.serial 1 1 2026-07-19 21:23:16.772
!MESSAGE Executed PowerShell command powershell.exe -Command "Get-CimInstance -ClassName Win32_SerialPort | Select-Object -ExpandProperty DeviceID":
COM4
COM5
COM6
COM8
COM17
COM3
COM9
COM10
COM11
COM12
COM13
COM16


!ENTRY com.st.stm32cube.ide.mpu.remote.serial 1 1 2026-07-19 21:23:16.773
!MESSAGE port: COM4

!ENTRY com.st.stm32cube.ide.mpu.remote.serial 1 1 2026-07-19 21:23:16.774
!MESSAGE port: COM5

!ENTRY com.st.stm32cube.ide.mpu.remote.serial 1 1 2026-07-19 21:23:16.775
!MESSAGE port: COM6

!ENTRY com.st.stm32cube.ide.mpu.remote.serial 1 1 2026-07-19 21:23:16.776
!MESSAGE port: COM8

!ENTRY com.st.stm32cube.ide.mpu.remote.serial 1 1 2026-07-19 21:23:16.776
!MESSAGE port: COM17

!ENTRY com.st.stm32cube.ide.mpu.remote.serial 1 1 2026-07-19 21:23:16.778
!MESSAGE port: COM3

!ENTRY com.st.stm32cube.ide.mpu.remote.serial 1 1 2026-07-19 21:23:16.779
!MESSAGE port: COM9

!ENTRY com.st.stm32cube.ide.mpu.remote.serial 1 1 2026-07-19 21:23:16.779
!MESSAGE port: COM10

!ENTRY com.st.stm32cube.ide.mpu.remote.serial 1 1 2026-07-19 21:23:16.780
!MESSAGE port: COM11

!ENTRY com.st.stm32cube.ide.mpu.remote.serial 1 1 2026-07-19 21:23:16.781
!MESSAGE port: COM12

!ENTRY com.st.stm32cube.ide.mpu.remote.serial 1 1 2026-07-19 21:23:16.782
!MESSAGE port: COM13

!ENTRY com.st.stm32cube.ide.mpu.remote.serial 1 1 2026-07-19 21:23:16.783
!MESSAGE port: COM16

!ENTRY com.st.stm32cube.ide.mpu.remote.serial 1 1 2026-07-19 21:27:22.994
!MESSAGE Executed PowerShell command powershell.exe -Command "Get-CimInstance -ClassName Win32_SerialPort | Select-Object -ExpandProperty DeviceID":
COM4
COM5
COM6
COM8
COM17
COM3
COM9
COM10
COM11
COM12
COM13
COM16
COM7


!ENTRY com.st.stm32cube.ide.mpu.remote.serial 1 1 2026-07-19 21:27:22.994
!MESSAGE port: COM4

!ENTRY com.st.stm32cube.ide.mpu.remote.serial 1 1 2026-07-19 21:27:22.996
!MESSAGE port: COM5

!ENTRY com.st.stm32cube.ide.mpu.remote.serial 1 1 2026-07-19 21:27:22.996
!MESSAGE port: COM6

!ENTRY com.st.stm32cube.ide.mpu.remote.serial 1 1 2026-07-19 21:27:22.998
!MESSAGE port: COM8

!ENTRY com.st.stm32cube.ide.mpu.remote.serial 1 1 2026-07-19 21:27:22.998
!MESSAGE port: COM17

!ENTRY com.st.stm32cube.ide.mpu.remote.serial 1 1 2026-07-19 21:27:23.000
!MESSAGE port: COM3

!ENTRY com.st.stm32cube.ide.mpu.remote.serial 1 1 2026-07-19 21:27:23.001
!MESSAGE port: COM9

!ENTRY com.st.stm32cube.ide.mpu.remote.serial 1 1 2026-07-19 21:27:23.002
!MESSAGE port: COM10

!ENTRY com.st.stm32cube.ide.mpu.remote.serial 1 1 2026-07-19 21:27:23.003
!MESSAGE port: COM11

!ENTRY com.st.stm32cube.ide.mpu.remote.serial 1 1 2026-07-19 21:27:23.003
!MESSAGE port: COM12

!ENTRY com.st.stm32cube.ide.mpu.remote.serial 1 1 2026-07-19 21:27:23.004
!MESSAGE port: COM13

!ENTRY com.st.stm32cube.ide.mpu.remote.serial 1 1 2026-07-19 21:27:23.006
!MESSAGE port: COM16

!ENTRY com.st.stm32cube.ide.mpu.remote.serial 1 1 2026-07-19 21:27:23.006
!MESSAGE port: COM7

!ENTRY com.st.stm32cube.ide.mpu.remote.serial 1 1 2026-07-19 21:29:19.536
!MESSAGE Executed PowerShell command powershell.exe -Command "Get-CimInstance -ClassName Win32_SerialPort | Select-Object -ExpandProperty DeviceID":
COM4
COM5
COM6
COM8
COM17
COM3
COM9
COM10
COM11
COM12
COM13
COM16


!ENTRY com.st.stm32cube.ide.mpu.remote.serial 1 1 2026-07-19 21:29:19.537
!MESSAGE port: COM4

!ENTRY com.st.stm32cube.ide.mpu.remote.serial 1 1 2026-07-19 21:29:19.539
!MESSAGE port: COM5

!ENTRY com.st.stm32cube.ide.mpu.remote.serial 1 1 2026-07-19 21:29:19.539
!MESSAGE port: COM6

!ENTRY com.st.stm32cube.ide.mpu.remote.serial 1 1 2026-07-19 21:29:19.541
!MESSAGE port: COM8

!ENTRY com.st.stm32cube.ide.mpu.remote.serial 1 1 2026-07-19 21:29:19.541
!MESSAGE port: COM17

!ENTRY com.st.stm32cube.ide.mpu.remote.serial 1 1 2026-07-19 21:29:19.542
!MESSAGE port: COM3

!ENTRY com.st.stm32cube.ide.mpu.remote.serial 1 1 2026-07-19 21:29:19.543
!MESSAGE port: COM9

!ENTRY com.st.stm32cube.ide.mpu.remote.serial 1 1 2026-07-19 21:29:19.544
!MESSAGE port: COM10

!ENTRY com.st.stm32cube.ide.mpu.remote.serial 1 1 2026-07-19 21:29:19.544
!MESSAGE port: COM11

!ENTRY com.st.stm32cube.ide.mpu.remote.serial 1 1 2026-07-19 21:29:19.545
!MESSAGE port: COM12

!ENTRY com.st.stm32cube.ide.mpu.remote.serial 1 1 2026-07-19 21:29:19.545
!MESSAGE port: COM13

!ENTRY com.st.stm32cube.ide.mpu.remote.serial 1 1 2026-07-19 21:29:19.546
!MESSAGE port: COM16

!ENTRY com.st.stm32cube.ide.mpu.remote.serial 1 1 2026-07-19 21:32:21.773
!MESSAGE Executed PowerShell command powershell.exe -Command "Get-CimInstance -ClassName Win32_SerialPort | Select-Object -ExpandProperty DeviceID":
COM4
COM5
COM6
COM8
COM17
COM3
COM9
COM10
COM11
COM12
COM13
COM16


!ENTRY com.st.stm32cube.ide.mpu.remote.serial 1 1 2026-07-19 21:32:21.774
!MESSAGE port: COM4

!ENTRY com.st.stm32cube.ide.mpu.remote.serial 1 1 2026-07-19 21:32:21.775
!MESSAGE port: COM5

!ENTRY com.st.stm32cube.ide.mpu.remote.serial 1 1 2026-07-19 21:32:21.776
!MESSAGE port: COM6

!ENTRY com.st.stm32cube.ide.mpu.remote.serial 1 1 2026-07-19 21:32:21.777
!MESSAGE port: COM8

!ENTRY com.st.stm32cube.ide.mpu.remote.serial 1 1 2026-07-19 21:32:21.778
!MESSAGE port: COM17

!ENTRY com.st.stm32cube.ide.mpu.remote.serial 1 1 2026-07-19 21:32:21.778
!MESSAGE port: COM3

!ENTRY com.st.stm32cube.ide.mpu.remote.serial 1 1 2026-07-19 21:32:21.778
!MESSAGE port: COM9

!ENTRY com.st.stm32cube.ide.mpu.remote.serial 1 1 2026-07-19 21:32:21.780
!MESSAGE port: COM10

!ENTRY com.st.stm32cube.ide.mpu.remote.serial 1 1 2026-07-19 21:32:21.781
!MESSAGE port: COM11

!ENTRY com.st.stm32cube.ide.mpu.remote.serial 1 1 2026-07-19 21:32:21.782
!MESSAGE port: COM12

!ENTRY com.st.stm32cube.ide.mpu.remote.serial 1 1 2026-07-19 21:32:21.782
!MESSAGE port: COM13

!ENTRY com.st.stm32cube.ide.mpu.remote.serial 1 1 2026-07-19 21:32:21.783
!MESSAGE port: COM16

!ENTRY com.st.stm32cube.ide.mpu.remote.serial 1 1 2026-07-19 21:32:53.048
!MESSAGE Executed PowerShell command powershell.exe -Command "Get-CimInstance -ClassName Win32_SerialPort | Select-Object -ExpandProperty DeviceID":
COM4
COM5
COM6
COM8
COM17
COM3
COM9
COM10
COM11
COM12
COM13
COM16


!ENTRY com.st.stm32cube.ide.mpu.remote.serial 1 1 2026-07-19 21:32:53.052
!MESSAGE port: COM4

!ENTRY com.st.stm32cube.ide.mpu.remote.serial 1 1 2026-07-19 21:32:53.052
!MESSAGE port: COM5

!ENTRY com.st.stm32cube.ide.mpu.remote.serial 1 1 2026-07-19 21:32:53.054
!MESSAGE port: COM6

!ENTRY com.st.stm32cube.ide.mpu.remote.serial 1 1 2026-07-19 21:32:53.054
!MESSAGE port: COM8

!ENTRY com.st.stm32cube.ide.mpu.remote.serial 1 1 2026-07-19 21:32:53.054
!MESSAGE port: COM17

!ENTRY com.st.stm32cube.ide.mpu.remote.serial 1 1 2026-07-19 21:32:53.054
!MESSAGE port: COM3

!ENTRY com.st.stm32cube.ide.mpu.remote.serial 1 1 2026-07-19 21:32:53.054
!MESSAGE port: COM9

!ENTRY com.st.stm32cube.ide.mpu.remote.serial 1 1 2026-07-19 21:32:53.054
!MESSAGE port: COM10

!ENTRY com.st.stm32cube.ide.mpu.remote.serial 1 1 2026-07-19 21:32:53.054
!MESSAGE port: COM11

!ENTRY com.st.stm32cube.ide.mpu.remote.serial 1 1 2026-07-19 21:32:53.054
!MESSAGE port: COM12

!ENTRY com.st.stm32cube.ide.mpu.remote.serial 1 1 2026-07-19 21:32:53.054
!MESSAGE port: COM13

!ENTRY com.st.stm32cube.ide.mpu.remote.serial 1 1 2026-07-19 21:32:53.054
!MESSAGE port: COM16

!ENTRY com.st.stm32cube.ide.mpu.remote.serial 1 1 2026-07-19 21:59:49.725
!MESSAGE Executed PowerShell command powershell.exe -Command "Get-CimInstance -ClassName Win32_SerialPort | Select-Object -ExpandProperty DeviceID":
COM4
COM5
COM6
COM8
COM17
COM3
COM9
COM10
COM11
COM12
COM13
COM16
COM7


!ENTRY com.st.stm32cube.ide.mpu.remote.serial 1 1 2026-07-19 21:59:49.728
!MESSAGE port: COM4

!ENTRY com.st.stm32cube.ide.mpu.remote.serial 1 1 2026-07-19 21:59:49.729
!MESSAGE port: COM5

!ENTRY com.st.stm32cube.ide.mpu.remote.serial 1 1 2026-07-19 21:59:49.730
!MESSAGE port: COM6

!ENTRY com.st.stm32cube.ide.mpu.remote.serial 1 1 2026-07-19 21:59:49.732
!MESSAGE port: COM8

!ENTRY com.st.stm32cube.ide.mpu.remote.serial 1 1 2026-07-19 21:59:49.733
!MESSAGE port: COM17

!ENTRY com.st.stm32cube.ide.mpu.remote.serial 1 1 2026-07-19 21:59:49.734
!MESSAGE port: COM3

!ENTRY com.st.stm32cube.ide.mpu.remote.serial 1 1 2026-07-19 21:59:49.734
!MESSAGE port: COM9

!ENTRY com.st.stm32cube.ide.mpu.remote.serial 1 1 2026-07-19 21:59:49.735
!MESSAGE port: COM10

!ENTRY com.st.stm32cube.ide.mpu.remote.serial 1 1 2026-07-19 21:59:49.736
!MESSAGE port: COM11

!ENTRY com.st.stm32cube.ide.mpu.remote.serial 1 1 2026-07-19 21:59:49.736
!MESSAGE port: COM12

!ENTRY com.st.stm32cube.ide.mpu.remote.serial 1 1 2026-07-19 21:59:49.737
!MESSAGE port: COM13

!ENTRY com.st.stm32cube.ide.mpu.remote.serial 1 1 2026-07-19 21:59:49.739
!MESSAGE port: COM16

!ENTRY com.st.stm32cube.ide.mpu.remote.serial 1 1 2026-07-19 21:59:49.739
!MESSAGE port: COM7

!ENTRY com.st.stm32cube.ide.mpu.remote.serial 1 1 2026-07-19 22:00:27.597
!MESSAGE Executed PowerShell command powershell.exe -Command "Get-CimInstance -ClassName Win32_SerialPort | Select-Object -ExpandProperty DeviceID":
COM4
COM5
COM6
COM8
COM17
COM3
COM9
COM10
COM11
COM12
COM13
COM16


!ENTRY com.st.stm32cube.ide.mpu.remote.serial 1 1 2026-07-19 22:00:27.599
!MESSAGE port: COM4

!ENTRY com.st.stm32cube.ide.mpu.remote.serial 1 1 2026-07-19 22:00:27.600
!MESSAGE port: COM5

!ENTRY com.st.stm32cube.ide.mpu.remote.serial 1 1 2026-07-19 22:00:27.602
!MESSAGE port: COM6

!ENTRY com.st.stm32cube.ide.mpu.remote.serial 1 1 2026-07-19 22:00:27.603
!MESSAGE port: COM8

!ENTRY com.st.stm32cube.ide.mpu.remote.serial 1 1 2026-07-19 22:00:27.605
!MESSAGE port: COM17

!ENTRY com.st.stm32cube.ide.mpu.remote.serial 1 1 2026-07-19 22:00:27.606
!MESSAGE port: COM3

!ENTRY com.st.stm32cube.ide.mpu.remote.serial 1 1 2026-07-19 22:00:27.607
!MESSAGE port: COM9

!ENTRY com.st.stm32cube.ide.mpu.remote.serial 1 1 2026-07-19 22:00:27.608
!MESSAGE port: COM10

!ENTRY com.st.stm32cube.ide.mpu.remote.serial 1 1 2026-07-19 22:00:27.609
!MESSAGE port: COM11

!ENTRY com.st.stm32cube.ide.mpu.remote.serial 1 1 2026-07-19 22:00:27.611
!MESSAGE port: COM12

!ENTRY com.st.stm32cube.ide.mpu.remote.serial 1 1 2026-07-19 22:00:27.612
!MESSAGE port: COM13

!ENTRY com.st.stm32cube.ide.mpu.remote.serial 1 1 2026-07-19 22:00:27.613
!MESSAGE port: COM16

!ENTRY com.st.stm32cube.ide.mpu.remote.serial 1 1 2026-07-19 22:00:59.732
!MESSAGE Executed PowerShell command powershell.exe -Command "Get-CimInstance -ClassName Win32_SerialPort | Select-Object -ExpandProperty DeviceID":
COM4
COM5
COM6
COM8
COM17
COM3
COM9
COM10
COM11
COM12
COM13
COM16
COM7


!ENTRY com.st.stm32cube.ide.mpu.remote.serial 1 1 2026-07-19 22:00:59.733
!MESSAGE port: COM4

!ENTRY com.st.stm32cube.ide.mpu.remote.serial 1 1 2026-07-19 22:00:59.735
!MESSAGE port: COM5

!ENTRY com.st.stm32cube.ide.mpu.remote.serial 1 1 2026-07-19 22:00:59.736
!MESSAGE port: COM6

!ENTRY com.st.stm32cube.ide.mpu.remote.serial 1 1 2026-07-19 22:00:59.737
!MESSAGE port: COM8

!ENTRY com.st.stm32cube.ide.mpu.remote.serial 1 1 2026-07-19 22:00:59.738
!MESSAGE port: COM17

!ENTRY com.st.stm32cube.ide.mpu.remote.serial 1 1 2026-07-19 22:00:59.739
!MESSAGE port: COM3

!ENTRY com.st.stm32cube.ide.mpu.remote.serial 1 1 2026-07-19 22:00:59.740
!MESSAGE port: COM9

!ENTRY com.st.stm32cube.ide.mpu.remote.serial 1 1 2026-07-19 22:00:59.740
!MESSAGE port: COM10

!ENTRY com.st.stm32cube.ide.mpu.remote.serial 1 1 2026-07-19 22:00:59.741
!MESSAGE port: COM11

!ENTRY com.st.stm32cube.ide.mpu.remote.serial 1 1 2026-07-19 22:00:59.743
!MESSAGE port: COM12

!ENTRY com.st.stm32cube.ide.mpu.remote.serial 1 1 2026-07-19 22:00:59.743
!MESSAGE port: COM13

!ENTRY com.st.stm32cube.ide.mpu.remote.serial 1 1 2026-07-19 22:00:59.744
!MESSAGE port: COM16

!ENTRY com.st.stm32cube.ide.mpu.remote.serial 1 1 2026-07-19 22:00:59.745
!MESSAGE port: COM7

!ENTRY com.st.stm32cube.ide.mpu.remote.serial 1 1 2026-07-19 22:13:29.341
!MESSAGE Executed PowerShell command powershell.exe -Command "Get-CimInstance -ClassName Win32_SerialPort | Select-Object -ExpandProperty DeviceID":
COM4
COM5
COM6
COM8
COM17
COM3
COM9
COM10
COM11
COM12
COM13
COM16


!ENTRY com.st.stm32cube.ide.mpu.remote.serial 1 1 2026-07-19 22:13:29.345
!MESSAGE port: COM4

!ENTRY com.st.stm32cube.ide.mpu.remote.serial 1 1 2026-07-19 22:13:29.348
!MESSAGE port: COM5

!ENTRY com.st.stm32cube.ide.mpu.remote.serial 1 1 2026-07-19 22:13:29.349
!MESSAGE port: COM6

!ENTRY com.st.stm32cube.ide.mpu.remote.serial 1 1 2026-07-19 22:13:29.353
!MESSAGE port: COM8

!ENTRY com.st.stm32cube.ide.mpu.remote.serial 1 1 2026-07-19 22:13:29.355
!MESSAGE port: COM17

!ENTRY com.st.stm32cube.ide.mpu.remote.serial 1 1 2026-07-19 22:13:29.355
!MESSAGE port: COM3

!ENTRY com.st.stm32cube.ide.mpu.remote.serial 1 1 2026-07-19 22:13:29.358
!MESSAGE port: COM9

!ENTRY com.st.stm32cube.ide.mpu.remote.serial 1 1 2026-07-19 22:13:29.360
!MESSAGE port: COM10

!ENTRY com.st.stm32cube.ide.mpu.remote.serial 1 1 2026-07-19 22:13:29.361
!MESSAGE port: COM11

!ENTRY com.st.stm32cube.ide.mpu.remote.serial 1 1 2026-07-19 22:13:29.362
!MESSAGE port: COM12

!ENTRY com.st.stm32cube.ide.mpu.remote.serial 1 1 2026-07-19 22:13:29.363
!MESSAGE port: COM13

!ENTRY com.st.stm32cube.ide.mpu.remote.serial 1 1 2026-07-19 22:13:29.366
!MESSAGE port: COM16

!ENTRY com.st.stm32cube.ide.mpu.remote.serial 1 1 2026-07-19 22:16:57.955
!MESSAGE Executed PowerShell command powershell.exe -Command "Get-CimInstance -ClassName Win32_SerialPort | Select-Object -ExpandProperty DeviceID":
COM4
COM5
COM6
COM8
COM17
COM3
COM9
COM10
COM11
COM12
COM13
COM16


!ENTRY com.st.stm32cube.ide.mpu.remote.serial 1 1 2026-07-19 22:16:57.958
!MESSAGE port: COM4

!ENTRY com.st.stm32cube.ide.mpu.remote.serial 1 1 2026-07-19 22:16:57.959
!MESSAGE port: COM5

!ENTRY com.st.stm32cube.ide.mpu.remote.serial 1 1 2026-07-19 22:16:57.960
!MESSAGE port: COM6

!ENTRY com.st.stm32cube.ide.mpu.remote.serial 1 1 2026-07-19 22:16:57.960
!MESSAGE port: COM8

!ENTRY com.st.stm32cube.ide.mpu.remote.serial 1 1 2026-07-19 22:16:57.961
!MESSAGE port: COM17

!ENTRY com.st.stm32cube.ide.mpu.remote.serial 1 1 2026-07-19 22:16:57.961
!MESSAGE port: COM3

!ENTRY com.st.stm32cube.ide.mpu.remote.serial 1 1 2026-07-19 22:16:57.963
!MESSAGE port: COM9

!ENTRY com.st.stm32cube.ide.mpu.remote.serial 1 1 2026-07-19 22:16:57.963
!MESSAGE port: COM10

!ENTRY com.st.stm32cube.ide.mpu.remote.serial 1 1 2026-07-19 22:16:57.964
!MESSAGE port: COM11

!ENTRY com.st.stm32cube.ide.mpu.remote.serial 1 1 2026-07-19 22:16:57.965
!MESSAGE port: COM12

!ENTRY com.st.stm32cube.ide.mpu.remote.serial 1 1 2026-07-19 22:16:57.965
!MESSAGE port: COM13

!ENTRY com.st.stm32cube.ide.mpu.remote.serial 1 1 2026-07-19 22:16:57.966
!MESSAGE port: COM16

!ENTRY com.st.stm32cube.ide.mpu.remote.serial 1 1 2026-07-19 22:17:29.337
!MESSAGE Executed PowerShell command powershell.exe -Command "Get-CimInstance -ClassName Win32_SerialPort | Select-Object -ExpandProperty DeviceID":
COM4
COM5
COM6
COM8
COM17
COM3
COM9
COM10
COM11
COM12
COM13
COM16


!ENTRY com.st.stm32cube.ide.mpu.remote.serial 1 1 2026-07-19 22:17:29.339
!MESSAGE port: COM4

!ENTRY com.st.stm32cube.ide.mpu.remote.serial 1 1 2026-07-19 22:17:29.340
!MESSAGE port: COM5

!ENTRY com.st.stm32cube.ide.mpu.remote.serial 1 1 2026-07-19 22:17:29.342
!MESSAGE port: COM6

!ENTRY com.st.stm32cube.ide.mpu.remote.serial 1 1 2026-07-19 22:17:29.343
!MESSAGE port: COM8

!ENTRY com.st.stm32cube.ide.mpu.remote.serial 1 1 2026-07-19 22:17:29.343
!MESSAGE port: COM17

!ENTRY com.st.stm32cube.ide.mpu.remote.serial 1 1 2026-07-19 22:17:29.344
!MESSAGE port: COM3

!ENTRY com.st.stm32cube.ide.mpu.remote.serial 1 1 2026-07-19 22:17:29.344
!MESSAGE port: COM9

!ENTRY com.st.stm32cube.ide.mpu.remote.serial 1 1 2026-07-19 22:17:29.345
!MESSAGE port: COM10

!ENTRY com.st.stm32cube.ide.mpu.remote.serial 1 1 2026-07-19 22:17:29.345
!MESSAGE port: COM11

!ENTRY com.st.stm32cube.ide.mpu.remote.serial 1 1 2026-07-19 22:17:29.347
!MESSAGE port: COM12

!ENTRY com.st.stm32cube.ide.mpu.remote.serial 1 1 2026-07-19 22:17:29.347
!MESSAGE port: COM13

!ENTRY com.st.stm32cube.ide.mpu.remote.serial 1 1 2026-07-19 22:17:29.348
!MESSAGE port: COM16

!ENTRY com.st.stm32cube.ide.mcu.debug 4 0 2026-07-19 22:23:25.713
!MESSAGE Error - No active DSF-Session. tmpSessionId = 15 (contextManager row 121)

!ENTRY com.st.stm32cube.ide.mcu.debug 4 0 2026-07-19 22:23:25.715
!MESSAGE Existing sessions are:

!ENTRY com.st.stm32cube.ide.mcu.debug 4 0 2026-07-19 22:23:25.718
!MESSAGE Error - No active DSF-Session. tmpSessionId = 15 (contextManager row 121)

!ENTRY com.st.stm32cube.ide.mcu.debug 4 0 2026-07-19 22:23:25.718
!MESSAGE Existing sessions are:

!ENTRY com.st.stm32cube.ide.mpu.remote.serial 1 1 2026-07-19 22:23:44.002
!MESSAGE Executed PowerShell command powershell.exe -Command "Get-CimInstance -ClassName Win32_SerialPort | Select-Object -ExpandProperty DeviceID":
COM4
COM5
COM6
COM8
COM17
COM3
COM9
COM10
COM11
COM12
COM13
COM16
COM7


!ENTRY com.st.stm32cube.ide.mpu.remote.serial 1 1 2026-07-19 22:23:44.006
!MESSAGE port: COM4

!ENTRY com.st.stm32cube.ide.mpu.remote.serial 1 1 2026-07-19 22:23:44.007
!MESSAGE port: COM5

!ENTRY com.st.stm32cube.ide.mpu.remote.serial 1 1 2026-07-19 22:23:44.008
!MESSAGE port: COM6

!ENTRY com.st.stm32cube.ide.mpu.remote.serial 1 1 2026-07-19 22:23:44.009
!MESSAGE port: COM8

!ENTRY com.st.stm32cube.ide.mpu.remote.serial 1 1 2026-07-19 22:23:44.011
!MESSAGE port: COM17

!ENTRY com.st.stm32cube.ide.mpu.remote.serial 1 1 2026-07-19 22:23:44.012
!MESSAGE port: COM3

!ENTRY com.st.stm32cube.ide.mpu.remote.serial 1 1 2026-07-19 22:23:44.013
!MESSAGE port: COM9

!ENTRY com.st.stm32cube.ide.mpu.remote.serial 1 1 2026-07-19 22:23:44.014
!MESSAGE port: COM10

!ENTRY com.st.stm32cube.ide.mpu.remote.serial 1 1 2026-07-19 22:23:44.015
!MESSAGE port: COM11

!ENTRY com.st.stm32cube.ide.mpu.remote.serial 1 1 2026-07-19 22:23:44.016
!MESSAGE port: COM12

!ENTRY com.st.stm32cube.ide.mpu.remote.serial 1 1 2026-07-19 22:23:44.017
!MESSAGE port: COM13

!ENTRY com.st.stm32cube.ide.mpu.remote.serial 1 1 2026-07-19 22:23:44.018
!MESSAGE port: COM16

!ENTRY com.st.stm32cube.ide.mpu.remote.serial 1 1 2026-07-19 22:23:44.019
!MESSAGE port: COM7

!ENTRY org.eclipse.cdt.dsf.gdb 4 5012 2026-07-19 22:26:01.244
!MESSAGE Error in final launch sequence:

Failed to execute MI command:
monitor arm semihosting enable
Error message from debugger back end:
Cannot execute this command while the target is running.
Use the "interrupt" command to stop the target
and then try again.
!STACK 1
org.eclipse.core.runtime.CoreException: Failed to execute MI command:
monitor arm semihosting enable
Error message from debugger back end:
Cannot execute this command while the target is running.
Use the "interrupt" command to stop the target
and then try again.
	at org.eclipse.cdt.dsf.concurrent.Query.get(Query.java:112)
	at org.eclipse.cdt.dsf.gdb.launching.GdbLaunchDelegate.launchDebugSession(GdbLaunchDelegate.java:254)
	at org.eclipse.cdt.dsf.gdb.launching.GdbLaunchDelegate.launchDebugger(GdbLaunchDelegate.java:111)
	at org.eclipse.cdt.dsf.gdb.launching.GdbLaunchDelegate.launch(GdbLaunchDelegate.java:99)
	at com.st.stm32cube.ide.mcu.debug.launch.DSFDelegate.launch(DSFDelegate.java:337)
	at org.eclipse.debug.internal.core.LaunchConfiguration.launch(LaunchConfiguration.java:778)
	at org.eclipse.debug.internal.core.LaunchConfiguration.launch(LaunchConfiguration.java:689)
	at org.eclipse.debug.internal.ui.DebugUIPlugin.buildAndLaunch(DebugUIPlugin.java:1052)
	at org.eclipse.debug.internal.ui.DebugUIPlugin$1.run(DebugUIPlugin.java:1254)
	at org.eclipse.core.internal.jobs.Worker.run(Worker.java:63)
Contains: Failed to execute MI command:
monitor arm semihosting enable
Error message from debugger back end:
Cannot execute this command while the target is running.
Use the "interrupt" command to stop the target
and then try again.
java.lang.Exception: Cannot execute this command while the target is running.\nUse the "interrupt" command to stop the target\nand then try again.
	at org.eclipse.cdt.dsf.mi.service.command.AbstractMIControl$RxThread.processMIOutput(AbstractMIControl.java:1024)
	at org.eclipse.cdt.dsf.mi.service.command.AbstractMIControl$RxThread.run(AbstractMIControl.java:853)
!SUBENTRY 1 org.eclipse.cdt.dsf 4 10004 2026-07-19 22:26:01.262
!MESSAGE Failed to execute MI command:
monitor arm semihosting enable
Error message from debugger back end:
Cannot execute this command while the target is running.
Use the "interrupt" command to stop the target
and then try again.
!SUBENTRY 2 org.eclipse.cdt.dsf.gdb 4 10004 2026-07-19 22:26:01.262
!MESSAGE Failed to execute MI command:
monitor arm semihosting enable
Error message from debugger back end:
Cannot execute this command while the target is running.
Use the "interrupt" command to stop the target
and then try again.
!STACK 0
java.lang.Exception: Cannot execute this command while the target is running.\nUse the "interrupt" command to stop the target\nand then try again.
	at org.eclipse.cdt.dsf.mi.service.command.AbstractMIControl$RxThread.processMIOutput(AbstractMIControl.java:1024)
	at org.eclipse.cdt.dsf.mi.service.command.AbstractMIControl$RxThread.run(AbstractMIControl.java:853)

!ENTRY org.eclipse.cdt.dsf.gdb 4 104 2026-07-19 22:27:14.124
!MESSAGE Program file does not exist
!STACK 0
java.io.FileNotFoundException: C:\Users\mechi\OneDrive\FIUBA\2026_1C\TdSEpf\tdse-pf_workspace\tdse-tp2_00-model_integration\Debug\tdse-tp2_00-model_integration.elf not found
	at org.eclipse.cdt.dsf.gdb.launching.LaunchUtils.verifyProgramPath(LaunchUtils.java:130)
	at org.eclipse.cdt.dsf.gdb.launching.GdbLaunchDelegate.checkBinaryDetails(GdbLaunchDelegate.java:332)
	at org.eclipse.cdt.dsf.gdb.launching.GdbLaunchDelegate.launchDebugSession(GdbLaunchDelegate.java:154)
	at org.eclipse.cdt.dsf.gdb.launching.GdbLaunchDelegate.launchDebugger(GdbLaunchDelegate.java:111)
	at org.eclipse.cdt.dsf.gdb.launching.GdbLaunchDelegate.launch(GdbLaunchDelegate.java:99)
	at com.st.stm32cube.ide.mcu.debug.launch.DSFDelegate.launch(DSFDelegate.java:337)
	at org.eclipse.debug.internal.core.LaunchConfiguration.launch(LaunchConfiguration.java:778)
	at org.eclipse.debug.internal.core.LaunchConfiguration.launch(LaunchConfiguration.java:689)
	at org.eclipse.debug.internal.ui.DebugUIPlugin.buildAndLaunch(DebugUIPlugin.java:1052)
	at org.eclipse.debug.internal.ui.DebugUIPlugin$1.run(DebugUIPlugin.java:1254)
	at org.eclipse.core.internal.jobs.Worker.run(Worker.java:63)
!SUBENTRY 1 org.eclipse.cdt.dsf.gdb 4 104 2026-07-19 22:27:14.125
!MESSAGE C:\Users\mechi\OneDrive\FIUBA\2026_1C\TdSEpf\tdse-pf_workspace\tdse-tp2_00-model_integration\Debug\tdse-tp2_00-model_integration.elf not found
!STACK 0
java.io.FileNotFoundException: C:\Users\mechi\OneDrive\FIUBA\2026_1C\TdSEpf\tdse-pf_workspace\tdse-tp2_00-model_integration\Debug\tdse-tp2_00-model_integration.elf not found
	at org.eclipse.cdt.dsf.gdb.launching.LaunchUtils.verifyProgramPath(LaunchUtils.java:130)
	at org.eclipse.cdt.dsf.gdb.launching.GdbLaunchDelegate.checkBinaryDetails(GdbLaunchDelegate.java:332)
	at org.eclipse.cdt.dsf.gdb.launching.GdbLaunchDelegate.launchDebugSession(GdbLaunchDelegate.java:154)
	at org.eclipse.cdt.dsf.gdb.launching.GdbLaunchDelegate.launchDebugger(GdbLaunchDelegate.java:111)
	at org.eclipse.cdt.dsf.gdb.launching.GdbLaunchDelegate.launch(GdbLaunchDelegate.java:99)
	at com.st.stm32cube.ide.mcu.debug.launch.DSFDelegate.launch(DSFDelegate.java:337)
	at org.eclipse.debug.internal.core.LaunchConfiguration.launch(LaunchConfiguration.java:778)
	at org.eclipse.debug.internal.core.LaunchConfiguration.launch(LaunchConfiguration.java:689)
	at org.eclipse.debug.internal.ui.DebugUIPlugin.buildAndLaunch(DebugUIPlugin.java:1052)
	at org.eclipse.debug.internal.ui.DebugUIPlugin$1.run(DebugUIPlugin.java:1254)
	at org.eclipse.core.internal.jobs.Worker.run(Worker.java:63)

!ENTRY com.st.stm32cube.ide.mpu.remote.serial 1 1 2026-07-19 22:32:05.281
!MESSAGE Executed PowerShell command powershell.exe -Command "Get-CimInstance -ClassName Win32_SerialPort | Select-Object -ExpandProperty DeviceID":
COM4
COM5
COM6
COM8
COM17
COM3
COM9
COM10
COM11
COM12
COM13
COM16


!ENTRY com.st.stm32cube.ide.mpu.remote.serial 1 1 2026-07-19 22:32:05.284
!MESSAGE port: COM4

!ENTRY com.st.stm32cube.ide.mpu.remote.serial 1 1 2026-07-19 22:32:05.285
!MESSAGE port: COM5

!ENTRY com.st.stm32cube.ide.mpu.remote.serial 1 1 2026-07-19 22:32:05.287
!MESSAGE port: COM6

!ENTRY com.st.stm32cube.ide.mpu.remote.serial 1 1 2026-07-19 22:32:05.287
!MESSAGE port: COM8

!ENTRY com.st.stm32cube.ide.mpu.remote.serial 1 1 2026-07-19 22:32:05.288
!MESSAGE port: COM17

!ENTRY com.st.stm32cube.ide.mpu.remote.serial 1 1 2026-07-19 22:32:05.288
!MESSAGE port: COM3

!ENTRY com.st.stm32cube.ide.mpu.remote.serial 1 1 2026-07-19 22:32:05.290
!MESSAGE port: COM9

!ENTRY com.st.stm32cube.ide.mpu.remote.serial 1 1 2026-07-19 22:32:05.291
!MESSAGE port: COM10

!ENTRY com.st.stm32cube.ide.mpu.remote.serial 1 1 2026-07-19 22:32:05.291
!MESSAGE port: COM11

!ENTRY com.st.stm32cube.ide.mpu.remote.serial 1 1 2026-07-19 22:32:05.292
!MESSAGE port: COM12

!ENTRY com.st.stm32cube.ide.mpu.remote.serial 1 1 2026-07-19 22:32:05.293
!MESSAGE port: COM13

!ENTRY com.st.stm32cube.ide.mpu.remote.serial 1 1 2026-07-19 22:32:05.294
!MESSAGE port: COM16

!ENTRY com.st.stm32cube.ide.mpu.remote.serial 1 1 2026-07-19 22:40:57.077
!MESSAGE Executed PowerShell command powershell.exe -Command "Get-CimInstance -ClassName Win32_SerialPort | Select-Object -ExpandProperty DeviceID":
COM4
COM5
COM6
COM8
COM17
COM3
COM9
COM10
COM11
COM12
COM13
COM16


!ENTRY com.st.stm32cube.ide.mpu.remote.serial 1 1 2026-07-19 22:40:57.079
!MESSAGE port: COM4

!ENTRY com.st.stm32cube.ide.mpu.remote.serial 1 1 2026-07-19 22:40:57.080
!MESSAGE port: COM5

!ENTRY com.st.stm32cube.ide.mpu.remote.serial 1 1 2026-07-19 22:40:57.080
!MESSAGE port: COM6

!ENTRY com.st.stm32cube.ide.mpu.remote.serial 1 1 2026-07-19 22:40:57.081
!MESSAGE port: COM8

!ENTRY com.st.stm32cube.ide.mpu.remote.serial 1 1 2026-07-19 22:40:57.082
!MESSAGE port: COM17

!ENTRY com.st.stm32cube.ide.mpu.remote.serial 1 1 2026-07-19 22:40:57.083
!MESSAGE port: COM3

!ENTRY com.st.stm32cube.ide.mpu.remote.serial 1 1 2026-07-19 22:40:57.084
!MESSAGE port: COM9

!ENTRY com.st.stm32cube.ide.mpu.remote.serial 1 1 2026-07-19 22:40:57.084
!MESSAGE port: COM10

!ENTRY com.st.stm32cube.ide.mpu.remote.serial 1 1 2026-07-19 22:40:57.085
!MESSAGE port: COM11

!ENTRY com.st.stm32cube.ide.mpu.remote.serial 1 1 2026-07-19 22:40:57.086
!MESSAGE port: COM12

!ENTRY com.st.stm32cube.ide.mpu.remote.serial 1 1 2026-07-19 22:40:57.087
!MESSAGE port: COM13

!ENTRY com.st.stm32cube.ide.mpu.remote.serial 1 1 2026-07-19 22:40:57.087
!MESSAGE port: COM16

!ENTRY com.st.stm32cube.ide.mpu.remote.serial 1 1 2026-07-19 22:41:28.473
!MESSAGE Executed PowerShell command powershell.exe -Command "Get-CimInstance -ClassName Win32_SerialPort | Select-Object -ExpandProperty DeviceID":
COM4
COM5
COM6
COM8
COM17
COM3
COM9
COM10
COM11
COM12
COM13
COM16


!ENTRY com.st.stm32cube.ide.mpu.remote.serial 1 1 2026-07-19 22:41:28.474
!MESSAGE port: COM4

!ENTRY com.st.stm32cube.ide.mpu.remote.serial 1 1 2026-07-19 22:41:28.475
!MESSAGE port: COM5

!ENTRY com.st.stm32cube.ide.mpu.remote.serial 1 1 2026-07-19 22:41:28.477
!MESSAGE port: COM6

!ENTRY com.st.stm32cube.ide.mpu.remote.serial 1 1 2026-07-19 22:41:28.478
!MESSAGE port: COM8

!ENTRY com.st.stm32cube.ide.mpu.remote.serial 1 1 2026-07-19 22:41:28.479
!MESSAGE port: COM17

!ENTRY com.st.stm32cube.ide.mpu.remote.serial 1 1 2026-07-19 22:41:28.480
!MESSAGE port: COM3

!ENTRY com.st.stm32cube.ide.mpu.remote.serial 1 1 2026-07-19 22:41:28.480
!MESSAGE port: COM9

!ENTRY com.st.stm32cube.ide.mpu.remote.serial 1 1 2026-07-19 22:41:28.481
!MESSAGE port: COM10

!ENTRY com.st.stm32cube.ide.mpu.remote.serial 1 1 2026-07-19 22:41:28.482
!MESSAGE port: COM11

!ENTRY com.st.stm32cube.ide.mpu.remote.serial 1 1 2026-07-19 22:41:28.482
!MESSAGE port: COM12

!ENTRY com.st.stm32cube.ide.mpu.remote.serial 1 1 2026-07-19 22:41:28.484
!MESSAGE port: COM13

!ENTRY com.st.stm32cube.ide.mpu.remote.serial 1 1 2026-07-19 22:41:28.484
!MESSAGE port: COM16
!SESSION 2026-07-20 12:48:13.097 -----------------------------------------------
eclipse.buildId=Version 2.2.0
java.version=21.0.10
java.vendor=Eclipse Adoptium
BootLoader constants: OS=win32, ARCH=x86_64, WS=win32, NL=es_AR
Command-line arguments:  -os win32 -ws win32 -arch x86_64

!ENTRY com.st.stm32cube.ide.mcu.informationcenter 1 1 2026-07-20 12:48:36.739
!MESSAGE Log4j2 initialized with config file C:\Users\mechi\OneDrive\FIUBA\2026_1C\TdSEpf\tdse-pf_workspace\.metadata\.log4j2.xml

!ENTRY com.st.stm32cube.ide.mcu.ide 1 1 2026-07-20 12:48:55.111
!MESSAGE Started RMI Server, listening on port 41337

!ENTRY com.st.stm32cube.ide.mpu.remote.serial 1 1 2026-07-20 12:49:29.027
!MESSAGE Executed PowerShell command powershell.exe -Command "Get-CimInstance -ClassName Win32_SerialPort | Select-Object -ExpandProperty DeviceID":
COM4
COM5
COM6
COM8
COM17
COM3
COM9
COM10
COM11
COM12
COM13
COM16


!ENTRY com.st.stm32cube.ide.mpu.remote.serial 1 1 2026-07-20 12:49:29.030
!MESSAGE port: COM4

!ENTRY com.st.stm32cube.ide.mpu.remote.serial 1 1 2026-07-20 12:49:29.031
!MESSAGE port: COM5

!ENTRY com.st.stm32cube.ide.mpu.remote.serial 1 1 2026-07-20 12:49:29.032
!MESSAGE port: COM6

!ENTRY com.st.stm32cube.ide.mpu.remote.serial 1 1 2026-07-20 12:49:29.034
!MESSAGE port: COM8

!ENTRY com.st.stm32cube.ide.mpu.remote.serial 1 1 2026-07-20 12:49:29.035
!MESSAGE port: COM17

!ENTRY com.st.stm32cube.ide.mpu.remote.serial 1 1 2026-07-20 12:49:29.037
!MESSAGE port: COM3

!ENTRY com.st.stm32cube.ide.mpu.remote.serial 1 1 2026-07-20 12:49:29.039
!MESSAGE port: COM9

!ENTRY com.st.stm32cube.ide.mpu.remote.serial 1 1 2026-07-20 12:49:29.040
!MESSAGE port: COM10

!ENTRY com.st.stm32cube.ide.mpu.remote.serial 1 1 2026-07-20 12:49:29.042
!MESSAGE port: COM11

!ENTRY com.st.stm32cube.ide.mpu.remote.serial 1 1 2026-07-20 12:49:29.043
!MESSAGE port: COM12

!ENTRY com.st.stm32cube.ide.mpu.remote.serial 1 1 2026-07-20 12:49:29.044
!MESSAGE port: COM13

!ENTRY com.st.stm32cube.ide.mpu.remote.serial 1 1 2026-07-20 12:49:29.045
!MESSAGE port: COM16

!ENTRY com.st.stm32cube.ide.mpu.remote.serial 1 1 2026-07-21 13:26:38.120
!MESSAGE Executed PowerShell command powershell.exe -Command "Get-CimInstance -ClassName Win32_SerialPort | Select-Object -ExpandProperty DeviceID":
COM4
COM5
COM6
COM8
COM17
COM3
COM9
COM10
COM11
COM12
COM13
COM16
COM7


!ENTRY com.st.stm32cube.ide.mpu.remote.serial 1 1 2026-07-21 13:26:38.122
!MESSAGE port: COM4

!ENTRY com.st.stm32cube.ide.mpu.remote.serial 1 1 2026-07-21 13:26:38.124
!MESSAGE port: COM5

!ENTRY com.st.stm32cube.ide.mpu.remote.serial 1 1 2026-07-21 13:26:38.124
!MESSAGE port: COM6

!ENTRY com.st.stm32cube.ide.mpu.remote.serial 1 1 2026-07-21 13:26:38.124
!MESSAGE port: COM8

!ENTRY com.st.stm32cube.ide.mpu.remote.serial 1 1 2026-07-21 13:26:38.124
!MESSAGE port: COM17

!ENTRY com.st.stm32cube.ide.mpu.remote.serial 1 1 2026-07-21 13:26:38.127
!MESSAGE port: COM3

!ENTRY com.st.stm32cube.ide.mpu.remote.serial 1 1 2026-07-21 13:26:38.127
!MESSAGE port: COM9

!ENTRY com.st.stm32cube.ide.mpu.remote.serial 1 1 2026-07-21 13:26:38.130
!MESSAGE port: COM10

!ENTRY com.st.stm32cube.ide.mpu.remote.serial 1 1 2026-07-21 13:26:38.130
!MESSAGE port: COM11

!ENTRY com.st.stm32cube.ide.mpu.remote.serial 1 1 2026-07-21 13:26:38.130
!MESSAGE port: COM12

!ENTRY com.st.stm32cube.ide.mpu.remote.serial 1 1 2026-07-21 13:26:38.132
!MESSAGE port: COM13

!ENTRY com.st.stm32cube.ide.mpu.remote.serial 1 1 2026-07-21 13:26:38.132
!MESSAGE port: COM16

!ENTRY com.st.stm32cube.ide.mpu.remote.serial 1 1 2026-07-21 13:26:38.132
!MESSAGE port: COM7

!ENTRY com.st.stm32cube.ide.mpu.remote.serial 1 1 2026-07-21 13:27:12.962
!MESSAGE Executed PowerShell command powershell.exe -Command "Get-CimInstance -ClassName Win32_SerialPort | Select-Object -ExpandProperty DeviceID":
COM4
COM5
COM6
COM8
COM17
COM3
COM9
COM10
COM11
COM12
COM13
COM16


!ENTRY com.st.stm32cube.ide.mpu.remote.serial 1 1 2026-07-21 13:27:12.964
!MESSAGE port: COM4

!ENTRY com.st.stm32cube.ide.mpu.remote.serial 1 1 2026-07-21 13:27:12.965
!MESSAGE port: COM5

!ENTRY com.st.stm32cube.ide.mpu.remote.serial 1 1 2026-07-21 13:27:12.965
!MESSAGE port: COM6

!ENTRY com.st.stm32cube.ide.mpu.remote.serial 1 1 2026-07-21 13:27:12.965
!MESSAGE port: COM8

!ENTRY com.st.stm32cube.ide.mpu.remote.serial 1 1 2026-07-21 13:27:12.965
!MESSAGE port: COM17

!ENTRY com.st.stm32cube.ide.mpu.remote.serial 1 1 2026-07-21 13:27:12.965
!MESSAGE port: COM3

!ENTRY com.st.stm32cube.ide.mpu.remote.serial 1 1 2026-07-21 13:27:12.965
!MESSAGE port: COM9

!ENTRY com.st.stm32cube.ide.mpu.remote.serial 1 1 2026-07-21 13:27:12.965
!MESSAGE port: COM10

!ENTRY com.st.stm32cube.ide.mpu.remote.serial 1 1 2026-07-21 13:27:12.965
!MESSAGE port: COM11

!ENTRY com.st.stm32cube.ide.mpu.remote.serial 1 1 2026-07-21 13:27:12.965
!MESSAGE port: COM12

!ENTRY com.st.stm32cube.ide.mpu.remote.serial 1 1 2026-07-21 13:27:12.965
!MESSAGE port: COM13

!ENTRY com.st.stm32cube.ide.mpu.remote.serial 1 1 2026-07-21 13:27:12.965
!MESSAGE port: COM16

!ENTRY com.st.stm32cube.ide.mpu.remote.serial 1 1 2026-07-21 13:34:46.313
!MESSAGE Executed PowerShell command powershell.exe -Command "Get-CimInstance -ClassName Win32_SerialPort | Select-Object -ExpandProperty DeviceID":
COM4
COM5
COM6
COM8
COM17
COM3
COM9
COM10
COM11
COM12
COM13
COM16
COM7


!ENTRY com.st.stm32cube.ide.mpu.remote.serial 1 1 2026-07-21 13:34:46.315
!MESSAGE port: COM4

!ENTRY com.st.stm32cube.ide.mpu.remote.serial 1 1 2026-07-21 13:34:46.316
!MESSAGE port: COM5

!ENTRY com.st.stm32cube.ide.mpu.remote.serial 1 1 2026-07-21 13:34:46.317
!MESSAGE port: COM6

!ENTRY com.st.stm32cube.ide.mpu.remote.serial 1 1 2026-07-21 13:34:46.319
!MESSAGE port: COM8

!ENTRY com.st.stm32cube.ide.mpu.remote.serial 1 1 2026-07-21 13:34:46.320
!MESSAGE port: COM17

!ENTRY com.st.stm32cube.ide.mpu.remote.serial 1 1 2026-07-21 13:34:46.321
!MESSAGE port: COM3

!ENTRY com.st.stm32cube.ide.mpu.remote.serial 1 1 2026-07-21 13:34:46.322
!MESSAGE port: COM9

!ENTRY com.st.stm32cube.ide.mpu.remote.serial 1 1 2026-07-21 13:34:46.323
!MESSAGE port: COM10

!ENTRY com.st.stm32cube.ide.mpu.remote.serial 1 1 2026-07-21 13:34:46.324
!MESSAGE port: COM11

!ENTRY com.st.stm32cube.ide.mpu.remote.serial 1 1 2026-07-21 13:34:46.326
!MESSAGE port: COM12

!ENTRY com.st.stm32cube.ide.mpu.remote.serial 1 1 2026-07-21 13:34:46.327
!MESSAGE port: COM13

!ENTRY com.st.stm32cube.ide.mpu.remote.serial 1 1 2026-07-21 13:34:46.328
!MESSAGE port: COM16

!ENTRY com.st.stm32cube.ide.mpu.remote.serial 1 1 2026-07-21 13:34:46.330
!MESSAGE port: COM7

!ENTRY com.st.stm32cube.ide.mpu.remote.serial 1 1 2026-07-21 13:35:23.020
!MESSAGE Executed PowerShell command powershell.exe -Command "Get-CimInstance -ClassName Win32_SerialPort | Select-Object -ExpandProperty DeviceID":
COM4
COM5
COM6
COM8
COM17
COM3
COM9
COM10
COM11
COM12
COM13
COM16


!ENTRY com.st.stm32cube.ide.mpu.remote.serial 1 1 2026-07-21 13:35:23.025
!MESSAGE port: COM4

!ENTRY com.st.stm32cube.ide.mpu.remote.serial 1 1 2026-07-21 13:35:23.026
!MESSAGE port: COM5

!ENTRY com.st.stm32cube.ide.mpu.remote.serial 1 1 2026-07-21 13:35:23.027
!MESSAGE port: COM6

!ENTRY com.st.stm32cube.ide.mpu.remote.serial 1 1 2026-07-21 13:35:23.029
!MESSAGE port: COM8

!ENTRY com.st.stm32cube.ide.mpu.remote.serial 1 1 2026-07-21 13:35:23.030
!MESSAGE port: COM17

!ENTRY com.st.stm32cube.ide.mpu.remote.serial 1 1 2026-07-21 13:35:23.030
!MESSAGE port: COM3

!ENTRY com.st.stm32cube.ide.mpu.remote.serial 1 1 2026-07-21 13:35:23.030
!MESSAGE port: COM9

!ENTRY com.st.stm32cube.ide.mpu.remote.serial 1 1 2026-07-21 13:35:23.030
!MESSAGE port: COM10

!ENTRY com.st.stm32cube.ide.mpu.remote.serial 1 1 2026-07-21 13:35:23.030
!MESSAGE port: COM11

!ENTRY com.st.stm32cube.ide.mpu.remote.serial 1 1 2026-07-21 13:35:23.036
!MESSAGE port: COM12

!ENTRY com.st.stm32cube.ide.mpu.remote.serial 1 1 2026-07-21 13:35:23.036
!MESSAGE port: COM13

!ENTRY com.st.stm32cube.ide.mpu.remote.serial 1 1 2026-07-21 13:35:23.038
!MESSAGE port: COM16

!ENTRY com.st.stm32cube.ide.mpu.remote.serial 1 1 2026-07-21 13:37:35.492
!MESSAGE Executed PowerShell command powershell.exe -Command "Get-CimInstance -ClassName Win32_SerialPort | Select-Object -ExpandProperty DeviceID":
COM4
COM5
COM6
COM8
COM17
COM3
COM9
COM10
COM11
COM12
COM13
COM16


!ENTRY com.st.stm32cube.ide.mpu.remote.serial 1 1 2026-07-21 13:37:35.492
!MESSAGE port: COM4

!ENTRY com.st.stm32cube.ide.mpu.remote.serial 1 1 2026-07-21 13:37:35.500
!MESSAGE port: COM5

!ENTRY com.st.stm32cube.ide.mpu.remote.serial 1 1 2026-07-21 13:37:35.502
!MESSAGE port: COM6

!ENTRY com.st.stm32cube.ide.mpu.remote.serial 1 1 2026-07-21 13:37:35.502
!MESSAGE port: COM8

!ENTRY com.st.stm32cube.ide.mpu.remote.serial 1 1 2026-07-21 13:37:35.502
!MESSAGE port: COM17

!ENTRY com.st.stm32cube.ide.mpu.remote.serial 1 1 2026-07-21 13:37:35.502
!MESSAGE port: COM3

!ENTRY com.st.stm32cube.ide.mpu.remote.serial 1 1 2026-07-21 13:37:35.506
!MESSAGE port: COM9

!ENTRY com.st.stm32cube.ide.mpu.remote.serial 1 1 2026-07-21 13:37:35.506
!MESSAGE port: COM10

!ENTRY com.st.stm32cube.ide.mpu.remote.serial 1 1 2026-07-21 13:37:35.506
!MESSAGE port: COM11

!ENTRY com.st.stm32cube.ide.mpu.remote.serial 1 1 2026-07-21 13:37:35.506
!MESSAGE port: COM12

!ENTRY com.st.stm32cube.ide.mpu.remote.serial 1 1 2026-07-21 13:37:35.506
!MESSAGE port: COM13

!ENTRY com.st.stm32cube.ide.mpu.remote.serial 1 1 2026-07-21 13:37:35.506
!MESSAGE port: COM16

!ENTRY com.st.stm32cube.ide.mpu.remote.serial 1 1 2026-07-21 13:38:06.808
!MESSAGE Executed PowerShell command powershell.exe -Command "Get-CimInstance -ClassName Win32_SerialPort | Select-Object -ExpandProperty DeviceID":
COM4
COM5
COM6
COM8
COM17
COM3
COM9
COM10
COM11
COM12
COM13
COM16


!ENTRY com.st.stm32cube.ide.mpu.remote.serial 1 1 2026-07-21 13:38:06.810
!MESSAGE port: COM4

!ENTRY com.st.stm32cube.ide.mpu.remote.serial 1 1 2026-07-21 13:38:06.810
!MESSAGE port: COM5

!ENTRY com.st.stm32cube.ide.mpu.remote.serial 1 1 2026-07-21 13:38:06.813
!MESSAGE port: COM6

!ENTRY com.st.stm32cube.ide.mpu.remote.serial 1 1 2026-07-21 13:38:06.813
!MESSAGE port: COM8

!ENTRY com.st.stm32cube.ide.mpu.remote.serial 1 1 2026-07-21 13:38:06.815
!MESSAGE port: COM17

!ENTRY com.st.stm32cube.ide.mpu.remote.serial 1 1 2026-07-21 13:38:06.815
!MESSAGE port: COM3

!ENTRY com.st.stm32cube.ide.mpu.remote.serial 1 1 2026-07-21 13:38:06.817
!MESSAGE port: COM9

!ENTRY com.st.stm32cube.ide.mpu.remote.serial 1 1 2026-07-21 13:38:06.818
!MESSAGE port: COM10

!ENTRY com.st.stm32cube.ide.mpu.remote.serial 1 1 2026-07-21 13:38:06.818
!MESSAGE port: COM11

!ENTRY com.st.stm32cube.ide.mpu.remote.serial 1 1 2026-07-21 13:38:06.820
!MESSAGE port: COM12

!ENTRY com.st.stm32cube.ide.mpu.remote.serial 1 1 2026-07-21 13:38:06.820
!MESSAGE port: COM13

!ENTRY com.st.stm32cube.ide.mpu.remote.serial 1 1 2026-07-21 13:38:06.822
!MESSAGE port: COM16

!ENTRY com.st.stm32cube.ide.mpu.remote.serial 1 1 2026-07-21 13:39:01.045
!MESSAGE Executed PowerShell command powershell.exe -Command "Get-CimInstance -ClassName Win32_SerialPort | Select-Object -ExpandProperty DeviceID":
COM4
COM5
COM6
COM8
COM17
COM3
COM9
COM10
COM11
COM12
COM13
COM16
COM7


!ENTRY com.st.stm32cube.ide.mpu.remote.serial 1 1 2026-07-21 13:39:01.046
!MESSAGE port: COM4

!ENTRY com.st.stm32cube.ide.mpu.remote.serial 1 1 2026-07-21 13:39:01.046
!MESSAGE port: COM5

!ENTRY com.st.stm32cube.ide.mpu.remote.serial 1 1 2026-07-21 13:39:01.048
!MESSAGE port: COM6

!ENTRY com.st.stm32cube.ide.mpu.remote.serial 1 1 2026-07-21 13:39:01.049
!MESSAGE port: COM8

!ENTRY com.st.stm32cube.ide.mpu.remote.serial 1 1 2026-07-21 13:39:01.050
!MESSAGE port: COM17

!ENTRY com.st.stm32cube.ide.mpu.remote.serial 1 1 2026-07-21 13:39:01.051
!MESSAGE port: COM3

!ENTRY com.st.stm32cube.ide.mpu.remote.serial 1 1 2026-07-21 13:39:01.051
!MESSAGE port: COM9

!ENTRY com.st.stm32cube.ide.mpu.remote.serial 1 1 2026-07-21 13:39:01.052
!MESSAGE port: COM10

!ENTRY com.st.stm32cube.ide.mpu.remote.serial 1 1 2026-07-21 13:39:01.053
!MESSAGE port: COM11

!ENTRY com.st.stm32cube.ide.mpu.remote.serial 1 1 2026-07-21 13:39:01.054
!MESSAGE port: COM12

!ENTRY com.st.stm32cube.ide.mpu.remote.serial 1 1 2026-07-21 13:39:01.055
!MESSAGE port: COM13

!ENTRY com.st.stm32cube.ide.mpu.remote.serial 1 1 2026-07-21 13:39:01.055
!MESSAGE port: COM16

!ENTRY com.st.stm32cube.ide.mpu.remote.serial 1 1 2026-07-21 13:39:01.057
!MESSAGE port: COM7

!ENTRY com.st.stm32cube.ide.mpu.remote.serial 1 1 2026-07-21 13:39:35.903
!MESSAGE Executed PowerShell command powershell.exe -Command "Get-CimInstance -ClassName Win32_SerialPort | Select-Object -ExpandProperty DeviceID":
COM4
COM5
COM6
COM8
COM17
COM3
COM9
COM10
COM11
COM12
COM13
COM16


!ENTRY com.st.stm32cube.ide.mpu.remote.serial 1 1 2026-07-21 13:39:35.905
!MESSAGE port: COM4

!ENTRY com.st.stm32cube.ide.mpu.remote.serial 1 1 2026-07-21 13:39:35.905
!MESSAGE port: COM5

!ENTRY com.st.stm32cube.ide.mpu.remote.serial 1 1 2026-07-21 13:39:35.908
!MESSAGE port: COM6

!ENTRY com.st.stm32cube.ide.mpu.remote.serial 1 1 2026-07-21 13:39:35.908
!MESSAGE port: COM8

!ENTRY com.st.stm32cube.ide.mpu.remote.serial 1 1 2026-07-21 13:39:35.910
!MESSAGE port: COM17

!ENTRY com.st.stm32cube.ide.mpu.remote.serial 1 1 2026-07-21 13:39:35.910
!MESSAGE port: COM3

!ENTRY com.st.stm32cube.ide.mpu.remote.serial 1 1 2026-07-21 13:39:35.913
!MESSAGE port: COM9

!ENTRY com.st.stm32cube.ide.mpu.remote.serial 1 1 2026-07-21 13:39:35.914
!MESSAGE port: COM10

!ENTRY com.st.stm32cube.ide.mpu.remote.serial 1 1 2026-07-21 13:39:35.914
!MESSAGE port: COM11

!ENTRY com.st.stm32cube.ide.mpu.remote.serial 1 1 2026-07-21 13:39:35.914
!MESSAGE port: COM12

!ENTRY com.st.stm32cube.ide.mpu.remote.serial 1 1 2026-07-21 13:39:35.914
!MESSAGE port: COM13

!ENTRY com.st.stm32cube.ide.mpu.remote.serial 1 1 2026-07-21 13:39:35.914
!MESSAGE port: COM16

!ENTRY com.st.stm32cube.ide.mpu.remote.serial 1 1 2026-07-21 13:55:13.733
!MESSAGE Executed PowerShell command powershell.exe -Command "Get-CimInstance -ClassName Win32_SerialPort | Select-Object -ExpandProperty DeviceID":
COM4
COM5
COM6
COM8
COM17
COM3
COM9
COM10
COM11
COM12
COM13
COM16


!ENTRY com.st.stm32cube.ide.mpu.remote.serial 1 1 2026-07-21 13:55:13.733
!MESSAGE port: COM4

!ENTRY com.st.stm32cube.ide.mpu.remote.serial 1 1 2026-07-21 13:55:13.744
!MESSAGE port: COM5

!ENTRY com.st.stm32cube.ide.mpu.remote.serial 1 1 2026-07-21 13:55:13.744
!MESSAGE port: COM6

!ENTRY com.st.stm32cube.ide.mpu.remote.serial 1 1 2026-07-21 13:55:13.744
!MESSAGE port: COM8

!ENTRY com.st.stm32cube.ide.mpu.remote.serial 1 1 2026-07-21 13:55:13.744
!MESSAGE port: COM17

!ENTRY com.st.stm32cube.ide.mpu.remote.serial 1 1 2026-07-21 13:55:13.744
!MESSAGE port: COM3

!ENTRY com.st.stm32cube.ide.mpu.remote.serial 1 1 2026-07-21 13:55:13.749
!MESSAGE port: COM9

!ENTRY com.st.stm32cube.ide.mpu.remote.serial 1 1 2026-07-21 13:55:13.749
!MESSAGE port: COM10

!ENTRY com.st.stm32cube.ide.mpu.remote.serial 1 1 2026-07-21 13:55:13.749
!MESSAGE port: COM11

!ENTRY com.st.stm32cube.ide.mpu.remote.serial 1 1 2026-07-21 13:55:13.749
!MESSAGE port: COM12

!ENTRY com.st.stm32cube.ide.mpu.remote.serial 1 1 2026-07-21 13:55:13.749
!MESSAGE port: COM13

!ENTRY com.st.stm32cube.ide.mpu.remote.serial 1 1 2026-07-21 13:55:13.749
!MESSAGE port: COM16

!ENTRY com.st.stm32cube.ide.mpu.remote.serial 1 1 2026-07-21 13:55:45.149
!MESSAGE Executed PowerShell command powershell.exe -Command "Get-CimInstance -ClassName Win32_SerialPort | Select-Object -ExpandProperty DeviceID":
COM4
COM5
COM6
COM8
COM17
COM3
COM9
COM10
COM11
COM12
COM13
COM16


!ENTRY com.st.stm32cube.ide.mpu.remote.serial 1 1 2026-07-21 13:55:45.149
!MESSAGE port: COM4

!ENTRY com.st.stm32cube.ide.mpu.remote.serial 1 1 2026-07-21 13:55:45.149
!MESSAGE port: COM5

!ENTRY com.st.stm32cube.ide.mpu.remote.serial 1 1 2026-07-21 13:55:45.155
!MESSAGE port: COM6

!ENTRY com.st.stm32cube.ide.mpu.remote.serial 1 1 2026-07-21 13:55:45.155
!MESSAGE port: COM8

!ENTRY com.st.stm32cube.ide.mpu.remote.serial 1 1 2026-07-21 13:55:45.157
!MESSAGE port: COM17

!ENTRY com.st.stm32cube.ide.mpu.remote.serial 1 1 2026-07-21 13:55:45.157
!MESSAGE port: COM3

!ENTRY com.st.stm32cube.ide.mpu.remote.serial 1 1 2026-07-21 13:55:45.157
!MESSAGE port: COM9

!ENTRY com.st.stm32cube.ide.mpu.remote.serial 1 1 2026-07-21 13:55:45.157
!MESSAGE port: COM10

!ENTRY com.st.stm32cube.ide.mpu.remote.serial 1 1 2026-07-21 13:55:45.157
!MESSAGE port: COM11

!ENTRY com.st.stm32cube.ide.mpu.remote.serial 1 1 2026-07-21 13:55:45.157
!MESSAGE port: COM12

!ENTRY com.st.stm32cube.ide.mpu.remote.serial 1 1 2026-07-21 13:55:45.157
!MESSAGE port: COM13

!ENTRY com.st.stm32cube.ide.mpu.remote.serial 1 1 2026-07-21 13:55:45.165
!MESSAGE port: COM16

!ENTRY com.st.stm32cube.ide.mpu.remote.serial 1 1 2026-07-21 14:00:14.693
!MESSAGE Executed PowerShell command powershell.exe -Command "Get-CimInstance -ClassName Win32_SerialPort | Select-Object -ExpandProperty DeviceID":
COM4
COM5
COM6
COM8
COM17
COM3
COM9
COM10
COM11
COM12
COM13
COM16


!ENTRY com.st.stm32cube.ide.mpu.remote.serial 1 1 2026-07-21 14:00:14.695
!MESSAGE port: COM4

!ENTRY com.st.stm32cube.ide.mpu.remote.serial 1 1 2026-07-21 14:00:14.695
!MESSAGE port: COM5

!ENTRY com.st.stm32cube.ide.mpu.remote.serial 1 1 2026-07-21 14:00:14.695
!MESSAGE port: COM6

!ENTRY com.st.stm32cube.ide.mpu.remote.serial 1 1 2026-07-21 14:00:14.695
!MESSAGE port: COM8

!ENTRY com.st.stm32cube.ide.mpu.remote.serial 1 1 2026-07-21 14:00:14.699
!MESSAGE port: COM17

!ENTRY com.st.stm32cube.ide.mpu.remote.serial 1 1 2026-07-21 14:00:14.699
!MESSAGE port: COM3

!ENTRY com.st.stm32cube.ide.mpu.remote.serial 1 1 2026-07-21 14:00:14.699
!MESSAGE port: COM9

!ENTRY com.st.stm32cube.ide.mpu.remote.serial 1 1 2026-07-21 14:00:14.702
!MESSAGE port: COM10

!ENTRY com.st.stm32cube.ide.mpu.remote.serial 1 1 2026-07-21 14:00:14.702
!MESSAGE port: COM11

!ENTRY com.st.stm32cube.ide.mpu.remote.serial 1 1 2026-07-21 14:00:14.702
!MESSAGE port: COM12

!ENTRY com.st.stm32cube.ide.mpu.remote.serial 1 1 2026-07-21 14:00:14.702
!MESSAGE port: COM13

!ENTRY com.st.stm32cube.ide.mpu.remote.serial 1 1 2026-07-21 14:00:14.705
!MESSAGE port: COM16

!ENTRY com.st.stm32cube.ide.mpu.remote.serial 1 1 2026-07-21 14:00:46.018
!MESSAGE Executed PowerShell command powershell.exe -Command "Get-CimInstance -ClassName Win32_SerialPort | Select-Object -ExpandProperty DeviceID":
COM4
COM5
COM6
COM8
COM17
COM3
COM9
COM10
COM11
COM12
COM13
COM16


!ENTRY com.st.stm32cube.ide.mpu.remote.serial 1 1 2026-07-21 14:00:46.018
!MESSAGE port: COM4

!ENTRY com.st.stm32cube.ide.mpu.remote.serial 1 1 2026-07-21 14:00:46.018
!MESSAGE port: COM5

!ENTRY com.st.stm32cube.ide.mpu.remote.serial 1 1 2026-07-21 14:00:46.025
!MESSAGE port: COM6

!ENTRY com.st.stm32cube.ide.mpu.remote.serial 1 1 2026-07-21 14:00:46.026
!MESSAGE port: COM8

!ENTRY com.st.stm32cube.ide.mpu.remote.serial 1 1 2026-07-21 14:00:46.026
!MESSAGE port: COM17

!ENTRY com.st.stm32cube.ide.mpu.remote.serial 1 1 2026-07-21 14:00:46.028
!MESSAGE port: COM3

!ENTRY com.st.stm32cube.ide.mpu.remote.serial 1 1 2026-07-21 14:00:46.030
!MESSAGE port: COM9

!ENTRY com.st.stm32cube.ide.mpu.remote.serial 1 1 2026-07-21 14:00:46.030
!MESSAGE port: COM10

!ENTRY com.st.stm32cube.ide.mpu.remote.serial 1 1 2026-07-21 14:00:46.032
!MESSAGE port: COM11

!ENTRY com.st.stm32cube.ide.mpu.remote.serial 1 1 2026-07-21 14:00:46.032
!MESSAGE port: COM12

!ENTRY com.st.stm32cube.ide.mpu.remote.serial 1 1 2026-07-21 14:00:46.034
!MESSAGE port: COM13

!ENTRY com.st.stm32cube.ide.mpu.remote.serial 1 1 2026-07-21 14:00:46.034
!MESSAGE port: COM16

!ENTRY com.st.stm32cube.ide.mpu.remote.serial 1 1 2026-07-21 14:11:06.949
!MESSAGE Executed PowerShell command powershell.exe -Command "Get-CimInstance -ClassName Win32_SerialPort | Select-Object -ExpandProperty DeviceID":
COM4
COM5
COM6
COM8
COM17
COM3
COM9
COM10
COM11
COM12
COM13
COM16
COM7


!ENTRY com.st.stm32cube.ide.mpu.remote.serial 1 1 2026-07-21 14:11:06.954
!MESSAGE port: COM4

!ENTRY com.st.stm32cube.ide.mpu.remote.serial 1 1 2026-07-21 14:11:06.970
!MESSAGE port: COM5

!ENTRY com.st.stm32cube.ide.mpu.remote.serial 1 1 2026-07-21 14:11:06.970
!MESSAGE port: COM6

!ENTRY com.st.stm32cube.ide.mpu.remote.serial 1 1 2026-07-21 14:11:06.970
!MESSAGE port: COM8

!ENTRY com.st.stm32cube.ide.mpu.remote.serial 1 1 2026-07-21 14:11:06.970
!MESSAGE port: COM17

!ENTRY com.st.stm32cube.ide.mpu.remote.serial 1 1 2026-07-21 14:11:06.987
!MESSAGE port: COM3

!ENTRY com.st.stm32cube.ide.mpu.remote.serial 1 1 2026-07-21 14:11:06.989
!MESSAGE port: COM9

!ENTRY com.st.stm32cube.ide.mpu.remote.serial 1 1 2026-07-21 14:11:06.989
!MESSAGE port: COM10

!ENTRY com.st.stm32cube.ide.mpu.remote.serial 1 1 2026-07-21 14:11:06.989
!MESSAGE port: COM11

!ENTRY com.st.stm32cube.ide.mpu.remote.serial 1 1 2026-07-21 14:11:06.989
!MESSAGE port: COM12

!ENTRY com.st.stm32cube.ide.mpu.remote.serial 1 1 2026-07-21 14:11:06.989
!MESSAGE port: COM13

!ENTRY com.st.stm32cube.ide.mpu.remote.serial 1 1 2026-07-21 14:11:06.989
!MESSAGE port: COM16

!ENTRY com.st.stm32cube.ide.mpu.remote.serial 1 1 2026-07-21 14:11:06.997
!MESSAGE port: COM7

!ENTRY com.st.stm32cube.ide.mpu.remote.serial 1 1 2026-07-21 14:12:20.201
!MESSAGE Executed PowerShell command powershell.exe -Command "Get-CimInstance -ClassName Win32_SerialPort | Select-Object -ExpandProperty DeviceID":
COM4
COM5
COM6
COM8
COM17
COM3
COM9
COM10
COM11
COM12
COM13
COM16


!ENTRY com.st.stm32cube.ide.mpu.remote.serial 1 1 2026-07-21 14:12:20.201
!MESSAGE port: COM4

!ENTRY com.st.stm32cube.ide.mpu.remote.serial 1 1 2026-07-21 14:12:20.203
!MESSAGE port: COM5

!ENTRY com.st.stm32cube.ide.mpu.remote.serial 1 1 2026-07-21 14:12:20.205
!MESSAGE port: COM6

!ENTRY com.st.stm32cube.ide.mpu.remote.serial 1 1 2026-07-21 14:12:20.205
!MESSAGE port: COM8

!ENTRY com.st.stm32cube.ide.mpu.remote.serial 1 1 2026-07-21 14:12:20.207
!MESSAGE port: COM17

!ENTRY com.st.stm32cube.ide.mpu.remote.serial 1 1 2026-07-21 14:12:20.207
!MESSAGE port: COM3

!ENTRY com.st.stm32cube.ide.mpu.remote.serial 1 1 2026-07-21 14:12:20.207
!MESSAGE port: COM9

!ENTRY com.st.stm32cube.ide.mpu.remote.serial 1 1 2026-07-21 14:12:20.207
!MESSAGE port: COM10

!ENTRY com.st.stm32cube.ide.mpu.remote.serial 1 1 2026-07-21 14:12:20.207
!MESSAGE port: COM11

!ENTRY com.st.stm32cube.ide.mpu.remote.serial 1 1 2026-07-21 14:12:20.207
!MESSAGE port: COM12

!ENTRY com.st.stm32cube.ide.mpu.remote.serial 1 1 2026-07-21 14:12:20.207
!MESSAGE port: COM13

!ENTRY com.st.stm32cube.ide.mpu.remote.serial 1 1 2026-07-21 14:12:20.207
!MESSAGE port: COM16

!ENTRY com.st.stm32cube.ide.mpu.remote.serial 1 1 2026-07-21 14:15:46.167
!MESSAGE Executed PowerShell command powershell.exe -Command "Get-CimInstance -ClassName Win32_SerialPort | Select-Object -ExpandProperty DeviceID":
COM4
COM5
COM6
COM8
COM17
COM3
COM9
COM10
COM11
COM12
COM13
COM16


!ENTRY com.st.stm32cube.ide.mpu.remote.serial 1 1 2026-07-21 14:15:46.167
!MESSAGE port: COM4

!ENTRY com.st.stm32cube.ide.mpu.remote.serial 1 1 2026-07-21 14:15:46.169
!MESSAGE port: COM5

!ENTRY com.st.stm32cube.ide.mpu.remote.serial 1 1 2026-07-21 14:15:46.169
!MESSAGE port: COM6

!ENTRY com.st.stm32cube.ide.mpu.remote.serial 1 1 2026-07-21 14:15:46.172
!MESSAGE port: COM8

!ENTRY com.st.stm32cube.ide.mpu.remote.serial 1 1 2026-07-21 14:15:46.174
!MESSAGE port: COM17

!ENTRY com.st.stm32cube.ide.mpu.remote.serial 1 1 2026-07-21 14:15:46.174
!MESSAGE port: COM3

!ENTRY com.st.stm32cube.ide.mpu.remote.serial 1 1 2026-07-21 14:15:46.176
!MESSAGE port: COM9

!ENTRY com.st.stm32cube.ide.mpu.remote.serial 1 1 2026-07-21 14:15:46.176
!MESSAGE port: COM10

!ENTRY com.st.stm32cube.ide.mpu.remote.serial 1 1 2026-07-21 14:15:46.178
!MESSAGE port: COM11

!ENTRY com.st.stm32cube.ide.mpu.remote.serial 1 1 2026-07-21 14:15:46.178
!MESSAGE port: COM12

!ENTRY com.st.stm32cube.ide.mpu.remote.serial 1 1 2026-07-21 14:15:46.180
!MESSAGE port: COM13

!ENTRY com.st.stm32cube.ide.mpu.remote.serial 1 1 2026-07-21 14:15:46.180
!MESSAGE port: COM16

!ENTRY com.st.stm32cube.ide.mpu.remote.serial 1 1 2026-07-21 14:16:17.559
!MESSAGE Executed PowerShell command powershell.exe -Command "Get-CimInstance -ClassName Win32_SerialPort | Select-Object -ExpandProperty DeviceID":
COM4
COM5
COM6
COM8
COM17
COM3
COM9
COM10
COM11
COM12
COM13
COM16


!ENTRY com.st.stm32cube.ide.mpu.remote.serial 1 1 2026-07-21 14:16:17.561
!MESSAGE port: COM4

!ENTRY com.st.stm32cube.ide.mpu.remote.serial 1 1 2026-07-21 14:16:17.561
!MESSAGE port: COM5

!ENTRY com.st.stm32cube.ide.mpu.remote.serial 1 1 2026-07-21 14:16:17.563
!MESSAGE port: COM6

!ENTRY com.st.stm32cube.ide.mpu.remote.serial 1 1 2026-07-21 14:16:17.563
!MESSAGE port: COM8

!ENTRY com.st.stm32cube.ide.mpu.remote.serial 1 1 2026-07-21 14:16:17.563
!MESSAGE port: COM17

!ENTRY com.st.stm32cube.ide.mpu.remote.serial 1 1 2026-07-21 14:16:17.563
!MESSAGE port: COM3

!ENTRY com.st.stm32cube.ide.mpu.remote.serial 1 1 2026-07-21 14:16:17.563
!MESSAGE port: COM9

!ENTRY com.st.stm32cube.ide.mpu.remote.serial 1 1 2026-07-21 14:16:17.563
!MESSAGE port: COM10

!ENTRY com.st.stm32cube.ide.mpu.remote.serial 1 1 2026-07-21 14:16:17.563
!MESSAGE port: COM11

!ENTRY com.st.stm32cube.ide.mpu.remote.serial 1 1 2026-07-21 14:16:17.571
!MESSAGE port: COM12

!ENTRY com.st.stm32cube.ide.mpu.remote.serial 1 1 2026-07-21 14:16:17.572
!MESSAGE port: COM13

!ENTRY com.st.stm32cube.ide.mpu.remote.serial 1 1 2026-07-21 14:16:17.573
!MESSAGE port: COM16

!ENTRY com.st.stm32cube.ide.mpu.remote.serial 1 1 2026-07-21 14:19:49.081
!MESSAGE Executed PowerShell command powershell.exe -Command "Get-CimInstance -ClassName Win32_SerialPort | Select-Object -ExpandProperty DeviceID":
COM4
COM5
COM6
COM8
COM17
COM3
COM9
COM10
COM11
COM12
COM13
COM16
COM7


!ENTRY com.st.stm32cube.ide.mpu.remote.serial 1 1 2026-07-21 14:19:49.082
!MESSAGE port: COM4

!ENTRY com.st.stm32cube.ide.mpu.remote.serial 1 1 2026-07-21 14:19:49.083
!MESSAGE port: COM5

!ENTRY com.st.stm32cube.ide.mpu.remote.serial 1 1 2026-07-21 14:19:49.084
!MESSAGE port: COM6

!ENTRY com.st.stm32cube.ide.mpu.remote.serial 1 1 2026-07-21 14:19:49.085
!MESSAGE port: COM8

!ENTRY com.st.stm32cube.ide.mpu.remote.serial 1 1 2026-07-21 14:19:49.086
!MESSAGE port: COM17

!ENTRY com.st.stm32cube.ide.mpu.remote.serial 1 1 2026-07-21 14:19:49.087
!MESSAGE port: COM3

!ENTRY com.st.stm32cube.ide.mpu.remote.serial 1 1 2026-07-21 14:19:49.087
!MESSAGE port: COM9

!ENTRY com.st.stm32cube.ide.mpu.remote.serial 1 1 2026-07-21 14:19:49.089
!MESSAGE port: COM10

!ENTRY com.st.stm32cube.ide.mpu.remote.serial 1 1 2026-07-21 14:19:49.090
!MESSAGE port: COM11

!ENTRY com.st.stm32cube.ide.mpu.remote.serial 1 1 2026-07-21 14:19:49.091
!MESSAGE port: COM12

!ENTRY com.st.stm32cube.ide.mpu.remote.serial 1 1 2026-07-21 14:19:49.093
!MESSAGE port: COM13

!ENTRY com.st.stm32cube.ide.mpu.remote.serial 1 1 2026-07-21 14:19:49.094
!MESSAGE port: COM16

!ENTRY com.st.stm32cube.ide.mpu.remote.serial 1 1 2026-07-21 14:19:49.095
!MESSAGE port: COM7

!ENTRY com.st.stm32cube.ide.mpu.remote.serial 1 1 2026-07-21 14:20:31.009
!MESSAGE Executed PowerShell command powershell.exe -Command "Get-CimInstance -ClassName Win32_SerialPort | Select-Object -ExpandProperty DeviceID":
COM4
COM5
COM6
COM8
COM17
COM3
COM9
COM10
COM11
COM12
COM13
COM16


!ENTRY com.st.stm32cube.ide.mpu.remote.serial 1 1 2026-07-21 14:20:31.011
!MESSAGE port: COM4

!ENTRY com.st.stm32cube.ide.mpu.remote.serial 1 1 2026-07-21 14:20:31.012
!MESSAGE port: COM5

!ENTRY com.st.stm32cube.ide.mpu.remote.serial 1 1 2026-07-21 14:20:31.014
!MESSAGE port: COM6

!ENTRY com.st.stm32cube.ide.mpu.remote.serial 1 1 2026-07-21 14:20:31.014
!MESSAGE port: COM8

!ENTRY com.st.stm32cube.ide.mpu.remote.serial 1 1 2026-07-21 14:20:31.016
!MESSAGE port: COM17

!ENTRY com.st.stm32cube.ide.mpu.remote.serial 1 1 2026-07-21 14:20:31.017
!MESSAGE port: COM3

!ENTRY com.st.stm32cube.ide.mpu.remote.serial 1 1 2026-07-21 14:20:31.018
!MESSAGE port: COM9

!ENTRY com.st.stm32cube.ide.mpu.remote.serial 1 1 2026-07-21 14:20:31.019
!MESSAGE port: COM10

!ENTRY com.st.stm32cube.ide.mpu.remote.serial 1 1 2026-07-21 14:20:31.020
!MESSAGE port: COM11

!ENTRY com.st.stm32cube.ide.mpu.remote.serial 1 1 2026-07-21 14:20:31.022
!MESSAGE port: COM12

!ENTRY com.st.stm32cube.ide.mpu.remote.serial 1 1 2026-07-21 14:20:31.023
!MESSAGE port: COM13

!ENTRY com.st.stm32cube.ide.mpu.remote.serial 1 1 2026-07-21 14:20:31.024
!MESSAGE port: COM16

!ENTRY com.st.stm32cube.ide.mpu.remote.serial 1 1 2026-07-21 14:21:24.282
!MESSAGE Executed PowerShell command powershell.exe -Command "Get-CimInstance -ClassName Win32_SerialPort | Select-Object -ExpandProperty DeviceID":
COM4
COM5
COM6
COM8
COM17
COM3
COM9
COM10
COM11
COM12
COM13
COM16


!ENTRY com.st.stm32cube.ide.mpu.remote.serial 1 1 2026-07-21 14:21:24.284
!MESSAGE port: COM4

!ENTRY com.st.stm32cube.ide.mpu.remote.serial 1 1 2026-07-21 14:21:24.285
!MESSAGE port: COM5

!ENTRY com.st.stm32cube.ide.mpu.remote.serial 1 1 2026-07-21 14:21:24.287
!MESSAGE port: COM6

!ENTRY com.st.stm32cube.ide.mpu.remote.serial 1 1 2026-07-21 14:21:24.288
!MESSAGE port: COM8

!ENTRY com.st.stm32cube.ide.mpu.remote.serial 1 1 2026-07-21 14:21:24.289
!MESSAGE port: COM17

!ENTRY com.st.stm32cube.ide.mpu.remote.serial 1 1 2026-07-21 14:21:24.290
!MESSAGE port: COM3

!ENTRY com.st.stm32cube.ide.mpu.remote.serial 1 1 2026-07-21 14:21:24.291
!MESSAGE port: COM9

!ENTRY com.st.stm32cube.ide.mpu.remote.serial 1 1 2026-07-21 14:21:24.292
!MESSAGE port: COM10

!ENTRY com.st.stm32cube.ide.mpu.remote.serial 1 1 2026-07-21 14:21:24.293
!MESSAGE port: COM11

!ENTRY com.st.stm32cube.ide.mpu.remote.serial 1 1 2026-07-21 14:21:24.294
!MESSAGE port: COM12

!ENTRY com.st.stm32cube.ide.mpu.remote.serial 1 1 2026-07-21 14:21:24.295
!MESSAGE port: COM13

!ENTRY com.st.stm32cube.ide.mpu.remote.serial 1 1 2026-07-21 14:21:24.296
!MESSAGE port: COM16

!ENTRY com.st.stm32cube.ide.mpu.remote.serial 1 1 2026-07-21 14:21:55.619
!MESSAGE Executed PowerShell command powershell.exe -Command "Get-CimInstance -ClassName Win32_SerialPort | Select-Object -ExpandProperty DeviceID":
COM4
COM5
COM6
COM8
COM17
COM3
COM9
COM10
COM11
COM12
COM13
COM16


!ENTRY com.st.stm32cube.ide.mpu.remote.serial 1 1 2026-07-21 14:21:55.621
!MESSAGE port: COM4

!ENTRY com.st.stm32cube.ide.mpu.remote.serial 1 1 2026-07-21 14:21:55.622
!MESSAGE port: COM5

!ENTRY com.st.stm32cube.ide.mpu.remote.serial 1 1 2026-07-21 14:21:55.623
!MESSAGE port: COM6

!ENTRY com.st.stm32cube.ide.mpu.remote.serial 1 1 2026-07-21 14:21:55.625
!MESSAGE port: COM8

!ENTRY com.st.stm32cube.ide.mpu.remote.serial 1 1 2026-07-21 14:21:55.626
!MESSAGE port: COM17

!ENTRY com.st.stm32cube.ide.mpu.remote.serial 1 1 2026-07-21 14:21:55.627
!MESSAGE port: COM3

!ENTRY com.st.stm32cube.ide.mpu.remote.serial 1 1 2026-07-21 14:21:55.628
!MESSAGE port: COM9

!ENTRY com.st.stm32cube.ide.mpu.remote.serial 1 1 2026-07-21 14:21:55.629
!MESSAGE port: COM10

!ENTRY com.st.stm32cube.ide.mpu.remote.serial 1 1 2026-07-21 14:21:55.630
!MESSAGE port: COM11

!ENTRY com.st.stm32cube.ide.mpu.remote.serial 1 1 2026-07-21 14:21:55.631
!MESSAGE port: COM12

!ENTRY com.st.stm32cube.ide.mpu.remote.serial 1 1 2026-07-21 14:21:55.632
!MESSAGE port: COM13

!ENTRY com.st.stm32cube.ide.mpu.remote.serial 1 1 2026-07-21 14:21:55.633
!MESSAGE port: COM16

!ENTRY com.st.stm32cube.ide.mpu.remote.serial 1 1 2026-07-21 14:26:05.503
!MESSAGE Executed PowerShell command powershell.exe -Command "Get-CimInstance -ClassName Win32_SerialPort | Select-Object -ExpandProperty DeviceID":
COM4
COM5
COM6
COM8
COM17
COM3
COM9
COM10
COM11
COM12
COM13
COM16


!ENTRY com.st.stm32cube.ide.mpu.remote.serial 1 1 2026-07-21 14:26:05.504
!MESSAGE port: COM4

!ENTRY com.st.stm32cube.ide.mpu.remote.serial 1 1 2026-07-21 14:26:05.505
!MESSAGE port: COM5

!ENTRY com.st.stm32cube.ide.mpu.remote.serial 1 1 2026-07-21 14:26:05.506
!MESSAGE port: COM6

!ENTRY com.st.stm32cube.ide.mpu.remote.serial 1 1 2026-07-21 14:26:05.506
!MESSAGE port: COM8

!ENTRY com.st.stm32cube.ide.mpu.remote.serial 1 1 2026-07-21 14:26:05.507
!MESSAGE port: COM17

!ENTRY com.st.stm32cube.ide.mpu.remote.serial 1 1 2026-07-21 14:26:05.508
!MESSAGE port: COM3

!ENTRY com.st.stm32cube.ide.mpu.remote.serial 1 1 2026-07-21 14:26:05.508
!MESSAGE port: COM9

!ENTRY com.st.stm32cube.ide.mpu.remote.serial 1 1 2026-07-21 14:26:05.509
!MESSAGE port: COM10

!ENTRY com.st.stm32cube.ide.mpu.remote.serial 1 1 2026-07-21 14:26:05.509
!MESSAGE port: COM11

!ENTRY com.st.stm32cube.ide.mpu.remote.serial 1 1 2026-07-21 14:26:05.510
!MESSAGE port: COM12

!ENTRY com.st.stm32cube.ide.mpu.remote.serial 1 1 2026-07-21 14:26:05.511
!MESSAGE port: COM13

!ENTRY com.st.stm32cube.ide.mpu.remote.serial 1 1 2026-07-21 14:26:05.512
!MESSAGE port: COM16

!ENTRY com.st.stm32cube.ide.mpu.remote.serial 1 1 2026-07-21 14:26:36.769
!MESSAGE Executed PowerShell command powershell.exe -Command "Get-CimInstance -ClassName Win32_SerialPort | Select-Object -ExpandProperty DeviceID":
COM4
COM5
COM6
COM8
COM17
COM3
COM9
COM10
COM11
COM12
COM13
COM16


!ENTRY com.st.stm32cube.ide.mpu.remote.serial 1 1 2026-07-21 14:26:36.770
!MESSAGE port: COM4

!ENTRY com.st.stm32cube.ide.mpu.remote.serial 1 1 2026-07-21 14:26:36.772
!MESSAGE port: COM5

!ENTRY com.st.stm32cube.ide.mpu.remote.serial 1 1 2026-07-21 14:26:36.773
!MESSAGE port: COM6

!ENTRY com.st.stm32cube.ide.mpu.remote.serial 1 1 2026-07-21 14:26:36.774
!MESSAGE port: COM8

!ENTRY com.st.stm32cube.ide.mpu.remote.serial 1 1 2026-07-21 14:26:36.776
!MESSAGE port: COM17

!ENTRY com.st.stm32cube.ide.mpu.remote.serial 1 1 2026-07-21 14:26:36.776
!MESSAGE port: COM3

!ENTRY com.st.stm32cube.ide.mpu.remote.serial 1 1 2026-07-21 14:26:36.777
!MESSAGE port: COM9

!ENTRY com.st.stm32cube.ide.mpu.remote.serial 1 1 2026-07-21 14:26:36.778
!MESSAGE port: COM10

!ENTRY com.st.stm32cube.ide.mpu.remote.serial 1 1 2026-07-21 14:26:36.780
!MESSAGE port: COM11

!ENTRY com.st.stm32cube.ide.mpu.remote.serial 1 1 2026-07-21 14:26:36.781
!MESSAGE port: COM12

!ENTRY com.st.stm32cube.ide.mpu.remote.serial 1 1 2026-07-21 14:26:36.782
!MESSAGE port: COM13

!ENTRY com.st.stm32cube.ide.mpu.remote.serial 1 1 2026-07-21 14:26:36.784
!MESSAGE port: COM16

!ENTRY com.st.stm32cube.ide.mpu.remote.serial 1 1 2026-07-21 14:28:37.874
!MESSAGE Executed PowerShell command powershell.exe -Command "Get-CimInstance -ClassName Win32_SerialPort | Select-Object -ExpandProperty DeviceID":
COM4
COM5
COM6
COM8
COM17
COM3
COM9
COM10
COM11
COM12
COM13
COM16


!ENTRY com.st.stm32cube.ide.mpu.remote.serial 1 1 2026-07-21 14:28:37.875
!MESSAGE port: COM4

!ENTRY com.st.stm32cube.ide.mpu.remote.serial 1 1 2026-07-21 14:28:37.876
!MESSAGE port: COM5

!ENTRY com.st.stm32cube.ide.mpu.remote.serial 1 1 2026-07-21 14:28:37.878
!MESSAGE port: COM6

!ENTRY com.st.stm32cube.ide.mpu.remote.serial 1 1 2026-07-21 14:28:37.878
!MESSAGE port: COM8

!ENTRY com.st.stm32cube.ide.mpu.remote.serial 1 1 2026-07-21 14:28:37.879
!MESSAGE port: COM17

!ENTRY com.st.stm32cube.ide.mpu.remote.serial 1 1 2026-07-21 14:28:37.880
!MESSAGE port: COM3

!ENTRY com.st.stm32cube.ide.mpu.remote.serial 1 1 2026-07-21 14:28:37.882
!MESSAGE port: COM9

!ENTRY com.st.stm32cube.ide.mpu.remote.serial 1 1 2026-07-21 14:28:37.883
!MESSAGE port: COM10

!ENTRY com.st.stm32cube.ide.mpu.remote.serial 1 1 2026-07-21 14:28:37.884
!MESSAGE port: COM11

!ENTRY com.st.stm32cube.ide.mpu.remote.serial 1 1 2026-07-21 14:28:37.885
!MESSAGE port: COM12

!ENTRY com.st.stm32cube.ide.mpu.remote.serial 1 1 2026-07-21 14:28:37.885
!MESSAGE port: COM13

!ENTRY com.st.stm32cube.ide.mpu.remote.serial 1 1 2026-07-21 14:28:37.887
!MESSAGE port: COM16

!ENTRY com.st.stm32cube.ide.mpu.remote.serial 1 1 2026-07-21 14:29:09.235
!MESSAGE Executed PowerShell command powershell.exe -Command "Get-CimInstance -ClassName Win32_SerialPort | Select-Object -ExpandProperty DeviceID":
COM4
COM5
COM6
COM8
COM17
COM3
COM9
COM10
COM11
COM12
COM13
COM16


!ENTRY com.st.stm32cube.ide.mpu.remote.serial 1 1 2026-07-21 14:29:09.236
!MESSAGE port: COM4

!ENTRY com.st.stm32cube.ide.mpu.remote.serial 1 1 2026-07-21 14:29:09.238
!MESSAGE port: COM5

!ENTRY com.st.stm32cube.ide.mpu.remote.serial 1 1 2026-07-21 14:29:09.239
!MESSAGE port: COM6

!ENTRY com.st.stm32cube.ide.mpu.remote.serial 1 1 2026-07-21 14:29:09.240
!MESSAGE port: COM8

!ENTRY com.st.stm32cube.ide.mpu.remote.serial 1 1 2026-07-21 14:29:09.241
!MESSAGE port: COM17

!ENTRY com.st.stm32cube.ide.mpu.remote.serial 1 1 2026-07-21 14:29:09.242
!MESSAGE port: COM3

!ENTRY com.st.stm32cube.ide.mpu.remote.serial 1 1 2026-07-21 14:29:09.243
!MESSAGE port: COM9

!ENTRY com.st.stm32cube.ide.mpu.remote.serial 1 1 2026-07-21 14:29:09.244
!MESSAGE port: COM10

!ENTRY com.st.stm32cube.ide.mpu.remote.serial 1 1 2026-07-21 14:29:09.245
!MESSAGE port: COM11

!ENTRY com.st.stm32cube.ide.mpu.remote.serial 1 1 2026-07-21 14:29:09.246
!MESSAGE port: COM12

!ENTRY com.st.stm32cube.ide.mpu.remote.serial 1 1 2026-07-21 14:29:09.247
!MESSAGE port: COM13

!ENTRY com.st.stm32cube.ide.mpu.remote.serial 1 1 2026-07-21 14:29:09.249
!MESSAGE port: COM16

!ENTRY com.st.stm32cube.ide.mpu.remote.serial 1 1 2026-07-21 14:44:32.173
!MESSAGE Executed PowerShell command powershell.exe -Command "Get-CimInstance -ClassName Win32_SerialPort | Select-Object -ExpandProperty DeviceID":
COM4
COM5
COM6
COM8
COM17
COM3
COM9
COM10
COM11
COM12
COM13
COM16
COM7


!ENTRY com.st.stm32cube.ide.mpu.remote.serial 1 1 2026-07-21 14:44:32.174
!MESSAGE port: COM4

!ENTRY com.st.stm32cube.ide.mpu.remote.serial 1 1 2026-07-21 14:44:32.175
!MESSAGE port: COM5

!ENTRY com.st.stm32cube.ide.mpu.remote.serial 1 1 2026-07-21 14:44:32.176
!MESSAGE port: COM6

!ENTRY com.st.stm32cube.ide.mpu.remote.serial 1 1 2026-07-21 14:44:32.176
!MESSAGE port: COM8

!ENTRY com.st.stm32cube.ide.mpu.remote.serial 1 1 2026-07-21 14:44:32.178
!MESSAGE port: COM17

!ENTRY com.st.stm32cube.ide.mpu.remote.serial 1 1 2026-07-21 14:44:32.179
!MESSAGE port: COM3

!ENTRY com.st.stm32cube.ide.mpu.remote.serial 1 1 2026-07-21 14:44:32.180
!MESSAGE port: COM9

!ENTRY com.st.stm32cube.ide.mpu.remote.serial 1 1 2026-07-21 14:44:32.181
!MESSAGE port: COM10

!ENTRY com.st.stm32cube.ide.mpu.remote.serial 1 1 2026-07-21 14:44:32.181
!MESSAGE port: COM11

!ENTRY com.st.stm32cube.ide.mpu.remote.serial 1 1 2026-07-21 14:44:32.182
!MESSAGE port: COM12

!ENTRY com.st.stm32cube.ide.mpu.remote.serial 1 1 2026-07-21 14:44:32.183
!MESSAGE port: COM13

!ENTRY com.st.stm32cube.ide.mpu.remote.serial 1 1 2026-07-21 14:44:32.184
!MESSAGE port: COM16

!ENTRY com.st.stm32cube.ide.mpu.remote.serial 1 1 2026-07-21 14:44:32.184
!MESSAGE port: COM7

!ENTRY com.st.stm32cube.ide.mpu.remote.serial 1 1 2026-07-21 14:46:12.583
!MESSAGE Executed PowerShell command powershell.exe -Command "Get-CimInstance -ClassName Win32_SerialPort | Select-Object -ExpandProperty DeviceID":
COM4
COM5
COM6
COM8
COM17
COM3
COM9
COM10
COM11
COM12
COM13
COM16


!ENTRY com.st.stm32cube.ide.mpu.remote.serial 1 1 2026-07-21 14:46:12.584
!MESSAGE port: COM4

!ENTRY com.st.stm32cube.ide.mpu.remote.serial 1 1 2026-07-21 14:46:12.586
!MESSAGE port: COM5

!ENTRY com.st.stm32cube.ide.mpu.remote.serial 1 1 2026-07-21 14:46:12.587
!MESSAGE port: COM6

!ENTRY com.st.stm32cube.ide.mpu.remote.serial 1 1 2026-07-21 14:46:12.588
!MESSAGE port: COM8

!ENTRY com.st.stm32cube.ide.mpu.remote.serial 1 1 2026-07-21 14:46:12.589
!MESSAGE port: COM17

!ENTRY com.st.stm32cube.ide.mpu.remote.serial 1 1 2026-07-21 14:46:12.590
!MESSAGE port: COM3

!ENTRY com.st.stm32cube.ide.mpu.remote.serial 1 1 2026-07-21 14:46:12.591
!MESSAGE port: COM9

!ENTRY com.st.stm32cube.ide.mpu.remote.serial 1 1 2026-07-21 14:46:12.593
!MESSAGE port: COM10

!ENTRY com.st.stm32cube.ide.mpu.remote.serial 1 1 2026-07-21 14:46:12.594
!MESSAGE port: COM11

!ENTRY com.st.stm32cube.ide.mpu.remote.serial 1 1 2026-07-21 14:46:12.595
!MESSAGE port: COM12

!ENTRY com.st.stm32cube.ide.mpu.remote.serial 1 1 2026-07-21 14:46:12.596
!MESSAGE port: COM13

!ENTRY com.st.stm32cube.ide.mpu.remote.serial 1 1 2026-07-21 14:46:12.597
!MESSAGE port: COM16

!ENTRY com.st.stm32cube.ide.mpu.remote.serial 1 1 2026-07-21 14:55:33.168
!MESSAGE Executed PowerShell command powershell.exe -Command "Get-CimInstance -ClassName Win32_SerialPort | Select-Object -ExpandProperty DeviceID":
COM4
COM5
COM6
COM8
COM17
COM3
COM9
COM10
COM11
COM12
COM13
COM16


!ENTRY com.st.stm32cube.ide.mpu.remote.serial 1 1 2026-07-21 14:55:33.170
!MESSAGE port: COM4

!ENTRY com.st.stm32cube.ide.mpu.remote.serial 1 1 2026-07-21 14:55:33.171
!MESSAGE port: COM5

!ENTRY com.st.stm32cube.ide.mpu.remote.serial 1 1 2026-07-21 14:55:33.173
!MESSAGE port: COM6

!ENTRY com.st.stm32cube.ide.mpu.remote.serial 1 1 2026-07-21 14:55:33.173
!MESSAGE port: COM8

!ENTRY com.st.stm32cube.ide.mpu.remote.serial 1 1 2026-07-21 14:55:33.175
!MESSAGE port: COM17

!ENTRY com.st.stm32cube.ide.mpu.remote.serial 1 1 2026-07-21 14:55:33.176
!MESSAGE port: COM3

!ENTRY com.st.stm32cube.ide.mpu.remote.serial 1 1 2026-07-21 14:55:33.177
!MESSAGE port: COM9

!ENTRY com.st.stm32cube.ide.mpu.remote.serial 1 1 2026-07-21 14:55:33.178
!MESSAGE port: COM10

!ENTRY com.st.stm32cube.ide.mpu.remote.serial 1 1 2026-07-21 14:55:33.179
!MESSAGE port: COM11

!ENTRY com.st.stm32cube.ide.mpu.remote.serial 1 1 2026-07-21 14:55:33.180
!MESSAGE port: COM12

!ENTRY com.st.stm32cube.ide.mpu.remote.serial 1 1 2026-07-21 14:55:33.181
!MESSAGE port: COM13

!ENTRY com.st.stm32cube.ide.mpu.remote.serial 1 1 2026-07-21 14:55:33.182
!MESSAGE port: COM16

!ENTRY com.st.stm32cube.ide.mpu.remote.serial 1 1 2026-07-21 14:56:04.546
!MESSAGE Executed PowerShell command powershell.exe -Command "Get-CimInstance -ClassName Win32_SerialPort | Select-Object -ExpandProperty DeviceID":
COM4
COM5
COM6
COM8
COM17
COM3
COM9
COM10
COM11
COM12
COM13
COM16


!ENTRY com.st.stm32cube.ide.mpu.remote.serial 1 1 2026-07-21 14:56:04.547
!MESSAGE port: COM4

!ENTRY com.st.stm32cube.ide.mpu.remote.serial 1 1 2026-07-21 14:56:04.549
!MESSAGE port: COM5

!ENTRY com.st.stm32cube.ide.mpu.remote.serial 1 1 2026-07-21 14:56:04.550
!MESSAGE port: COM6

!ENTRY com.st.stm32cube.ide.mpu.remote.serial 1 1 2026-07-21 14:56:04.551
!MESSAGE port: COM8

!ENTRY com.st.stm32cube.ide.mpu.remote.serial 1 1 2026-07-21 14:56:04.553
!MESSAGE port: COM17

!ENTRY com.st.stm32cube.ide.mpu.remote.serial 1 1 2026-07-21 14:56:04.554
!MESSAGE port: COM3

!ENTRY com.st.stm32cube.ide.mpu.remote.serial 1 1 2026-07-21 14:56:04.556
!MESSAGE port: COM9

!ENTRY com.st.stm32cube.ide.mpu.remote.serial 1 1 2026-07-21 14:56:04.558
!MESSAGE port: COM10

!ENTRY com.st.stm32cube.ide.mpu.remote.serial 1 1 2026-07-21 14:56:04.559
!MESSAGE port: COM11

!ENTRY com.st.stm32cube.ide.mpu.remote.serial 1 1 2026-07-21 14:56:04.560
!MESSAGE port: COM12

!ENTRY com.st.stm32cube.ide.mpu.remote.serial 1 1 2026-07-21 14:56:04.561
!MESSAGE port: COM13

!ENTRY com.st.stm32cube.ide.mpu.remote.serial 1 1 2026-07-21 14:56:04.564
!MESSAGE port: COM16

!ENTRY com.st.stm32cube.ide.mpu.remote.serial 1 1 2026-07-21 15:02:11.694
!MESSAGE Executed PowerShell command powershell.exe -Command "Get-CimInstance -ClassName Win32_SerialPort | Select-Object -ExpandProperty DeviceID":
COM4
COM5
COM6
COM8
COM17
COM3
COM9
COM10
COM11
COM12
COM13
COM16


!ENTRY com.st.stm32cube.ide.mpu.remote.serial 1 1 2026-07-21 15:02:11.696
!MESSAGE port: COM4

!ENTRY com.st.stm32cube.ide.mpu.remote.serial 1 1 2026-07-21 15:02:11.697
!MESSAGE port: COM5

!ENTRY com.st.stm32cube.ide.mpu.remote.serial 1 1 2026-07-21 15:02:11.698
!MESSAGE port: COM6

!ENTRY com.st.stm32cube.ide.mpu.remote.serial 1 1 2026-07-21 15:02:11.699
!MESSAGE port: COM8

!ENTRY com.st.stm32cube.ide.mpu.remote.serial 1 1 2026-07-21 15:02:11.700
!MESSAGE port: COM17

!ENTRY com.st.stm32cube.ide.mpu.remote.serial 1 1 2026-07-21 15:02:11.702
!MESSAGE port: COM3

!ENTRY com.st.stm32cube.ide.mpu.remote.serial 1 1 2026-07-21 15:02:11.703
!MESSAGE port: COM9

!ENTRY com.st.stm32cube.ide.mpu.remote.serial 1 1 2026-07-21 15:02:11.704
!MESSAGE port: COM10

!ENTRY com.st.stm32cube.ide.mpu.remote.serial 1 1 2026-07-21 15:02:11.705
!MESSAGE port: COM11

!ENTRY com.st.stm32cube.ide.mpu.remote.serial 1 1 2026-07-21 15:02:11.705
!MESSAGE port: COM12

!ENTRY com.st.stm32cube.ide.mpu.remote.serial 1 1 2026-07-21 15:02:11.707
!MESSAGE port: COM13

!ENTRY com.st.stm32cube.ide.mpu.remote.serial 1 1 2026-07-21 15:02:11.708
!MESSAGE port: COM16

!ENTRY com.st.stm32cube.ide.mpu.remote.serial 1 1 2026-07-21 15:02:43.105
!MESSAGE Executed PowerShell command powershell.exe -Command "Get-CimInstance -ClassName Win32_SerialPort | Select-Object -ExpandProperty DeviceID":
COM4
COM5
COM6
COM8
COM17
COM3
COM9
COM10
COM11
COM12
COM13
COM16


!ENTRY com.st.stm32cube.ide.mpu.remote.serial 1 1 2026-07-21 15:02:43.106
!MESSAGE port: COM4

!ENTRY com.st.stm32cube.ide.mpu.remote.serial 1 1 2026-07-21 15:02:43.108
!MESSAGE port: COM5

!ENTRY com.st.stm32cube.ide.mpu.remote.serial 1 1 2026-07-21 15:02:43.109
!MESSAGE port: COM6

!ENTRY com.st.stm32cube.ide.mpu.remote.serial 1 1 2026-07-21 15:02:43.110
!MESSAGE port: COM8

!ENTRY com.st.stm32cube.ide.mpu.remote.serial 1 1 2026-07-21 15:02:43.111
!MESSAGE port: COM17

!ENTRY com.st.stm32cube.ide.mpu.remote.serial 1 1 2026-07-21 15:02:43.112
!MESSAGE port: COM3

!ENTRY com.st.stm32cube.ide.mpu.remote.serial 1 1 2026-07-21 15:02:43.113
!MESSAGE port: COM9

!ENTRY com.st.stm32cube.ide.mpu.remote.serial 1 1 2026-07-21 15:02:43.114
!MESSAGE port: COM10

!ENTRY com.st.stm32cube.ide.mpu.remote.serial 1 1 2026-07-21 15:02:43.115
!MESSAGE port: COM11

!ENTRY com.st.stm32cube.ide.mpu.remote.serial 1 1 2026-07-21 15:02:43.116
!MESSAGE port: COM12

!ENTRY com.st.stm32cube.ide.mpu.remote.serial 1 1 2026-07-21 15:02:43.117
!MESSAGE port: COM13

!ENTRY com.st.stm32cube.ide.mpu.remote.serial 1 1 2026-07-21 15:02:43.118
!MESSAGE port: COM16

!ENTRY com.st.stm32cube.ide.mpu.remote.serial 1 1 2026-07-21 15:04:48.085
!MESSAGE Executed PowerShell command powershell.exe -Command "Get-CimInstance -ClassName Win32_SerialPort | Select-Object -ExpandProperty DeviceID":
COM4
COM5
COM6
COM8
COM17
COM3
COM9
COM10
COM11
COM12
COM13
COM16


!ENTRY com.st.stm32cube.ide.mpu.remote.serial 1 1 2026-07-21 15:04:48.087
!MESSAGE port: COM4

!ENTRY com.st.stm32cube.ide.mpu.remote.serial 1 1 2026-07-21 15:04:48.088
!MESSAGE port: COM5

!ENTRY com.st.stm32cube.ide.mpu.remote.serial 1 1 2026-07-21 15:04:48.089
!MESSAGE port: COM6

!ENTRY com.st.stm32cube.ide.mpu.remote.serial 1 1 2026-07-21 15:04:48.090
!MESSAGE port: COM8

!ENTRY com.st.stm32cube.ide.mpu.remote.serial 1 1 2026-07-21 15:04:48.091
!MESSAGE port: COM17

!ENTRY com.st.stm32cube.ide.mpu.remote.serial 1 1 2026-07-21 15:04:48.092
!MESSAGE port: COM3

!ENTRY com.st.stm32cube.ide.mpu.remote.serial 1 1 2026-07-21 15:04:48.093
!MESSAGE port: COM9

!ENTRY com.st.stm32cube.ide.mpu.remote.serial 1 1 2026-07-21 15:04:48.094
!MESSAGE port: COM10

!ENTRY com.st.stm32cube.ide.mpu.remote.serial 1 1 2026-07-21 15:04:48.096
!MESSAGE port: COM11

!ENTRY com.st.stm32cube.ide.mpu.remote.serial 1 1 2026-07-21 15:04:48.097
!MESSAGE port: COM12

!ENTRY com.st.stm32cube.ide.mpu.remote.serial 1 1 2026-07-21 15:04:48.098
!MESSAGE port: COM13

!ENTRY com.st.stm32cube.ide.mpu.remote.serial 1 1 2026-07-21 15:04:48.099
!MESSAGE port: COM16

!ENTRY com.st.stm32cube.ide.mpu.remote.serial 1 1 2026-07-21 15:05:19.462
!MESSAGE Executed PowerShell command powershell.exe -Command "Get-CimInstance -ClassName Win32_SerialPort | Select-Object -ExpandProperty DeviceID":
COM4
COM5
COM6
COM8
COM17
COM3
COM9
COM10
COM11
COM12
COM13
COM16


!ENTRY com.st.stm32cube.ide.mpu.remote.serial 1 1 2026-07-21 15:05:19.463
!MESSAGE port: COM4

!ENTRY com.st.stm32cube.ide.mpu.remote.serial 1 1 2026-07-21 15:05:19.464
!MESSAGE port: COM5

!ENTRY com.st.stm32cube.ide.mpu.remote.serial 1 1 2026-07-21 15:05:19.466
!MESSAGE port: COM6

!ENTRY com.st.stm32cube.ide.mpu.remote.serial 1 1 2026-07-21 15:05:19.467
!MESSAGE port: COM8

!ENTRY com.st.stm32cube.ide.mpu.remote.serial 1 1 2026-07-21 15:05:19.468
!MESSAGE port: COM17

!ENTRY com.st.stm32cube.ide.mpu.remote.serial 1 1 2026-07-21 15:05:19.469
!MESSAGE port: COM3

!ENTRY com.st.stm32cube.ide.mpu.remote.serial 1 1 2026-07-21 15:05:19.470
!MESSAGE port: COM9

!ENTRY com.st.stm32cube.ide.mpu.remote.serial 1 1 2026-07-21 15:05:19.471
!MESSAGE port: COM10

!ENTRY com.st.stm32cube.ide.mpu.remote.serial 1 1 2026-07-21 15:05:19.472
!MESSAGE port: COM11

!ENTRY com.st.stm32cube.ide.mpu.remote.serial 1 1 2026-07-21 15:05:19.472
!MESSAGE port: COM12

!ENTRY com.st.stm32cube.ide.mpu.remote.serial 1 1 2026-07-21 15:05:19.474
!MESSAGE port: COM13

!ENTRY com.st.stm32cube.ide.mpu.remote.serial 1 1 2026-07-21 15:05:19.475
!MESSAGE port: COM16

!ENTRY com.st.stm32cube.ide.mpu.remote.serial 1 1 2026-07-21 15:08:15.452
!MESSAGE Executed PowerShell command powershell.exe -Command "Get-CimInstance -ClassName Win32_SerialPort | Select-Object -ExpandProperty DeviceID":
COM4
COM5
COM6
COM8
COM17
COM3
COM9
COM10
COM11
COM12
COM13
COM16
COM7


!ENTRY com.st.stm32cube.ide.mpu.remote.serial 1 1 2026-07-21 15:08:15.453
!MESSAGE port: COM4

!ENTRY com.st.stm32cube.ide.mpu.remote.serial 1 1 2026-07-21 15:08:15.454
!MESSAGE port: COM5

!ENTRY com.st.stm32cube.ide.mpu.remote.serial 1 1 2026-07-21 15:08:15.455
!MESSAGE port: COM6

!ENTRY com.st.stm32cube.ide.mpu.remote.serial 1 1 2026-07-21 15:08:15.456
!MESSAGE port: COM8

!ENTRY com.st.stm32cube.ide.mpu.remote.serial 1 1 2026-07-21 15:08:15.457
!MESSAGE port: COM17

!ENTRY com.st.stm32cube.ide.mpu.remote.serial 1 1 2026-07-21 15:08:15.459
!MESSAGE port: COM3

!ENTRY com.st.stm32cube.ide.mpu.remote.serial 1 1 2026-07-21 15:08:15.460
!MESSAGE port: COM9

!ENTRY com.st.stm32cube.ide.mpu.remote.serial 1 1 2026-07-21 15:08:15.462
!MESSAGE port: COM10

!ENTRY com.st.stm32cube.ide.mpu.remote.serial 1 1 2026-07-21 15:08:15.464
!MESSAGE port: COM11

!ENTRY com.st.stm32cube.ide.mpu.remote.serial 1 1 2026-07-21 15:08:15.465
!MESSAGE port: COM12

!ENTRY com.st.stm32cube.ide.mpu.remote.serial 1 1 2026-07-21 15:08:15.466
!MESSAGE port: COM13

!ENTRY com.st.stm32cube.ide.mpu.remote.serial 1 1 2026-07-21 15:08:15.467
!MESSAGE port: COM16

!ENTRY com.st.stm32cube.ide.mpu.remote.serial 1 1 2026-07-21 15:08:15.468
!MESSAGE port: COM7

!ENTRY com.st.stm32cube.ide.mpu.remote.serial 1 1 2026-07-21 15:12:56.813
!MESSAGE Executed PowerShell command powershell.exe -Command "Get-CimInstance -ClassName Win32_SerialPort | Select-Object -ExpandProperty DeviceID":
COM4
COM5
COM6
COM8
COM17
COM3
COM9
COM10
COM11
COM12
COM13
COM16


!ENTRY com.st.stm32cube.ide.mpu.remote.serial 1 1 2026-07-21 15:12:56.815
!MESSAGE port: COM4

!ENTRY com.st.stm32cube.ide.mpu.remote.serial 1 1 2026-07-21 15:12:56.817
!MESSAGE port: COM5

!ENTRY com.st.stm32cube.ide.mpu.remote.serial 1 1 2026-07-21 15:12:56.819
!MESSAGE port: COM6

!ENTRY com.st.stm32cube.ide.mpu.remote.serial 1 1 2026-07-21 15:12:56.820
!MESSAGE port: COM8

!ENTRY com.st.stm32cube.ide.mpu.remote.serial 1 1 2026-07-21 15:12:56.822
!MESSAGE port: COM17

!ENTRY com.st.stm32cube.ide.mpu.remote.serial 1 1 2026-07-21 15:12:56.823
!MESSAGE port: COM3

!ENTRY com.st.stm32cube.ide.mpu.remote.serial 1 1 2026-07-21 15:12:56.826
!MESSAGE port: COM9

!ENTRY com.st.stm32cube.ide.mpu.remote.serial 1 1 2026-07-21 15:12:56.827
!MESSAGE port: COM10

!ENTRY com.st.stm32cube.ide.mpu.remote.serial 1 1 2026-07-21 15:12:56.829
!MESSAGE port: COM11

!ENTRY com.st.stm32cube.ide.mpu.remote.serial 1 1 2026-07-21 15:12:56.830
!MESSAGE port: COM12

!ENTRY com.st.stm32cube.ide.mpu.remote.serial 1 1 2026-07-21 15:12:56.832
!MESSAGE port: COM13

!ENTRY com.st.stm32cube.ide.mpu.remote.serial 1 1 2026-07-21 15:12:56.833
!MESSAGE port: COM16

!ENTRY com.st.stm32cube.ide.mpu.remote.serial 1 1 2026-07-21 15:29:09.693
!MESSAGE Executed PowerShell command powershell.exe -Command "Get-CimInstance -ClassName Win32_SerialPort | Select-Object -ExpandProperty DeviceID":
COM4
COM5
COM6
COM8
COM17
COM3
COM9
COM10
COM11
COM12
COM13
COM16


!ENTRY com.st.stm32cube.ide.mpu.remote.serial 1 1 2026-07-21 15:29:09.696
!MESSAGE port: COM4

!ENTRY com.st.stm32cube.ide.mpu.remote.serial 1 1 2026-07-21 15:29:09.697
!MESSAGE port: COM5

!ENTRY com.st.stm32cube.ide.mpu.remote.serial 1 1 2026-07-21 15:29:09.699
!MESSAGE port: COM6

!ENTRY com.st.stm32cube.ide.mpu.remote.serial 1 1 2026-07-21 15:29:09.700
!MESSAGE port: COM8

!ENTRY com.st.stm32cube.ide.mpu.remote.serial 1 1 2026-07-21 15:29:09.702
!MESSAGE port: COM17

!ENTRY com.st.stm32cube.ide.mpu.remote.serial 1 1 2026-07-21 15:29:09.703
!MESSAGE port: COM3

!ENTRY com.st.stm32cube.ide.mpu.remote.serial 1 1 2026-07-21 15:29:09.705
!MESSAGE port: COM9

!ENTRY com.st.stm32cube.ide.mpu.remote.serial 1 1 2026-07-21 15:29:09.707
!MESSAGE port: COM10

!ENTRY com.st.stm32cube.ide.mpu.remote.serial 1 1 2026-07-21 15:29:09.708
!MESSAGE port: COM11

!ENTRY com.st.stm32cube.ide.mpu.remote.serial 1 1 2026-07-21 15:29:09.709
!MESSAGE port: COM12

!ENTRY com.st.stm32cube.ide.mpu.remote.serial 1 1 2026-07-21 15:29:09.711
!MESSAGE port: COM13

!ENTRY com.st.stm32cube.ide.mpu.remote.serial 1 1 2026-07-21 15:29:09.713
!MESSAGE port: COM16

!ENTRY com.st.stm32cube.ide.mpu.remote.serial 1 1 2026-07-21 15:29:54.775
!MESSAGE Executed PowerShell command powershell.exe -Command "Get-CimInstance -ClassName Win32_SerialPort | Select-Object -ExpandProperty DeviceID":
COM4
COM5
COM6
COM8
COM17
COM3
COM9
COM10
COM11
COM12
COM13
COM16


!ENTRY com.st.stm32cube.ide.mpu.remote.serial 1 1 2026-07-21 15:29:54.777
!MESSAGE port: COM4

!ENTRY com.st.stm32cube.ide.mpu.remote.serial 1 1 2026-07-21 15:29:54.779
!MESSAGE port: COM5

!ENTRY com.st.stm32cube.ide.mpu.remote.serial 1 1 2026-07-21 15:29:54.780
!MESSAGE port: COM6

!ENTRY com.st.stm32cube.ide.mpu.remote.serial 1 1 2026-07-21 15:29:54.782
!MESSAGE port: COM8

!ENTRY com.st.stm32cube.ide.mpu.remote.serial 1 1 2026-07-21 15:29:54.784
!MESSAGE port: COM17

!ENTRY com.st.stm32cube.ide.mpu.remote.serial 1 1 2026-07-21 15:29:54.785
!MESSAGE port: COM3

!ENTRY com.st.stm32cube.ide.mpu.remote.serial 1 1 2026-07-21 15:29:54.787
!MESSAGE port: COM9

!ENTRY com.st.stm32cube.ide.mpu.remote.serial 1 1 2026-07-21 15:29:54.788
!MESSAGE port: COM10

!ENTRY com.st.stm32cube.ide.mpu.remote.serial 1 1 2026-07-21 15:29:54.790
!MESSAGE port: COM11

!ENTRY com.st.stm32cube.ide.mpu.remote.serial 1 1 2026-07-21 15:29:54.792
!MESSAGE port: COM12

!ENTRY com.st.stm32cube.ide.mpu.remote.serial 1 1 2026-07-21 15:29:54.793
!MESSAGE port: COM13

!ENTRY com.st.stm32cube.ide.mpu.remote.serial 1 1 2026-07-21 15:29:54.795
!MESSAGE port: COM16

!ENTRY com.st.stm32cube.ide.mpu.remote.serial 1 1 2026-07-21 20:54:15.626
!MESSAGE Executed PowerShell command powershell.exe -Command "Get-CimInstance -ClassName Win32_SerialPort | Select-Object -ExpandProperty DeviceID":
COM4
COM5
COM6
COM8
COM17
COM3
COM9
COM10
COM11
COM12
COM13
COM16
COM7


!ENTRY com.st.stm32cube.ide.mpu.remote.serial 1 1 2026-07-21 20:54:15.662
!MESSAGE port: COM4

!ENTRY com.st.stm32cube.ide.mpu.remote.serial 1 1 2026-07-21 20:54:15.663
!MESSAGE port: COM5

!ENTRY com.st.stm32cube.ide.mpu.remote.serial 1 1 2026-07-21 20:54:15.665
!MESSAGE port: COM6

!ENTRY com.st.stm32cube.ide.mpu.remote.serial 1 1 2026-07-21 20:54:15.666
!MESSAGE port: COM8

!ENTRY com.st.stm32cube.ide.mpu.remote.serial 1 1 2026-07-21 20:54:15.667
!MESSAGE port: COM17

!ENTRY com.st.stm32cube.ide.mpu.remote.serial 1 1 2026-07-21 20:54:15.668
!MESSAGE port: COM3

!ENTRY com.st.stm32cube.ide.mpu.remote.serial 1 1 2026-07-21 20:54:15.669
!MESSAGE port: COM9

!ENTRY com.st.stm32cube.ide.mpu.remote.serial 1 1 2026-07-21 20:54:15.670
!MESSAGE port: COM10

!ENTRY com.st.stm32cube.ide.mpu.remote.serial 1 1 2026-07-21 20:54:15.671
!MESSAGE port: COM11

!ENTRY com.st.stm32cube.ide.mpu.remote.serial 1 1 2026-07-21 20:54:15.673
!MESSAGE port: COM12

!ENTRY com.st.stm32cube.ide.mpu.remote.serial 1 1 2026-07-21 20:54:15.674
!MESSAGE port: COM13

!ENTRY com.st.stm32cube.ide.mpu.remote.serial 1 1 2026-07-21 20:54:15.675
!MESSAGE port: COM16

!ENTRY com.st.stm32cube.ide.mpu.remote.serial 1 1 2026-07-21 20:54:15.676
!MESSAGE port: COM7

!ENTRY com.st.stm32cube.ide.mpu.remote.serial 1 1 2026-07-21 20:57:00.500
!MESSAGE Executed PowerShell command powershell.exe -Command "Get-CimInstance -ClassName Win32_SerialPort | Select-Object -ExpandProperty DeviceID":
COM4
COM5
COM6
COM8
COM17
COM3
COM9
COM10
COM11
COM12
COM13
COM16


!ENTRY com.st.stm32cube.ide.mpu.remote.serial 1 1 2026-07-21 20:57:00.503
!MESSAGE port: COM4

!ENTRY com.st.stm32cube.ide.mpu.remote.serial 1 1 2026-07-21 20:57:00.503
!MESSAGE port: COM5

!ENTRY com.st.stm32cube.ide.mpu.remote.serial 1 1 2026-07-21 20:57:00.503
!MESSAGE port: COM6

!ENTRY com.st.stm32cube.ide.mpu.remote.serial 1 1 2026-07-21 20:57:00.503
!MESSAGE port: COM8

!ENTRY com.st.stm32cube.ide.mpu.remote.serial 1 1 2026-07-21 20:57:00.503
!MESSAGE port: COM17

!ENTRY com.st.stm32cube.ide.mpu.remote.serial 1 1 2026-07-21 20:57:00.503
!MESSAGE port: COM3

!ENTRY com.st.stm32cube.ide.mpu.remote.serial 1 1 2026-07-21 20:57:00.503
!MESSAGE port: COM9

!ENTRY com.st.stm32cube.ide.mpu.remote.serial 1 1 2026-07-21 20:57:00.503
!MESSAGE port: COM10

!ENTRY com.st.stm32cube.ide.mpu.remote.serial 1 1 2026-07-21 20:57:00.503
!MESSAGE port: COM11

!ENTRY com.st.stm32cube.ide.mpu.remote.serial 1 1 2026-07-21 20:57:00.503
!MESSAGE port: COM12

!ENTRY com.st.stm32cube.ide.mpu.remote.serial 1 1 2026-07-21 20:57:00.512
!MESSAGE port: COM13

!ENTRY com.st.stm32cube.ide.mpu.remote.serial 1 1 2026-07-21 20:57:00.512
!MESSAGE port: COM16

!ENTRY com.st.stm32cube.ide.mpu.remote.serial 1 1 2026-07-21 21:21:47.864
!MESSAGE Executed PowerShell command powershell.exe -Command "Get-CimInstance -ClassName Win32_SerialPort | Select-Object -ExpandProperty DeviceID":
COM4
COM5
COM6
COM8
COM17
COM3
COM9
COM10
COM11
COM12
COM13
COM16


!ENTRY com.st.stm32cube.ide.mpu.remote.serial 1 1 2026-07-21 21:21:47.866
!MESSAGE port: COM4

!ENTRY com.st.stm32cube.ide.mpu.remote.serial 1 1 2026-07-21 21:21:47.866
!MESSAGE port: COM5

!ENTRY com.st.stm32cube.ide.mpu.remote.serial 1 1 2026-07-21 21:21:47.866
!MESSAGE port: COM6

!ENTRY com.st.stm32cube.ide.mpu.remote.serial 1 1 2026-07-21 21:21:47.866
!MESSAGE port: COM8

!ENTRY com.st.stm32cube.ide.mpu.remote.serial 1 1 2026-07-21 21:21:47.868
!MESSAGE port: COM17

!ENTRY com.st.stm32cube.ide.mpu.remote.serial 1 1 2026-07-21 21:21:47.868
!MESSAGE port: COM3

!ENTRY com.st.stm32cube.ide.mpu.remote.serial 1 1 2026-07-21 21:21:47.868
!MESSAGE port: COM9

!ENTRY com.st.stm32cube.ide.mpu.remote.serial 1 1 2026-07-21 21:21:47.870
!MESSAGE port: COM10

!ENTRY com.st.stm32cube.ide.mpu.remote.serial 1 1 2026-07-21 21:21:47.871
!MESSAGE port: COM11

!ENTRY com.st.stm32cube.ide.mpu.remote.serial 1 1 2026-07-21 21:21:47.873
!MESSAGE port: COM12

!ENTRY com.st.stm32cube.ide.mpu.remote.serial 1 1 2026-07-21 21:21:47.873
!MESSAGE port: COM13

!ENTRY com.st.stm32cube.ide.mpu.remote.serial 1 1 2026-07-21 21:21:47.873
!MESSAGE port: COM16

!ENTRY com.st.stm32cube.ide.mpu.remote.serial 1 1 2026-07-21 21:22:19.244
!MESSAGE Executed PowerShell command powershell.exe -Command "Get-CimInstance -ClassName Win32_SerialPort | Select-Object -ExpandProperty DeviceID":
COM4
COM5
COM6
COM8
COM17
COM3
COM9
COM10
COM11
COM12
COM13
COM16


!ENTRY com.st.stm32cube.ide.mpu.remote.serial 1 1 2026-07-21 21:22:19.245
!MESSAGE port: COM4

!ENTRY com.st.stm32cube.ide.mpu.remote.serial 1 1 2026-07-21 21:22:19.248
!MESSAGE port: COM5

!ENTRY com.st.stm32cube.ide.mpu.remote.serial 1 1 2026-07-21 21:22:19.248
!MESSAGE port: COM6

!ENTRY com.st.stm32cube.ide.mpu.remote.serial 1 1 2026-07-21 21:22:19.250
!MESSAGE port: COM8

!ENTRY com.st.stm32cube.ide.mpu.remote.serial 1 1 2026-07-21 21:22:19.250
!MESSAGE port: COM17

!ENTRY com.st.stm32cube.ide.mpu.remote.serial 1 1 2026-07-21 21:22:19.251
!MESSAGE port: COM3

!ENTRY com.st.stm32cube.ide.mpu.remote.serial 1 1 2026-07-21 21:22:19.253
!MESSAGE port: COM9

!ENTRY com.st.stm32cube.ide.mpu.remote.serial 1 1 2026-07-21 21:22:19.253
!MESSAGE port: COM10

!ENTRY com.st.stm32cube.ide.mpu.remote.serial 1 1 2026-07-21 21:22:19.254
!MESSAGE port: COM11

!ENTRY com.st.stm32cube.ide.mpu.remote.serial 1 1 2026-07-21 21:22:19.254
!MESSAGE port: COM12

!ENTRY com.st.stm32cube.ide.mpu.remote.serial 1 1 2026-07-21 21:22:19.256
!MESSAGE port: COM13

!ENTRY com.st.stm32cube.ide.mpu.remote.serial 1 1 2026-07-21 21:22:19.256
!MESSAGE port: COM16

!ENTRY com.st.stm32cube.ide.mpu.remote.serial 1 1 2026-07-21 21:26:59.741
!MESSAGE Executed PowerShell command powershell.exe -Command "Get-CimInstance -ClassName Win32_SerialPort | Select-Object -ExpandProperty DeviceID":
COM4
COM5
COM6
COM8
COM17
COM3
COM9
COM10
COM11
COM12
COM13
COM16
COM7


!ENTRY com.st.stm32cube.ide.mpu.remote.serial 1 1 2026-07-21 21:26:59.743
!MESSAGE port: COM4

!ENTRY com.st.stm32cube.ide.mpu.remote.serial 1 1 2026-07-21 21:26:59.744
!MESSAGE port: COM5

!ENTRY com.st.stm32cube.ide.mpu.remote.serial 1 1 2026-07-21 21:26:59.745
!MESSAGE port: COM6

!ENTRY com.st.stm32cube.ide.mpu.remote.serial 1 1 2026-07-21 21:26:59.747
!MESSAGE port: COM8

!ENTRY com.st.stm32cube.ide.mpu.remote.serial 1 1 2026-07-21 21:26:59.748
!MESSAGE port: COM17

!ENTRY com.st.stm32cube.ide.mpu.remote.serial 1 1 2026-07-21 21:26:59.749
!MESSAGE port: COM3

!ENTRY com.st.stm32cube.ide.mpu.remote.serial 1 1 2026-07-21 21:26:59.750
!MESSAGE port: COM9

!ENTRY com.st.stm32cube.ide.mpu.remote.serial 1 1 2026-07-21 21:26:59.752
!MESSAGE port: COM10

!ENTRY com.st.stm32cube.ide.mpu.remote.serial 1 1 2026-07-21 21:26:59.752
!MESSAGE port: COM11

!ENTRY com.st.stm32cube.ide.mpu.remote.serial 1 1 2026-07-21 21:26:59.753
!MESSAGE port: COM12

!ENTRY com.st.stm32cube.ide.mpu.remote.serial 1 1 2026-07-21 21:26:59.754
!MESSAGE port: COM13

!ENTRY com.st.stm32cube.ide.mpu.remote.serial 1 1 2026-07-21 21:26:59.755
!MESSAGE port: COM16

!ENTRY com.st.stm32cube.ide.mpu.remote.serial 1 1 2026-07-21 21:26:59.755
!MESSAGE port: COM7

!ENTRY com.st.stm32cube.ide.mpu.remote.serial 1 1 2026-07-21 21:27:43.157
!MESSAGE Executed PowerShell command powershell.exe -Command "Get-CimInstance -ClassName Win32_SerialPort | Select-Object -ExpandProperty DeviceID":
COM4
COM5
COM6
COM8
COM17
COM3
COM9
COM10
COM11
COM12
COM13
COM16


!ENTRY com.st.stm32cube.ide.mpu.remote.serial 1 1 2026-07-21 21:27:43.159
!MESSAGE port: COM4

!ENTRY com.st.stm32cube.ide.mpu.remote.serial 1 1 2026-07-21 21:27:43.160
!MESSAGE port: COM5

!ENTRY com.st.stm32cube.ide.mpu.remote.serial 1 1 2026-07-21 21:27:43.160
!MESSAGE port: COM6

!ENTRY com.st.stm32cube.ide.mpu.remote.serial 1 1 2026-07-21 21:27:43.160
!MESSAGE port: COM8

!ENTRY com.st.stm32cube.ide.mpu.remote.serial 1 1 2026-07-21 21:27:43.160
!MESSAGE port: COM17

!ENTRY com.st.stm32cube.ide.mpu.remote.serial 1 1 2026-07-21 21:27:43.160
!MESSAGE port: COM3

!ENTRY com.st.stm32cube.ide.mpu.remote.serial 1 1 2026-07-21 21:27:43.160
!MESSAGE port: COM9

!ENTRY com.st.stm32cube.ide.mpu.remote.serial 1 1 2026-07-21 21:27:43.160
!MESSAGE port: COM10

!ENTRY com.st.stm32cube.ide.mpu.remote.serial 1 1 2026-07-21 21:27:43.168
!MESSAGE port: COM11

!ENTRY com.st.stm32cube.ide.mpu.remote.serial 1 1 2026-07-21 21:27:43.168
!MESSAGE port: COM12

!ENTRY com.st.stm32cube.ide.mpu.remote.serial 1 1 2026-07-21 21:27:43.169
!MESSAGE port: COM13

!ENTRY com.st.stm32cube.ide.mpu.remote.serial 1 1 2026-07-21 21:27:43.169
!MESSAGE port: COM16

!ENTRY com.st.stm32cube.ide.mpu.remote.serial 1 1 2026-07-21 21:34:29.468
!MESSAGE Executed PowerShell command powershell.exe -Command "Get-CimInstance -ClassName Win32_SerialPort | Select-Object -ExpandProperty DeviceID":
COM4
COM5
COM6
COM8
COM17
COM3
COM9
COM10
COM11
COM12
COM13
COM16


!ENTRY com.st.stm32cube.ide.mpu.remote.serial 1 1 2026-07-21 21:34:29.470
!MESSAGE port: COM4

!ENTRY com.st.stm32cube.ide.mpu.remote.serial 1 1 2026-07-21 21:34:29.471
!MESSAGE port: COM5

!ENTRY com.st.stm32cube.ide.mpu.remote.serial 1 1 2026-07-21 21:34:29.472
!MESSAGE port: COM6

!ENTRY com.st.stm32cube.ide.mpu.remote.serial 1 1 2026-07-21 21:34:29.473
!MESSAGE port: COM8

!ENTRY com.st.stm32cube.ide.mpu.remote.serial 1 1 2026-07-21 21:34:29.474
!MESSAGE port: COM17

!ENTRY com.st.stm32cube.ide.mpu.remote.serial 1 1 2026-07-21 21:34:29.475
!MESSAGE port: COM3

!ENTRY com.st.stm32cube.ide.mpu.remote.serial 1 1 2026-07-21 21:34:29.475
!MESSAGE port: COM9

!ENTRY com.st.stm32cube.ide.mpu.remote.serial 1 1 2026-07-21 21:34:29.477
!MESSAGE port: COM10

!ENTRY com.st.stm32cube.ide.mpu.remote.serial 1 1 2026-07-21 21:34:29.478
!MESSAGE port: COM11

!ENTRY com.st.stm32cube.ide.mpu.remote.serial 1 1 2026-07-21 21:34:29.479
!MESSAGE port: COM12

!ENTRY com.st.stm32cube.ide.mpu.remote.serial 1 1 2026-07-21 21:34:29.481
!MESSAGE port: COM13

!ENTRY com.st.stm32cube.ide.mpu.remote.serial 1 1 2026-07-21 21:34:29.482
!MESSAGE port: COM16

!ENTRY com.st.stm32cube.ide.mpu.remote.serial 1 1 2026-07-21 21:35:00.873
!MESSAGE Executed PowerShell command powershell.exe -Command "Get-CimInstance -ClassName Win32_SerialPort | Select-Object -ExpandProperty DeviceID":
COM4
COM5
COM6
COM8
COM17
COM3
COM9
COM10
COM11
COM12
COM13
COM16


!ENTRY com.st.stm32cube.ide.mpu.remote.serial 1 1 2026-07-21 21:35:00.874
!MESSAGE port: COM4

!ENTRY com.st.stm32cube.ide.mpu.remote.serial 1 1 2026-07-21 21:35:00.876
!MESSAGE port: COM5

!ENTRY com.st.stm32cube.ide.mpu.remote.serial 1 1 2026-07-21 21:35:00.877
!MESSAGE port: COM6

!ENTRY com.st.stm32cube.ide.mpu.remote.serial 1 1 2026-07-21 21:35:00.877
!MESSAGE port: COM8

!ENTRY com.st.stm32cube.ide.mpu.remote.serial 1 1 2026-07-21 21:35:00.878
!MESSAGE port: COM17

!ENTRY com.st.stm32cube.ide.mpu.remote.serial 1 1 2026-07-21 21:35:00.880
!MESSAGE port: COM3

!ENTRY com.st.stm32cube.ide.mpu.remote.serial 1 1 2026-07-21 21:35:00.881
!MESSAGE port: COM9

!ENTRY com.st.stm32cube.ide.mpu.remote.serial 1 1 2026-07-21 21:35:00.882
!MESSAGE port: COM10

!ENTRY com.st.stm32cube.ide.mpu.remote.serial 1 1 2026-07-21 21:35:00.883
!MESSAGE port: COM11

!ENTRY com.st.stm32cube.ide.mpu.remote.serial 1 1 2026-07-21 21:35:00.884
!MESSAGE port: COM12

!ENTRY com.st.stm32cube.ide.mpu.remote.serial 1 1 2026-07-21 21:35:00.885
!MESSAGE port: COM13

!ENTRY com.st.stm32cube.ide.mpu.remote.serial 1 1 2026-07-21 21:35:00.886
!MESSAGE port: COM16

!ENTRY com.st.stm32cube.ide.mpu.remote.serial 1 1 2026-07-21 21:36:45.896
!MESSAGE Executed PowerShell command powershell.exe -Command "Get-CimInstance -ClassName Win32_SerialPort | Select-Object -ExpandProperty DeviceID":
COM4
COM5
COM6
COM8
COM17
COM3
COM9
COM10
COM11
COM12
COM13
COM16
COM7


!ENTRY com.st.stm32cube.ide.mpu.remote.serial 1 1 2026-07-21 21:36:45.898
!MESSAGE port: COM4

!ENTRY com.st.stm32cube.ide.mpu.remote.serial 1 1 2026-07-21 21:36:45.899
!MESSAGE port: COM5

!ENTRY com.st.stm32cube.ide.mpu.remote.serial 1 1 2026-07-21 21:36:45.900
!MESSAGE port: COM6

!ENTRY com.st.stm32cube.ide.mpu.remote.serial 1 1 2026-07-21 21:36:45.902
!MESSAGE port: COM8

!ENTRY com.st.stm32cube.ide.mpu.remote.serial 1 1 2026-07-21 21:36:45.903
!MESSAGE port: COM17

!ENTRY com.st.stm32cube.ide.mpu.remote.serial 1 1 2026-07-21 21:36:45.905
!MESSAGE port: COM3

!ENTRY com.st.stm32cube.ide.mpu.remote.serial 1 1 2026-07-21 21:36:45.906
!MESSAGE port: COM9

!ENTRY com.st.stm32cube.ide.mpu.remote.serial 1 1 2026-07-21 21:36:45.907
!MESSAGE port: COM10

!ENTRY com.st.stm32cube.ide.mpu.remote.serial 1 1 2026-07-21 21:36:45.909
!MESSAGE port: COM11

!ENTRY com.st.stm32cube.ide.mpu.remote.serial 1 1 2026-07-21 21:36:45.910
!MESSAGE port: COM12

!ENTRY com.st.stm32cube.ide.mpu.remote.serial 1 1 2026-07-21 21:36:45.912
!MESSAGE port: COM13

!ENTRY com.st.stm32cube.ide.mpu.remote.serial 1 1 2026-07-21 21:36:45.913
!MESSAGE port: COM16

!ENTRY com.st.stm32cube.ide.mpu.remote.serial 1 1 2026-07-21 21:36:45.914
!MESSAGE port: COM7

!ENTRY com.st.stm32cube.ide.mpu.remote.serial 1 1 2026-07-21 21:39:35.608
!MESSAGE Executed PowerShell command powershell.exe -Command "Get-CimInstance -ClassName Win32_SerialPort | Select-Object -ExpandProperty DeviceID":
COM4
COM5
COM6
COM8
COM17
COM3
COM9
COM10
COM11
COM12
COM13
COM16


!ENTRY com.st.stm32cube.ide.mpu.remote.serial 1 1 2026-07-21 21:39:35.610
!MESSAGE port: COM4

!ENTRY com.st.stm32cube.ide.mpu.remote.serial 1 1 2026-07-21 21:39:35.611
!MESSAGE port: COM5

!ENTRY com.st.stm32cube.ide.mpu.remote.serial 1 1 2026-07-21 21:39:35.612
!MESSAGE port: COM6

!ENTRY com.st.stm32cube.ide.mpu.remote.serial 1 1 2026-07-21 21:39:35.613
!MESSAGE port: COM8

!ENTRY com.st.stm32cube.ide.mpu.remote.serial 1 1 2026-07-21 21:39:35.614
!MESSAGE port: COM17

!ENTRY com.st.stm32cube.ide.mpu.remote.serial 1 1 2026-07-21 21:39:35.615
!MESSAGE port: COM3

!ENTRY com.st.stm32cube.ide.mpu.remote.serial 1 1 2026-07-21 21:39:35.616
!MESSAGE port: COM9

!ENTRY com.st.stm32cube.ide.mpu.remote.serial 1 1 2026-07-21 21:39:35.617
!MESSAGE port: COM10

!ENTRY com.st.stm32cube.ide.mpu.remote.serial 1 1 2026-07-21 21:39:35.618
!MESSAGE port: COM11

!ENTRY com.st.stm32cube.ide.mpu.remote.serial 1 1 2026-07-21 21:39:35.620
!MESSAGE port: COM12

!ENTRY com.st.stm32cube.ide.mpu.remote.serial 1 1 2026-07-21 21:39:35.621
!MESSAGE port: COM13

!ENTRY com.st.stm32cube.ide.mpu.remote.serial 1 1 2026-07-21 21:39:35.622
!MESSAGE port: COM16

!ENTRY com.st.stm32cube.ide.mpu.remote.serial 1 1 2026-07-21 21:49:59.307
!MESSAGE Executed PowerShell command powershell.exe -Command "Get-CimInstance -ClassName Win32_SerialPort | Select-Object -ExpandProperty DeviceID":
COM4
COM5
COM6
COM8
COM17
COM3
COM9
COM10
COM11
COM12
COM13
COM16


!ENTRY com.st.stm32cube.ide.mpu.remote.serial 1 1 2026-07-21 21:49:59.309
!MESSAGE port: COM4

!ENTRY com.st.stm32cube.ide.mpu.remote.serial 1 1 2026-07-21 21:49:59.310
!MESSAGE port: COM5

!ENTRY com.st.stm32cube.ide.mpu.remote.serial 1 1 2026-07-21 21:49:59.311
!MESSAGE port: COM6

!ENTRY com.st.stm32cube.ide.mpu.remote.serial 1 1 2026-07-21 21:49:59.312
!MESSAGE port: COM8

!ENTRY com.st.stm32cube.ide.mpu.remote.serial 1 1 2026-07-21 21:49:59.313
!MESSAGE port: COM17

!ENTRY com.st.stm32cube.ide.mpu.remote.serial 1 1 2026-07-21 21:49:59.315
!MESSAGE port: COM3

!ENTRY com.st.stm32cube.ide.mpu.remote.serial 1 1 2026-07-21 21:49:59.316
!MESSAGE port: COM9

!ENTRY com.st.stm32cube.ide.mpu.remote.serial 1 1 2026-07-21 21:49:59.316
!MESSAGE port: COM10

!ENTRY com.st.stm32cube.ide.mpu.remote.serial 1 1 2026-07-21 21:49:59.318
!MESSAGE port: COM11

!ENTRY com.st.stm32cube.ide.mpu.remote.serial 1 1 2026-07-21 21:49:59.319
!MESSAGE port: COM12

!ENTRY com.st.stm32cube.ide.mpu.remote.serial 1 1 2026-07-21 21:49:59.319
!MESSAGE port: COM13

!ENTRY com.st.stm32cube.ide.mpu.remote.serial 1 1 2026-07-21 21:49:59.321
!MESSAGE port: COM16

!ENTRY com.st.stm32cube.ide.mpu.remote.serial 1 1 2026-07-21 21:50:30.730
!MESSAGE Executed PowerShell command powershell.exe -Command "Get-CimInstance -ClassName Win32_SerialPort | Select-Object -ExpandProperty DeviceID":
COM4
COM5
COM6
COM8
COM17
COM3
COM9
COM10
COM11
COM12
COM13
COM16


!ENTRY com.st.stm32cube.ide.mpu.remote.serial 1 1 2026-07-21 21:50:30.732
!MESSAGE port: COM4

!ENTRY com.st.stm32cube.ide.mpu.remote.serial 1 1 2026-07-21 21:50:30.733
!MESSAGE port: COM5

!ENTRY com.st.stm32cube.ide.mpu.remote.serial 1 1 2026-07-21 21:50:30.734
!MESSAGE port: COM6

!ENTRY com.st.stm32cube.ide.mpu.remote.serial 1 1 2026-07-21 21:50:30.735
!MESSAGE port: COM8

!ENTRY com.st.stm32cube.ide.mpu.remote.serial 1 1 2026-07-21 21:50:30.736
!MESSAGE port: COM17

!ENTRY com.st.stm32cube.ide.mpu.remote.serial 1 1 2026-07-21 21:50:30.737
!MESSAGE port: COM3

!ENTRY com.st.stm32cube.ide.mpu.remote.serial 1 1 2026-07-21 21:50:30.738
!MESSAGE port: COM9

!ENTRY com.st.stm32cube.ide.mpu.remote.serial 1 1 2026-07-21 21:50:30.739
!MESSAGE port: COM10

!ENTRY com.st.stm32cube.ide.mpu.remote.serial 1 1 2026-07-21 21:50:30.740
!MESSAGE port: COM11

!ENTRY com.st.stm32cube.ide.mpu.remote.serial 1 1 2026-07-21 21:50:30.741
!MESSAGE port: COM12

!ENTRY com.st.stm32cube.ide.mpu.remote.serial 1 1 2026-07-21 21:50:30.742
!MESSAGE port: COM13

!ENTRY com.st.stm32cube.ide.mpu.remote.serial 1 1 2026-07-21 21:50:30.743
!MESSAGE port: COM16

!ENTRY com.st.stm32cube.ide.mpu.remote.serial 1 1 2026-07-21 21:55:44.943
!MESSAGE Executed PowerShell command powershell.exe -Command "Get-CimInstance -ClassName Win32_SerialPort | Select-Object -ExpandProperty DeviceID":
COM4
COM5
COM6
COM8
COM17
COM3
COM9
COM10
COM11
COM12
COM13
COM16
COM7


!ENTRY com.st.stm32cube.ide.mpu.remote.serial 1 1 2026-07-21 21:55:44.945
!MESSAGE port: COM4

!ENTRY com.st.stm32cube.ide.mpu.remote.serial 1 1 2026-07-21 21:55:44.945
!MESSAGE port: COM5

!ENTRY com.st.stm32cube.ide.mpu.remote.serial 1 1 2026-07-21 21:55:44.947
!MESSAGE port: COM6

!ENTRY com.st.stm32cube.ide.mpu.remote.serial 1 1 2026-07-21 21:55:44.948
!MESSAGE port: COM8

!ENTRY com.st.stm32cube.ide.mpu.remote.serial 1 1 2026-07-21 21:55:44.949
!MESSAGE port: COM17

!ENTRY com.st.stm32cube.ide.mpu.remote.serial 1 1 2026-07-21 21:55:44.949
!MESSAGE port: COM3

!ENTRY com.st.stm32cube.ide.mpu.remote.serial 1 1 2026-07-21 21:55:44.950
!MESSAGE port: COM9

!ENTRY com.st.stm32cube.ide.mpu.remote.serial 1 1 2026-07-21 21:55:44.950
!MESSAGE port: COM10

!ENTRY com.st.stm32cube.ide.mpu.remote.serial 1 1 2026-07-21 21:55:44.952
!MESSAGE port: COM11

!ENTRY com.st.stm32cube.ide.mpu.remote.serial 1 1 2026-07-21 21:55:44.953
!MESSAGE port: COM12

!ENTRY com.st.stm32cube.ide.mpu.remote.serial 1 1 2026-07-21 21:55:44.953
!MESSAGE port: COM13

!ENTRY com.st.stm32cube.ide.mpu.remote.serial 1 1 2026-07-21 21:55:44.954
!MESSAGE port: COM16

!ENTRY com.st.stm32cube.ide.mpu.remote.serial 1 1 2026-07-21 21:55:44.954
!MESSAGE port: COM7

!ENTRY com.st.stm32cube.ide.mpu.remote.serial 1 1 2026-07-21 21:58:14.178
!MESSAGE Executed PowerShell command powershell.exe -Command "Get-CimInstance -ClassName Win32_SerialPort | Select-Object -ExpandProperty DeviceID":
COM4
COM5
COM6
COM8
COM17
COM3
COM9
COM10
COM11
COM12
COM13
COM16


!ENTRY com.st.stm32cube.ide.mpu.remote.serial 1 1 2026-07-21 21:58:14.180
!MESSAGE port: COM4

!ENTRY com.st.stm32cube.ide.mpu.remote.serial 1 1 2026-07-21 21:58:14.181
!MESSAGE port: COM5

!ENTRY com.st.stm32cube.ide.mpu.remote.serial 1 1 2026-07-21 21:58:14.182
!MESSAGE port: COM6

!ENTRY com.st.stm32cube.ide.mpu.remote.serial 1 1 2026-07-21 21:58:14.182
!MESSAGE port: COM8

!ENTRY com.st.stm32cube.ide.mpu.remote.serial 1 1 2026-07-21 21:58:14.183
!MESSAGE port: COM17

!ENTRY com.st.stm32cube.ide.mpu.remote.serial 1 1 2026-07-21 21:58:14.185
!MESSAGE port: COM3

!ENTRY com.st.stm32cube.ide.mpu.remote.serial 1 1 2026-07-21 21:58:14.185
!MESSAGE port: COM9

!ENTRY com.st.stm32cube.ide.mpu.remote.serial 1 1 2026-07-21 21:58:14.186
!MESSAGE port: COM10

!ENTRY com.st.stm32cube.ide.mpu.remote.serial 1 1 2026-07-21 21:58:14.188
!MESSAGE port: COM11

!ENTRY com.st.stm32cube.ide.mpu.remote.serial 1 1 2026-07-21 21:58:14.189
!MESSAGE port: COM12

!ENTRY com.st.stm32cube.ide.mpu.remote.serial 1 1 2026-07-21 21:58:14.190
!MESSAGE port: COM13

!ENTRY com.st.stm32cube.ide.mpu.remote.serial 1 1 2026-07-21 21:58:14.191
!MESSAGE port: COM16

!ENTRY com.st.stm32cube.ide.mpu.remote.serial 1 1 2026-07-21 22:02:01.761
!MESSAGE Executed PowerShell command powershell.exe -Command "Get-CimInstance -ClassName Win32_SerialPort | Select-Object -ExpandProperty DeviceID":
COM4
COM5
COM6
COM8
COM17
COM3
COM9
COM10
COM11
COM12
COM13
COM16
COM7


!ENTRY com.st.stm32cube.ide.mpu.remote.serial 1 1 2026-07-21 22:02:01.763
!MESSAGE port: COM4

!ENTRY com.st.stm32cube.ide.mpu.remote.serial 1 1 2026-07-21 22:02:01.764
!MESSAGE port: COM5

!ENTRY com.st.stm32cube.ide.mpu.remote.serial 1 1 2026-07-21 22:02:01.765
!MESSAGE port: COM6

!ENTRY com.st.stm32cube.ide.mpu.remote.serial 1 1 2026-07-21 22:02:01.766
!MESSAGE port: COM8

!ENTRY com.st.stm32cube.ide.mpu.remote.serial 1 1 2026-07-21 22:02:01.766
!MESSAGE port: COM17

!ENTRY com.st.stm32cube.ide.mpu.remote.serial 1 1 2026-07-21 22:02:01.768
!MESSAGE port: COM3

!ENTRY com.st.stm32cube.ide.mpu.remote.serial 1 1 2026-07-21 22:02:01.769
!MESSAGE port: COM9

!ENTRY com.st.stm32cube.ide.mpu.remote.serial 1 1 2026-07-21 22:02:01.769
!MESSAGE port: COM10

!ENTRY com.st.stm32cube.ide.mpu.remote.serial 1 1 2026-07-21 22:02:01.770
!MESSAGE port: COM11

!ENTRY com.st.stm32cube.ide.mpu.remote.serial 1 1 2026-07-21 22:02:01.770
!MESSAGE port: COM12

!ENTRY com.st.stm32cube.ide.mpu.remote.serial 1 1 2026-07-21 22:02:01.771
!MESSAGE port: COM13

!ENTRY com.st.stm32cube.ide.mpu.remote.serial 1 1 2026-07-21 22:02:01.773
!MESSAGE port: COM16

!ENTRY com.st.stm32cube.ide.mpu.remote.serial 1 1 2026-07-21 22:02:01.773
!MESSAGE port: COM7

!ENTRY com.st.stm32cube.ide.mpu.remote.serial 1 1 2026-07-21 22:02:37.168
!MESSAGE Executed PowerShell command powershell.exe -Command "Get-CimInstance -ClassName Win32_SerialPort | Select-Object -ExpandProperty DeviceID":
COM4
COM5
COM6
COM8
COM17
COM3
COM9
COM10
COM11
COM12
COM13
COM16


!ENTRY com.st.stm32cube.ide.mpu.remote.serial 1 1 2026-07-21 22:02:37.169
!MESSAGE port: COM4

!ENTRY com.st.stm32cube.ide.mpu.remote.serial 1 1 2026-07-21 22:02:37.170
!MESSAGE port: COM5

!ENTRY com.st.stm32cube.ide.mpu.remote.serial 1 1 2026-07-21 22:02:37.171
!MESSAGE port: COM6

!ENTRY com.st.stm32cube.ide.mpu.remote.serial 1 1 2026-07-21 22:02:37.172
!MESSAGE port: COM8

!ENTRY com.st.stm32cube.ide.mpu.remote.serial 1 1 2026-07-21 22:02:37.173
!MESSAGE port: COM17

!ENTRY com.st.stm32cube.ide.mpu.remote.serial 1 1 2026-07-21 22:02:37.174
!MESSAGE port: COM3

!ENTRY com.st.stm32cube.ide.mpu.remote.serial 1 1 2026-07-21 22:02:37.175
!MESSAGE port: COM9

!ENTRY com.st.stm32cube.ide.mpu.remote.serial 1 1 2026-07-21 22:02:37.176
!MESSAGE port: COM10

!ENTRY com.st.stm32cube.ide.mpu.remote.serial 1 1 2026-07-21 22:02:37.177
!MESSAGE port: COM11

!ENTRY com.st.stm32cube.ide.mpu.remote.serial 1 1 2026-07-21 22:02:37.178
!MESSAGE port: COM12

!ENTRY com.st.stm32cube.ide.mpu.remote.serial 1 1 2026-07-21 22:02:37.179
!MESSAGE port: COM13

!ENTRY com.st.stm32cube.ide.mpu.remote.serial 1 1 2026-07-21 22:02:37.180
!MESSAGE port: COM16

!ENTRY com.st.stm32cube.ide.mpu.remote.serial 1 1 2026-07-21 22:04:30.360
!MESSAGE Executed PowerShell command powershell.exe -Command "Get-CimInstance -ClassName Win32_SerialPort | Select-Object -ExpandProperty DeviceID":
COM4
COM5
COM6
COM8
COM17
COM3
COM9
COM10
COM11
COM12
COM13
COM16
COM7


!ENTRY com.st.stm32cube.ide.mpu.remote.serial 1 1 2026-07-21 22:04:30.361
!MESSAGE port: COM4

!ENTRY com.st.stm32cube.ide.mpu.remote.serial 1 1 2026-07-21 22:04:30.363
!MESSAGE port: COM5

!ENTRY com.st.stm32cube.ide.mpu.remote.serial 1 1 2026-07-21 22:04:30.363
!MESSAGE port: COM6

!ENTRY com.st.stm32cube.ide.mpu.remote.serial 1 1 2026-07-21 22:04:30.365
!MESSAGE port: COM8

!ENTRY com.st.stm32cube.ide.mpu.remote.serial 1 1 2026-07-21 22:04:30.365
!MESSAGE port: COM17

!ENTRY com.st.stm32cube.ide.mpu.remote.serial 1 1 2026-07-21 22:04:30.366
!MESSAGE port: COM3

!ENTRY com.st.stm32cube.ide.mpu.remote.serial 1 1 2026-07-21 22:04:30.367
!MESSAGE port: COM9

!ENTRY com.st.stm32cube.ide.mpu.remote.serial 1 1 2026-07-21 22:04:30.368
!MESSAGE port: COM10

!ENTRY com.st.stm32cube.ide.mpu.remote.serial 1 1 2026-07-21 22:04:30.368
!MESSAGE port: COM11

!ENTRY com.st.stm32cube.ide.mpu.remote.serial 1 1 2026-07-21 22:04:30.369
!MESSAGE port: COM12

!ENTRY com.st.stm32cube.ide.mpu.remote.serial 1 1 2026-07-21 22:04:30.370
!MESSAGE port: COM13

!ENTRY com.st.stm32cube.ide.mpu.remote.serial 1 1 2026-07-21 22:04:30.371
!MESSAGE port: COM16

!ENTRY com.st.stm32cube.ide.mpu.remote.serial 1 1 2026-07-21 22:04:30.371
!MESSAGE port: COM7

!ENTRY com.st.stm32cube.ide.mpu.remote.serial 1 1 2026-07-21 22:05:36.226
!MESSAGE Executed PowerShell command powershell.exe -Command "Get-CimInstance -ClassName Win32_SerialPort | Select-Object -ExpandProperty DeviceID":
COM4
COM5
COM6
COM8
COM17
COM3
COM9
COM10
COM11
COM12
COM13
COM16


!ENTRY com.st.stm32cube.ide.mpu.remote.serial 1 1 2026-07-21 22:05:36.227
!MESSAGE port: COM4

!ENTRY com.st.stm32cube.ide.mpu.remote.serial 1 1 2026-07-21 22:05:36.229
!MESSAGE port: COM5

!ENTRY com.st.stm32cube.ide.mpu.remote.serial 1 1 2026-07-21 22:05:36.230
!MESSAGE port: COM6

!ENTRY com.st.stm32cube.ide.mpu.remote.serial 1 1 2026-07-21 22:05:36.231
!MESSAGE port: COM8

!ENTRY com.st.stm32cube.ide.mpu.remote.serial 1 1 2026-07-21 22:05:36.232
!MESSAGE port: COM17

!ENTRY com.st.stm32cube.ide.mpu.remote.serial 1 1 2026-07-21 22:05:36.233
!MESSAGE port: COM3

!ENTRY com.st.stm32cube.ide.mpu.remote.serial 1 1 2026-07-21 22:05:36.234
!MESSAGE port: COM9

!ENTRY com.st.stm32cube.ide.mpu.remote.serial 1 1 2026-07-21 22:05:36.234
!MESSAGE port: COM10

!ENTRY com.st.stm32cube.ide.mpu.remote.serial 1 1 2026-07-21 22:05:36.236
!MESSAGE port: COM11

!ENTRY com.st.stm32cube.ide.mpu.remote.serial 1 1 2026-07-21 22:05:36.237
!MESSAGE port: COM12

!ENTRY com.st.stm32cube.ide.mpu.remote.serial 1 1 2026-07-21 22:05:36.238
!MESSAGE port: COM13

!ENTRY com.st.stm32cube.ide.mpu.remote.serial 1 1 2026-07-21 22:05:36.239
!MESSAGE port: COM16

!ENTRY com.st.stm32cube.ide.mpu.remote.serial 1 1 2026-07-21 22:07:06.189
!MESSAGE Executed PowerShell command powershell.exe -Command "Get-CimInstance -ClassName Win32_SerialPort | Select-Object -ExpandProperty DeviceID":
COM4
COM5
COM6
COM8
COM17
COM3
COM9
COM10
COM11
COM12
COM13
COM16


!ENTRY com.st.stm32cube.ide.mpu.remote.serial 1 1 2026-07-21 22:07:06.189
!MESSAGE port: COM4

!ENTRY com.st.stm32cube.ide.mpu.remote.serial 1 1 2026-07-21 22:07:06.190
!MESSAGE port: COM5

!ENTRY com.st.stm32cube.ide.mpu.remote.serial 1 1 2026-07-21 22:07:06.191
!MESSAGE port: COM6

!ENTRY com.st.stm32cube.ide.mpu.remote.serial 1 1 2026-07-21 22:07:06.193
!MESSAGE port: COM8

!ENTRY com.st.stm32cube.ide.mpu.remote.serial 1 1 2026-07-21 22:07:06.194
!MESSAGE port: COM17

!ENTRY com.st.stm32cube.ide.mpu.remote.serial 1 1 2026-07-21 22:07:06.194
!MESSAGE port: COM3

!ENTRY com.st.stm32cube.ide.mpu.remote.serial 1 1 2026-07-21 22:07:06.195
!MESSAGE port: COM9

!ENTRY com.st.stm32cube.ide.mpu.remote.serial 1 1 2026-07-21 22:07:06.196
!MESSAGE port: COM10

!ENTRY com.st.stm32cube.ide.mpu.remote.serial 1 1 2026-07-21 22:07:06.197
!MESSAGE port: COM11

!ENTRY com.st.stm32cube.ide.mpu.remote.serial 1 1 2026-07-21 22:07:06.198
!MESSAGE port: COM12

!ENTRY com.st.stm32cube.ide.mpu.remote.serial 1 1 2026-07-21 22:07:06.199
!MESSAGE port: COM13

!ENTRY com.st.stm32cube.ide.mpu.remote.serial 1 1 2026-07-21 22:07:06.200
!MESSAGE port: COM16

!ENTRY com.st.stm32cube.ide.mpu.remote.serial 1 1 2026-07-21 22:07:37.545
!MESSAGE Executed PowerShell command powershell.exe -Command "Get-CimInstance -ClassName Win32_SerialPort | Select-Object -ExpandProperty DeviceID":
COM4
COM5
COM6
COM8
COM17
COM3
COM9
COM10
COM11
COM12
COM13
COM16


!ENTRY com.st.stm32cube.ide.mpu.remote.serial 1 1 2026-07-21 22:07:37.546
!MESSAGE port: COM4

!ENTRY com.st.stm32cube.ide.mpu.remote.serial 1 1 2026-07-21 22:07:37.547
!MESSAGE port: COM5

!ENTRY com.st.stm32cube.ide.mpu.remote.serial 1 1 2026-07-21 22:07:37.548
!MESSAGE port: COM6

!ENTRY com.st.stm32cube.ide.mpu.remote.serial 1 1 2026-07-21 22:07:37.549
!MESSAGE port: COM8

!ENTRY com.st.stm32cube.ide.mpu.remote.serial 1 1 2026-07-21 22:07:37.550
!MESSAGE port: COM17

!ENTRY com.st.stm32cube.ide.mpu.remote.serial 1 1 2026-07-21 22:07:37.551
!MESSAGE port: COM3

!ENTRY com.st.stm32cube.ide.mpu.remote.serial 1 1 2026-07-21 22:07:37.552
!MESSAGE port: COM9

!ENTRY com.st.stm32cube.ide.mpu.remote.serial 1 1 2026-07-21 22:07:37.553
!MESSAGE port: COM10

!ENTRY com.st.stm32cube.ide.mpu.remote.serial 1 1 2026-07-21 22:07:37.554
!MESSAGE port: COM11

!ENTRY com.st.stm32cube.ide.mpu.remote.serial 1 1 2026-07-21 22:07:37.555
!MESSAGE port: COM12

!ENTRY com.st.stm32cube.ide.mpu.remote.serial 1 1 2026-07-21 22:07:37.556
!MESSAGE port: COM13

!ENTRY com.st.stm32cube.ide.mpu.remote.serial 1 1 2026-07-21 22:07:37.557
!MESSAGE port: COM16

!ENTRY com.st.stm32cube.ide.mpu.remote.serial 1 1 2026-07-21 22:08:57.046
!MESSAGE Executed PowerShell command powershell.exe -Command "Get-CimInstance -ClassName Win32_SerialPort | Select-Object -ExpandProperty DeviceID":
COM4
COM5
COM6
COM8
COM17
COM3
COM9
COM10
COM11
COM12
COM13
COM16


!ENTRY com.st.stm32cube.ide.mpu.remote.serial 1 1 2026-07-21 22:08:57.048
!MESSAGE port: COM4

!ENTRY com.st.stm32cube.ide.mpu.remote.serial 1 1 2026-07-21 22:08:57.049
!MESSAGE port: COM5

!ENTRY com.st.stm32cube.ide.mpu.remote.serial 1 1 2026-07-21 22:08:57.050
!MESSAGE port: COM6

!ENTRY com.st.stm32cube.ide.mpu.remote.serial 1 1 2026-07-21 22:08:57.051
!MESSAGE port: COM8

!ENTRY com.st.stm32cube.ide.mpu.remote.serial 1 1 2026-07-21 22:08:57.052
!MESSAGE port: COM17

!ENTRY com.st.stm32cube.ide.mpu.remote.serial 1 1 2026-07-21 22:08:57.053
!MESSAGE port: COM3

!ENTRY com.st.stm32cube.ide.mpu.remote.serial 1 1 2026-07-21 22:08:57.055
!MESSAGE port: COM9

!ENTRY com.st.stm32cube.ide.mpu.remote.serial 1 1 2026-07-21 22:08:57.056
!MESSAGE port: COM10

!ENTRY com.st.stm32cube.ide.mpu.remote.serial 1 1 2026-07-21 22:08:57.056
!MESSAGE port: COM11

!ENTRY com.st.stm32cube.ide.mpu.remote.serial 1 1 2026-07-21 22:08:57.058
!MESSAGE port: COM12

!ENTRY com.st.stm32cube.ide.mpu.remote.serial 1 1 2026-07-21 22:08:57.059
!MESSAGE port: COM13

!ENTRY com.st.stm32cube.ide.mpu.remote.serial 1 1 2026-07-21 22:08:57.061
!MESSAGE port: COM16

!ENTRY com.st.stm32cube.ide.mpu.remote.serial 1 1 2026-07-21 22:09:28.542
!MESSAGE Executed PowerShell command powershell.exe -Command "Get-CimInstance -ClassName Win32_SerialPort | Select-Object -ExpandProperty DeviceID":
COM4
COM5
COM6
COM8
COM17
COM3
COM9
COM10
COM11
COM12
COM13
COM16


!ENTRY com.st.stm32cube.ide.mpu.remote.serial 1 1 2026-07-21 22:09:28.543
!MESSAGE port: COM4

!ENTRY com.st.stm32cube.ide.mpu.remote.serial 1 1 2026-07-21 22:09:28.544
!MESSAGE port: COM5

!ENTRY com.st.stm32cube.ide.mpu.remote.serial 1 1 2026-07-21 22:09:28.546
!MESSAGE port: COM6

!ENTRY com.st.stm32cube.ide.mpu.remote.serial 1 1 2026-07-21 22:09:28.547
!MESSAGE port: COM8

!ENTRY com.st.stm32cube.ide.mpu.remote.serial 1 1 2026-07-21 22:09:28.548
!MESSAGE port: COM17

!ENTRY com.st.stm32cube.ide.mpu.remote.serial 1 1 2026-07-21 22:09:28.549
!MESSAGE port: COM3

!ENTRY com.st.stm32cube.ide.mpu.remote.serial 1 1 2026-07-21 22:09:28.550
!MESSAGE port: COM9

!ENTRY com.st.stm32cube.ide.mpu.remote.serial 1 1 2026-07-21 22:09:28.551
!MESSAGE port: COM10

!ENTRY com.st.stm32cube.ide.mpu.remote.serial 1 1 2026-07-21 22:09:28.553
!MESSAGE port: COM11

!ENTRY com.st.stm32cube.ide.mpu.remote.serial 1 1 2026-07-21 22:09:28.554
!MESSAGE port: COM12

!ENTRY com.st.stm32cube.ide.mpu.remote.serial 1 1 2026-07-21 22:09:28.555
!MESSAGE port: COM13

!ENTRY com.st.stm32cube.ide.mpu.remote.serial 1 1 2026-07-21 22:09:28.556
!MESSAGE port: COM16

!ENTRY com.st.stm32cube.ide.mpu.remote.serial 1 1 2026-07-21 22:10:52.390
!MESSAGE Executed PowerShell command powershell.exe -Command "Get-CimInstance -ClassName Win32_SerialPort | Select-Object -ExpandProperty DeviceID":
COM4
COM5
COM6
COM8
COM17
COM3
COM9
COM10
COM11
COM12
COM13
COM16


!ENTRY com.st.stm32cube.ide.mpu.remote.serial 1 1 2026-07-21 22:10:52.391
!MESSAGE port: COM4

!ENTRY com.st.stm32cube.ide.mpu.remote.serial 1 1 2026-07-21 22:10:52.392
!MESSAGE port: COM5

!ENTRY com.st.stm32cube.ide.mpu.remote.serial 1 1 2026-07-21 22:10:52.393
!MESSAGE port: COM6

!ENTRY com.st.stm32cube.ide.mpu.remote.serial 1 1 2026-07-21 22:10:52.394
!MESSAGE port: COM8

!ENTRY com.st.stm32cube.ide.mpu.remote.serial 1 1 2026-07-21 22:10:52.396
!MESSAGE port: COM17

!ENTRY com.st.stm32cube.ide.mpu.remote.serial 1 1 2026-07-21 22:10:52.397
!MESSAGE port: COM3

!ENTRY com.st.stm32cube.ide.mpu.remote.serial 1 1 2026-07-21 22:10:52.399
!MESSAGE port: COM9

!ENTRY com.st.stm32cube.ide.mpu.remote.serial 1 1 2026-07-21 22:10:52.399
!MESSAGE port: COM10

!ENTRY com.st.stm32cube.ide.mpu.remote.serial 1 1 2026-07-21 22:10:52.401
!MESSAGE port: COM11

!ENTRY com.st.stm32cube.ide.mpu.remote.serial 1 1 2026-07-21 22:10:52.403
!MESSAGE port: COM12

!ENTRY com.st.stm32cube.ide.mpu.remote.serial 1 1 2026-07-21 22:10:52.404
!MESSAGE port: COM13

!ENTRY com.st.stm32cube.ide.mpu.remote.serial 1 1 2026-07-21 22:10:52.405
!MESSAGE port: COM16

!ENTRY com.st.stm32cube.ide.mpu.remote.serial 1 1 2026-07-21 22:11:23.994
!MESSAGE Executed PowerShell command powershell.exe -Command "Get-CimInstance -ClassName Win32_SerialPort | Select-Object -ExpandProperty DeviceID":
COM4
COM5
COM6
COM8
COM17
COM3
COM9
COM10
COM11
COM12
COM13
COM16


!ENTRY com.st.stm32cube.ide.mpu.remote.serial 1 1 2026-07-21 22:11:23.996
!MESSAGE port: COM4

!ENTRY com.st.stm32cube.ide.mpu.remote.serial 1 1 2026-07-21 22:11:23.998
!MESSAGE port: COM5

!ENTRY com.st.stm32cube.ide.mpu.remote.serial 1 1 2026-07-21 22:11:23.999
!MESSAGE port: COM6

!ENTRY com.st.stm32cube.ide.mpu.remote.serial 1 1 2026-07-21 22:11:24.001
!MESSAGE port: COM8

!ENTRY com.st.stm32cube.ide.mpu.remote.serial 1 1 2026-07-21 22:11:24.002
!MESSAGE port: COM17

!ENTRY com.st.stm32cube.ide.mpu.remote.serial 1 1 2026-07-21 22:11:24.002
!MESSAGE port: COM3

!ENTRY com.st.stm32cube.ide.mpu.remote.serial 1 1 2026-07-21 22:11:24.004
!MESSAGE port: COM9

!ENTRY com.st.stm32cube.ide.mpu.remote.serial 1 1 2026-07-21 22:11:24.005
!MESSAGE port: COM10

!ENTRY com.st.stm32cube.ide.mpu.remote.serial 1 1 2026-07-21 22:11:24.005
!MESSAGE port: COM11

!ENTRY com.st.stm32cube.ide.mpu.remote.serial 1 1 2026-07-21 22:11:24.006
!MESSAGE port: COM12

!ENTRY com.st.stm32cube.ide.mpu.remote.serial 1 1 2026-07-21 22:11:24.007
!MESSAGE port: COM13

!ENTRY com.st.stm32cube.ide.mpu.remote.serial 1 1 2026-07-21 22:11:24.008
!MESSAGE port: COM16

!ENTRY com.st.stm32cube.ide.mpu.remote.serial 1 1 2026-07-21 22:13:51.534
!MESSAGE Executed PowerShell command powershell.exe -Command "Get-CimInstance -ClassName Win32_SerialPort | Select-Object -ExpandProperty DeviceID":
COM4
COM5
COM6
COM8
COM17
COM3
COM9
COM10
COM11
COM12
COM13
COM16


!ENTRY com.st.stm32cube.ide.mpu.remote.serial 1 1 2026-07-21 22:13:51.536
!MESSAGE port: COM4

!ENTRY com.st.stm32cube.ide.mpu.remote.serial 1 1 2026-07-21 22:13:51.538
!MESSAGE port: COM5

!ENTRY com.st.stm32cube.ide.mpu.remote.serial 1 1 2026-07-21 22:13:51.539
!MESSAGE port: COM6

!ENTRY com.st.stm32cube.ide.mpu.remote.serial 1 1 2026-07-21 22:13:51.540
!MESSAGE port: COM8

!ENTRY com.st.stm32cube.ide.mpu.remote.serial 1 1 2026-07-21 22:13:51.541
!MESSAGE port: COM17

!ENTRY com.st.stm32cube.ide.mpu.remote.serial 1 1 2026-07-21 22:13:51.541
!MESSAGE port: COM3

!ENTRY com.st.stm32cube.ide.mpu.remote.serial 1 1 2026-07-21 22:13:51.542
!MESSAGE port: COM9

!ENTRY com.st.stm32cube.ide.mpu.remote.serial 1 1 2026-07-21 22:13:51.543
!MESSAGE port: COM10

!ENTRY com.st.stm32cube.ide.mpu.remote.serial 1 1 2026-07-21 22:13:51.544
!MESSAGE port: COM11

!ENTRY com.st.stm32cube.ide.mpu.remote.serial 1 1 2026-07-21 22:13:51.545
!MESSAGE port: COM12

!ENTRY com.st.stm32cube.ide.mpu.remote.serial 1 1 2026-07-21 22:13:51.546
!MESSAGE port: COM13

!ENTRY com.st.stm32cube.ide.mpu.remote.serial 1 1 2026-07-21 22:13:51.547
!MESSAGE port: COM16

!ENTRY com.st.stm32cube.ide.mpu.remote.serial 1 1 2026-07-21 22:14:23.205
!MESSAGE Executed PowerShell command powershell.exe -Command "Get-CimInstance -ClassName Win32_SerialPort | Select-Object -ExpandProperty DeviceID":
COM4
COM5
COM6
COM8
COM17
COM3
COM9
COM10
COM11
COM12
COM13
COM16


!ENTRY com.st.stm32cube.ide.mpu.remote.serial 1 1 2026-07-21 22:14:23.205
!MESSAGE port: COM4

!ENTRY com.st.stm32cube.ide.mpu.remote.serial 1 1 2026-07-21 22:14:23.207
!MESSAGE port: COM5

!ENTRY com.st.stm32cube.ide.mpu.remote.serial 1 1 2026-07-21 22:14:23.208
!MESSAGE port: COM6

!ENTRY com.st.stm32cube.ide.mpu.remote.serial 1 1 2026-07-21 22:14:23.209
!MESSAGE port: COM8

!ENTRY com.st.stm32cube.ide.mpu.remote.serial 1 1 2026-07-21 22:14:23.210
!MESSAGE port: COM17

!ENTRY com.st.stm32cube.ide.mpu.remote.serial 1 1 2026-07-21 22:14:23.211
!MESSAGE port: COM3

!ENTRY com.st.stm32cube.ide.mpu.remote.serial 1 1 2026-07-21 22:14:23.212
!MESSAGE port: COM9

!ENTRY com.st.stm32cube.ide.mpu.remote.serial 1 1 2026-07-21 22:14:23.214
!MESSAGE port: COM10

!ENTRY com.st.stm32cube.ide.mpu.remote.serial 1 1 2026-07-21 22:14:23.215
!MESSAGE port: COM11

!ENTRY com.st.stm32cube.ide.mpu.remote.serial 1 1 2026-07-21 22:14:23.216
!MESSAGE port: COM12

!ENTRY com.st.stm32cube.ide.mpu.remote.serial 1 1 2026-07-21 22:14:23.217
!MESSAGE port: COM13

!ENTRY com.st.stm32cube.ide.mpu.remote.serial 1 1 2026-07-21 22:14:23.218
!MESSAGE port: COM16

!ENTRY com.st.stm32cube.ide.mpu.remote.serial 1 1 2026-07-21 22:15:08.516
!MESSAGE Executed PowerShell command powershell.exe -Command "Get-CimInstance -ClassName Win32_SerialPort | Select-Object -ExpandProperty DeviceID":
COM4
COM5
COM6
COM8
COM17
COM3
COM9
COM10
COM11
COM12
COM13
COM16
COM7


!ENTRY com.st.stm32cube.ide.mpu.remote.serial 1 1 2026-07-21 22:15:08.519
!MESSAGE port: COM4

!ENTRY com.st.stm32cube.ide.mpu.remote.serial 1 1 2026-07-21 22:15:08.521
!MESSAGE port: COM5

!ENTRY com.st.stm32cube.ide.mpu.remote.serial 1 1 2026-07-21 22:15:08.522
!MESSAGE port: COM6

!ENTRY com.st.stm32cube.ide.mpu.remote.serial 1 1 2026-07-21 22:15:08.523
!MESSAGE port: COM8

!ENTRY com.st.stm32cube.ide.mpu.remote.serial 1 1 2026-07-21 22:15:08.525
!MESSAGE port: COM17

!ENTRY com.st.stm32cube.ide.mpu.remote.serial 1 1 2026-07-21 22:15:08.526
!MESSAGE port: COM3

!ENTRY com.st.stm32cube.ide.mpu.remote.serial 1 1 2026-07-21 22:15:08.528
!MESSAGE port: COM9

!ENTRY com.st.stm32cube.ide.mpu.remote.serial 1 1 2026-07-21 22:15:08.530
!MESSAGE port: COM10

!ENTRY com.st.stm32cube.ide.mpu.remote.serial 1 1 2026-07-21 22:15:08.532
!MESSAGE port: COM11

!ENTRY com.st.stm32cube.ide.mpu.remote.serial 1 1 2026-07-21 22:15:08.533
!MESSAGE port: COM12

!ENTRY com.st.stm32cube.ide.mpu.remote.serial 1 1 2026-07-21 22:15:08.535
!MESSAGE port: COM13

!ENTRY com.st.stm32cube.ide.mpu.remote.serial 1 1 2026-07-21 22:15:08.536
!MESSAGE port: COM16

!ENTRY com.st.stm32cube.ide.mpu.remote.serial 1 1 2026-07-21 22:15:08.538
!MESSAGE port: COM7

!ENTRY com.st.stm32cube.ide.mpu.remote.serial 1 1 2026-07-21 22:17:17.786
!MESSAGE Executed PowerShell command powershell.exe -Command "Get-CimInstance -ClassName Win32_SerialPort | Select-Object -ExpandProperty DeviceID":
COM4
COM5
COM6
COM8
COM17
COM3
COM9
COM10
COM11
COM12
COM13
COM16


!ENTRY com.st.stm32cube.ide.mpu.remote.serial 1 1 2026-07-21 22:17:17.787
!MESSAGE port: COM4

!ENTRY com.st.stm32cube.ide.mpu.remote.serial 1 1 2026-07-21 22:17:17.790
!MESSAGE port: COM5

!ENTRY com.st.stm32cube.ide.mpu.remote.serial 1 1 2026-07-21 22:17:17.791
!MESSAGE port: COM6

!ENTRY com.st.stm32cube.ide.mpu.remote.serial 1 1 2026-07-21 22:17:17.792
!MESSAGE port: COM8

!ENTRY com.st.stm32cube.ide.mpu.remote.serial 1 1 2026-07-21 22:17:17.793
!MESSAGE port: COM17

!ENTRY com.st.stm32cube.ide.mpu.remote.serial 1 1 2026-07-21 22:17:17.796
!MESSAGE port: COM3

!ENTRY com.st.stm32cube.ide.mpu.remote.serial 1 1 2026-07-21 22:17:17.797
!MESSAGE port: COM9

!ENTRY com.st.stm32cube.ide.mpu.remote.serial 1 1 2026-07-21 22:17:17.799
!MESSAGE port: COM10

!ENTRY com.st.stm32cube.ide.mpu.remote.serial 1 1 2026-07-21 22:17:17.801
!MESSAGE port: COM11

!ENTRY com.st.stm32cube.ide.mpu.remote.serial 1 1 2026-07-21 22:17:17.802
!MESSAGE port: COM12

!ENTRY com.st.stm32cube.ide.mpu.remote.serial 1 1 2026-07-21 22:17:17.803
!MESSAGE port: COM13

!ENTRY com.st.stm32cube.ide.mpu.remote.serial 1 1 2026-07-21 22:17:17.804
!MESSAGE port: COM16

!ENTRY com.st.stm32cube.ide.mpu.remote.serial 1 1 2026-07-21 22:19:17.293
!MESSAGE Executed PowerShell command powershell.exe -Command "Get-CimInstance -ClassName Win32_SerialPort | Select-Object -ExpandProperty DeviceID":
COM4
COM5
COM6
COM8
COM17
COM3
COM9
COM10
COM11
COM12
COM13
COM16
COM7


!ENTRY com.st.stm32cube.ide.mpu.remote.serial 1 1 2026-07-21 22:19:17.296
!MESSAGE port: COM4

!ENTRY com.st.stm32cube.ide.mpu.remote.serial 1 1 2026-07-21 22:19:17.297
!MESSAGE port: COM5

!ENTRY com.st.stm32cube.ide.mpu.remote.serial 1 1 2026-07-21 22:19:17.298
!MESSAGE port: COM6

!ENTRY com.st.stm32cube.ide.mpu.remote.serial 1 1 2026-07-21 22:19:17.300
!MESSAGE port: COM8

!ENTRY com.st.stm32cube.ide.mpu.remote.serial 1 1 2026-07-21 22:19:17.302
!MESSAGE port: COM17

!ENTRY com.st.stm32cube.ide.mpu.remote.serial 1 1 2026-07-21 22:19:17.303
!MESSAGE port: COM3

!ENTRY com.st.stm32cube.ide.mpu.remote.serial 1 1 2026-07-21 22:19:17.305
!MESSAGE port: COM9

!ENTRY com.st.stm32cube.ide.mpu.remote.serial 1 1 2026-07-21 22:19:17.308
!MESSAGE port: COM10

!ENTRY com.st.stm32cube.ide.mpu.remote.serial 1 1 2026-07-21 22:19:17.310
!MESSAGE port: COM11

!ENTRY com.st.stm32cube.ide.mpu.remote.serial 1 1 2026-07-21 22:19:17.311
!MESSAGE port: COM12

!ENTRY com.st.stm32cube.ide.mpu.remote.serial 1 1 2026-07-21 22:19:17.313
!MESSAGE port: COM13

!ENTRY com.st.stm32cube.ide.mpu.remote.serial 1 1 2026-07-21 22:19:17.315
!MESSAGE port: COM16

!ENTRY com.st.stm32cube.ide.mpu.remote.serial 1 1 2026-07-21 22:19:17.316
!MESSAGE port: COM7

!ENTRY com.st.stm32cube.ide.mpu.remote.serial 1 1 2026-07-21 22:20:03.854
!MESSAGE Executed PowerShell command powershell.exe -Command "Get-CimInstance -ClassName Win32_SerialPort | Select-Object -ExpandProperty DeviceID":
COM4
COM5
COM6
COM8
COM17
COM3
COM9
COM10
COM11
COM12
COM13
COM16


!ENTRY com.st.stm32cube.ide.mpu.remote.serial 1 1 2026-07-21 22:20:03.855
!MESSAGE port: COM4

!ENTRY com.st.stm32cube.ide.mpu.remote.serial 1 1 2026-07-21 22:20:03.857
!MESSAGE port: COM5

!ENTRY com.st.stm32cube.ide.mpu.remote.serial 1 1 2026-07-21 22:20:03.858
!MESSAGE port: COM6

!ENTRY com.st.stm32cube.ide.mpu.remote.serial 1 1 2026-07-21 22:20:03.860
!MESSAGE port: COM8

!ENTRY com.st.stm32cube.ide.mpu.remote.serial 1 1 2026-07-21 22:20:03.861
!MESSAGE port: COM17

!ENTRY com.st.stm32cube.ide.mpu.remote.serial 1 1 2026-07-21 22:20:03.862
!MESSAGE port: COM3

!ENTRY com.st.stm32cube.ide.mpu.remote.serial 1 1 2026-07-21 22:20:03.864
!MESSAGE port: COM9

!ENTRY com.st.stm32cube.ide.mpu.remote.serial 1 1 2026-07-21 22:20:03.866
!MESSAGE port: COM10

!ENTRY com.st.stm32cube.ide.mpu.remote.serial 1 1 2026-07-21 22:20:03.867
!MESSAGE port: COM11

!ENTRY com.st.stm32cube.ide.mpu.remote.serial 1 1 2026-07-21 22:20:03.869
!MESSAGE port: COM12

!ENTRY com.st.stm32cube.ide.mpu.remote.serial 1 1 2026-07-21 22:20:03.870
!MESSAGE port: COM13

!ENTRY com.st.stm32cube.ide.mpu.remote.serial 1 1 2026-07-21 22:20:03.872
!MESSAGE port: COM16

!ENTRY com.st.stm32cube.ide.mpu.remote.serial 1 1 2026-07-21 22:21:36.663
!MESSAGE Executed PowerShell command powershell.exe -Command "Get-CimInstance -ClassName Win32_SerialPort | Select-Object -ExpandProperty DeviceID":
COM4
COM5
COM6
COM8
COM17
COM3
COM9
COM10
COM11
COM12
COM13
COM16
COM7


!ENTRY com.st.stm32cube.ide.mpu.remote.serial 1 1 2026-07-21 22:21:36.665
!MESSAGE port: COM4

!ENTRY com.st.stm32cube.ide.mpu.remote.serial 1 1 2026-07-21 22:21:36.666
!MESSAGE port: COM5

!ENTRY com.st.stm32cube.ide.mpu.remote.serial 1 1 2026-07-21 22:21:36.667
!MESSAGE port: COM6

!ENTRY com.st.stm32cube.ide.mpu.remote.serial 1 1 2026-07-21 22:21:36.669
!MESSAGE port: COM8

!ENTRY com.st.stm32cube.ide.mpu.remote.serial 1 1 2026-07-21 22:21:36.670
!MESSAGE port: COM17

!ENTRY com.st.stm32cube.ide.mpu.remote.serial 1 1 2026-07-21 22:21:36.671
!MESSAGE port: COM3

!ENTRY com.st.stm32cube.ide.mpu.remote.serial 1 1 2026-07-21 22:21:36.672
!MESSAGE port: COM9

!ENTRY com.st.stm32cube.ide.mpu.remote.serial 1 1 2026-07-21 22:21:36.673
!MESSAGE port: COM10

!ENTRY com.st.stm32cube.ide.mpu.remote.serial 1 1 2026-07-21 22:21:36.674
!MESSAGE port: COM11

!ENTRY com.st.stm32cube.ide.mpu.remote.serial 1 1 2026-07-21 22:21:36.676
!MESSAGE port: COM12

!ENTRY com.st.stm32cube.ide.mpu.remote.serial 1 1 2026-07-21 22:21:36.677
!MESSAGE port: COM13

!ENTRY com.st.stm32cube.ide.mpu.remote.serial 1 1 2026-07-21 22:21:36.678
!MESSAGE port: COM16

!ENTRY com.st.stm32cube.ide.mpu.remote.serial 1 1 2026-07-21 22:21:36.679
!MESSAGE port: COM7

!ENTRY com.st.stm32cube.ide.mpu.remote.serial 1 1 2026-07-21 22:23:54.972
!MESSAGE Executed PowerShell command powershell.exe -Command "Get-CimInstance -ClassName Win32_SerialPort | Select-Object -ExpandProperty DeviceID":
COM4
COM5
COM6
COM8
COM17
COM3
COM9
COM10
COM11
COM12
COM13
COM16


!ENTRY com.st.stm32cube.ide.mpu.remote.serial 1 1 2026-07-21 22:23:54.975
!MESSAGE port: COM4

!ENTRY com.st.stm32cube.ide.mpu.remote.serial 1 1 2026-07-21 22:23:54.977
!MESSAGE port: COM5

!ENTRY com.st.stm32cube.ide.mpu.remote.serial 1 1 2026-07-21 22:23:54.978
!MESSAGE port: COM6

!ENTRY com.st.stm32cube.ide.mpu.remote.serial 1 1 2026-07-21 22:23:54.978
!MESSAGE port: COM8

!ENTRY com.st.stm32cube.ide.mpu.remote.serial 1 1 2026-07-21 22:23:54.981
!MESSAGE port: COM17

!ENTRY com.st.stm32cube.ide.mpu.remote.serial 1 1 2026-07-21 22:23:54.982
!MESSAGE port: COM3

!ENTRY com.st.stm32cube.ide.mpu.remote.serial 1 1 2026-07-21 22:23:54.983
!MESSAGE port: COM9

!ENTRY com.st.stm32cube.ide.mpu.remote.serial 1 1 2026-07-21 22:23:54.984
!MESSAGE port: COM10

!ENTRY com.st.stm32cube.ide.mpu.remote.serial 1 1 2026-07-21 22:23:54.985
!MESSAGE port: COM11

!ENTRY com.st.stm32cube.ide.mpu.remote.serial 1 1 2026-07-21 22:23:54.987
!MESSAGE port: COM12

!ENTRY com.st.stm32cube.ide.mpu.remote.serial 1 1 2026-07-21 22:23:54.988
!MESSAGE port: COM13

!ENTRY com.st.stm32cube.ide.mpu.remote.serial 1 1 2026-07-21 22:23:54.990
!MESSAGE port: COM16

!ENTRY com.st.stm32cube.ide.mpu.remote.serial 1 1 2026-07-22 14:00:31.451
!MESSAGE Executed PowerShell command powershell.exe -Command "Get-CimInstance -ClassName Win32_SerialPort | Select-Object -ExpandProperty DeviceID":
COM4
COM5
COM6
COM8
COM17
COM3
COM9
COM10
COM11
COM12
COM13
COM16
COM7


!ENTRY com.st.stm32cube.ide.mpu.remote.serial 1 1 2026-07-22 14:00:31.453
!MESSAGE port: COM4

!ENTRY com.st.stm32cube.ide.mpu.remote.serial 1 1 2026-07-22 14:00:31.454
!MESSAGE port: COM5

!ENTRY com.st.stm32cube.ide.mpu.remote.serial 1 1 2026-07-22 14:00:31.456
!MESSAGE port: COM6

!ENTRY com.st.stm32cube.ide.mpu.remote.serial 1 1 2026-07-22 14:00:31.456
!MESSAGE port: COM8

!ENTRY com.st.stm32cube.ide.mpu.remote.serial 1 1 2026-07-22 14:00:31.457
!MESSAGE port: COM17

!ENTRY com.st.stm32cube.ide.mpu.remote.serial 1 1 2026-07-22 14:00:31.458
!MESSAGE port: COM3

!ENTRY com.st.stm32cube.ide.mpu.remote.serial 1 1 2026-07-22 14:00:31.459
!MESSAGE port: COM9

!ENTRY com.st.stm32cube.ide.mpu.remote.serial 1 1 2026-07-22 14:00:31.460
!MESSAGE port: COM10

!ENTRY com.st.stm32cube.ide.mpu.remote.serial 1 1 2026-07-22 14:00:31.461
!MESSAGE port: COM11

!ENTRY com.st.stm32cube.ide.mpu.remote.serial 1 1 2026-07-22 14:00:31.462
!MESSAGE port: COM12

!ENTRY com.st.stm32cube.ide.mpu.remote.serial 1 1 2026-07-22 14:00:31.462
!MESSAGE port: COM13

!ENTRY com.st.stm32cube.ide.mpu.remote.serial 1 1 2026-07-22 14:00:31.464
!MESSAGE port: COM16

!ENTRY com.st.stm32cube.ide.mpu.remote.serial 1 1 2026-07-22 14:00:31.465
!MESSAGE port: COM7

!ENTRY com.st.stm32cube.ide.mpu.remote.serial 1 1 2026-07-22 14:09:09.544
!MESSAGE Executed PowerShell command powershell.exe -Command "Get-CimInstance -ClassName Win32_SerialPort | Select-Object -ExpandProperty DeviceID":
COM4
COM5
COM6
COM8
COM17
COM3
COM9
COM10
COM11
COM12
COM13
COM16


!ENTRY com.st.stm32cube.ide.mpu.remote.serial 1 1 2026-07-22 14:09:09.544
!MESSAGE port: COM4

!ENTRY com.st.stm32cube.ide.mpu.remote.serial 1 1 2026-07-22 14:09:09.544
!MESSAGE port: COM5

!ENTRY com.st.stm32cube.ide.mpu.remote.serial 1 1 2026-07-22 14:09:09.547
!MESSAGE port: COM6

!ENTRY com.st.stm32cube.ide.mpu.remote.serial 1 1 2026-07-22 14:09:09.547
!MESSAGE port: COM8

!ENTRY com.st.stm32cube.ide.mpu.remote.serial 1 1 2026-07-22 14:09:09.549
!MESSAGE port: COM17

!ENTRY com.st.stm32cube.ide.mpu.remote.serial 1 1 2026-07-22 14:09:09.549
!MESSAGE port: COM3

!ENTRY com.st.stm32cube.ide.mpu.remote.serial 1 1 2026-07-22 14:09:09.549
!MESSAGE port: COM9

!ENTRY com.st.stm32cube.ide.mpu.remote.serial 1 1 2026-07-22 14:09:09.552
!MESSAGE port: COM10

!ENTRY com.st.stm32cube.ide.mpu.remote.serial 1 1 2026-07-22 14:09:09.552
!MESSAGE port: COM11

!ENTRY com.st.stm32cube.ide.mpu.remote.serial 1 1 2026-07-22 14:09:09.552
!MESSAGE port: COM12

!ENTRY com.st.stm32cube.ide.mpu.remote.serial 1 1 2026-07-22 14:09:09.552
!MESSAGE port: COM13

!ENTRY com.st.stm32cube.ide.mpu.remote.serial 1 1 2026-07-22 14:09:09.552
!MESSAGE port: COM16

!ENTRY com.st.stm32cube.ide.mpu.remote.serial 1 1 2026-07-22 14:10:44.886
!MESSAGE Executed PowerShell command powershell.exe -Command "Get-CimInstance -ClassName Win32_SerialPort | Select-Object -ExpandProperty DeviceID":
COM4
COM5
COM6
COM8
COM17
COM3
COM9
COM10
COM11
COM12
COM13
COM16
COM7


!ENTRY com.st.stm32cube.ide.mpu.remote.serial 1 1 2026-07-22 14:10:44.887
!MESSAGE port: COM4

!ENTRY com.st.stm32cube.ide.mpu.remote.serial 1 1 2026-07-22 14:10:44.888
!MESSAGE port: COM5

!ENTRY com.st.stm32cube.ide.mpu.remote.serial 1 1 2026-07-22 14:10:44.889
!MESSAGE port: COM6

!ENTRY com.st.stm32cube.ide.mpu.remote.serial 1 1 2026-07-22 14:10:44.890
!MESSAGE port: COM8

!ENTRY com.st.stm32cube.ide.mpu.remote.serial 1 1 2026-07-22 14:10:44.891
!MESSAGE port: COM17

!ENTRY com.st.stm32cube.ide.mpu.remote.serial 1 1 2026-07-22 14:10:44.892
!MESSAGE port: COM3

!ENTRY com.st.stm32cube.ide.mpu.remote.serial 1 1 2026-07-22 14:10:44.893
!MESSAGE port: COM9

!ENTRY com.st.stm32cube.ide.mpu.remote.serial 1 1 2026-07-22 14:10:44.894
!MESSAGE port: COM10

!ENTRY com.st.stm32cube.ide.mpu.remote.serial 1 1 2026-07-22 14:10:44.895
!MESSAGE port: COM11

!ENTRY com.st.stm32cube.ide.mpu.remote.serial 1 1 2026-07-22 14:10:44.896
!MESSAGE port: COM12

!ENTRY com.st.stm32cube.ide.mpu.remote.serial 1 1 2026-07-22 14:10:44.896
!MESSAGE port: COM13

!ENTRY com.st.stm32cube.ide.mpu.remote.serial 1 1 2026-07-22 14:10:44.898
!MESSAGE port: COM16

!ENTRY com.st.stm32cube.ide.mpu.remote.serial 1 1 2026-07-22 14:10:44.899
!MESSAGE port: COM7

!ENTRY com.st.stm32cube.ide.mpu.remote.serial 1 1 2026-07-22 14:12:28.608
!MESSAGE Executed PowerShell command powershell.exe -Command "Get-CimInstance -ClassName Win32_SerialPort | Select-Object -ExpandProperty DeviceID":
COM4
COM5
COM6
COM8
COM17
COM3
COM9
COM10
COM11
COM12
COM13
COM16


!ENTRY com.st.stm32cube.ide.mpu.remote.serial 1 1 2026-07-22 14:12:28.610
!MESSAGE port: COM4

!ENTRY com.st.stm32cube.ide.mpu.remote.serial 1 1 2026-07-22 14:12:28.610
!MESSAGE port: COM5

!ENTRY com.st.stm32cube.ide.mpu.remote.serial 1 1 2026-07-22 14:12:28.610
!MESSAGE port: COM6

!ENTRY com.st.stm32cube.ide.mpu.remote.serial 1 1 2026-07-22 14:12:28.612
!MESSAGE port: COM8

!ENTRY com.st.stm32cube.ide.mpu.remote.serial 1 1 2026-07-22 14:12:28.612
!MESSAGE port: COM17

!ENTRY com.st.stm32cube.ide.mpu.remote.serial 1 1 2026-07-22 14:12:28.613
!MESSAGE port: COM3

!ENTRY com.st.stm32cube.ide.mpu.remote.serial 1 1 2026-07-22 14:12:28.613
!MESSAGE port: COM9

!ENTRY com.st.stm32cube.ide.mpu.remote.serial 1 1 2026-07-22 14:12:28.614
!MESSAGE port: COM10

!ENTRY com.st.stm32cube.ide.mpu.remote.serial 1 1 2026-07-22 14:12:28.615
!MESSAGE port: COM11

!ENTRY com.st.stm32cube.ide.mpu.remote.serial 1 1 2026-07-22 14:12:28.615
!MESSAGE port: COM12

!ENTRY com.st.stm32cube.ide.mpu.remote.serial 1 1 2026-07-22 14:12:28.616
!MESSAGE port: COM13

!ENTRY com.st.stm32cube.ide.mpu.remote.serial 1 1 2026-07-22 14:12:28.617
!MESSAGE port: COM16

!ENTRY com.st.stm32cube.ide.mpu.remote.serial 1 1 2026-07-22 14:13:46.386
!MESSAGE Executed PowerShell command powershell.exe -Command "Get-CimInstance -ClassName Win32_SerialPort | Select-Object -ExpandProperty DeviceID":
COM4
COM5
COM6
COM8
COM17
COM3
COM9
COM10
COM11
COM12
COM13
COM16
COM7


!ENTRY com.st.stm32cube.ide.mpu.remote.serial 1 1 2026-07-22 14:13:46.386
!MESSAGE port: COM4

!ENTRY com.st.stm32cube.ide.mpu.remote.serial 1 1 2026-07-22 14:13:46.388
!MESSAGE port: COM5

!ENTRY com.st.stm32cube.ide.mpu.remote.serial 1 1 2026-07-22 14:13:46.389
!MESSAGE port: COM6

!ENTRY com.st.stm32cube.ide.mpu.remote.serial 1 1 2026-07-22 14:13:46.389
!MESSAGE port: COM8

!ENTRY com.st.stm32cube.ide.mpu.remote.serial 1 1 2026-07-22 14:13:46.389
!MESSAGE port: COM17

!ENTRY com.st.stm32cube.ide.mpu.remote.serial 1 1 2026-07-22 14:13:46.389
!MESSAGE port: COM3

!ENTRY com.st.stm32cube.ide.mpu.remote.serial 1 1 2026-07-22 14:13:46.389
!MESSAGE port: COM9

!ENTRY com.st.stm32cube.ide.mpu.remote.serial 1 1 2026-07-22 14:13:46.389
!MESSAGE port: COM10

!ENTRY com.st.stm32cube.ide.mpu.remote.serial 1 1 2026-07-22 14:13:46.393
!MESSAGE port: COM11

!ENTRY com.st.stm32cube.ide.mpu.remote.serial 1 1 2026-07-22 14:13:46.395
!MESSAGE port: COM12

!ENTRY com.st.stm32cube.ide.mpu.remote.serial 1 1 2026-07-22 14:13:46.395
!MESSAGE port: COM13

!ENTRY com.st.stm32cube.ide.mpu.remote.serial 1 1 2026-07-22 14:13:46.395
!MESSAGE port: COM16

!ENTRY com.st.stm32cube.ide.mpu.remote.serial 1 1 2026-07-22 14:13:46.395
!MESSAGE port: COM7

!ENTRY com.st.stm32cube.ide.mpu.remote.serial 1 1 2026-07-22 14:15:06.536
!MESSAGE Executed PowerShell command powershell.exe -Command "Get-CimInstance -ClassName Win32_SerialPort | Select-Object -ExpandProperty DeviceID":
COM4
COM5
COM6
COM8
COM17
COM3
COM9
COM10
COM11
COM12
COM13
COM16


!ENTRY com.st.stm32cube.ide.mpu.remote.serial 1 1 2026-07-22 14:15:06.537
!MESSAGE port: COM4

!ENTRY com.st.stm32cube.ide.mpu.remote.serial 1 1 2026-07-22 14:15:06.539
!MESSAGE port: COM5

!ENTRY com.st.stm32cube.ide.mpu.remote.serial 1 1 2026-07-22 14:15:06.540
!MESSAGE port: COM6

!ENTRY com.st.stm32cube.ide.mpu.remote.serial 1 1 2026-07-22 14:15:06.540
!MESSAGE port: COM8

!ENTRY com.st.stm32cube.ide.mpu.remote.serial 1 1 2026-07-22 14:15:06.540
!MESSAGE port: COM17

!ENTRY com.st.stm32cube.ide.mpu.remote.serial 1 1 2026-07-22 14:15:06.540
!MESSAGE port: COM3

!ENTRY com.st.stm32cube.ide.mpu.remote.serial 1 1 2026-07-22 14:15:06.542
!MESSAGE port: COM9

!ENTRY com.st.stm32cube.ide.mpu.remote.serial 1 1 2026-07-22 14:15:06.542
!MESSAGE port: COM10

!ENTRY com.st.stm32cube.ide.mpu.remote.serial 1 1 2026-07-22 14:15:06.544
!MESSAGE port: COM11

!ENTRY com.st.stm32cube.ide.mpu.remote.serial 1 1 2026-07-22 14:15:06.544
!MESSAGE port: COM12

!ENTRY com.st.stm32cube.ide.mpu.remote.serial 1 1 2026-07-22 14:15:06.544
!MESSAGE port: COM13

!ENTRY com.st.stm32cube.ide.mpu.remote.serial 1 1 2026-07-22 14:15:06.544
!MESSAGE port: COM16

!ENTRY com.st.stm32cube.ide.mpu.remote.serial 1 1 2026-07-22 14:16:21.482
!MESSAGE Executed PowerShell command powershell.exe -Command "Get-CimInstance -ClassName Win32_SerialPort | Select-Object -ExpandProperty DeviceID":
COM4
COM5
COM6
COM8
COM17
COM3
COM9
COM10
COM11
COM12
COM13
COM16
COM7


!ENTRY com.st.stm32cube.ide.mpu.remote.serial 1 1 2026-07-22 14:16:21.483
!MESSAGE port: COM4

!ENTRY com.st.stm32cube.ide.mpu.remote.serial 1 1 2026-07-22 14:16:21.484
!MESSAGE port: COM5

!ENTRY com.st.stm32cube.ide.mpu.remote.serial 1 1 2026-07-22 14:16:21.486
!MESSAGE port: COM6

!ENTRY com.st.stm32cube.ide.mpu.remote.serial 1 1 2026-07-22 14:16:21.487
!MESSAGE port: COM8

!ENTRY com.st.stm32cube.ide.mpu.remote.serial 1 1 2026-07-22 14:16:21.488
!MESSAGE port: COM17

!ENTRY com.st.stm32cube.ide.mpu.remote.serial 1 1 2026-07-22 14:16:21.489
!MESSAGE port: COM3

!ENTRY com.st.stm32cube.ide.mpu.remote.serial 1 1 2026-07-22 14:16:21.490
!MESSAGE port: COM9

!ENTRY com.st.stm32cube.ide.mpu.remote.serial 1 1 2026-07-22 14:16:21.491
!MESSAGE port: COM10

!ENTRY com.st.stm32cube.ide.mpu.remote.serial 1 1 2026-07-22 14:16:21.492
!MESSAGE port: COM11

!ENTRY com.st.stm32cube.ide.mpu.remote.serial 1 1 2026-07-22 14:16:21.492
!MESSAGE port: COM12

!ENTRY com.st.stm32cube.ide.mpu.remote.serial 1 1 2026-07-22 14:16:21.493
!MESSAGE port: COM13

!ENTRY com.st.stm32cube.ide.mpu.remote.serial 1 1 2026-07-22 14:16:21.495
!MESSAGE port: COM16

!ENTRY com.st.stm32cube.ide.mpu.remote.serial 1 1 2026-07-22 14:16:21.495
!MESSAGE port: COM7

!ENTRY com.st.stm32cube.ide.mpu.remote.serial 1 1 2026-07-22 14:21:01.559
!MESSAGE Executed PowerShell command powershell.exe -Command "Get-CimInstance -ClassName Win32_SerialPort | Select-Object -ExpandProperty DeviceID":
COM4
COM5
COM6
COM8
COM17
COM3
COM9
COM10
COM11
COM12
COM13
COM16


!ENTRY com.st.stm32cube.ide.mpu.remote.serial 1 1 2026-07-22 14:21:01.560
!MESSAGE port: COM4

!ENTRY com.st.stm32cube.ide.mpu.remote.serial 1 1 2026-07-22 14:21:01.563
!MESSAGE port: COM5

!ENTRY com.st.stm32cube.ide.mpu.remote.serial 1 1 2026-07-22 14:21:01.563
!MESSAGE port: COM6

!ENTRY com.st.stm32cube.ide.mpu.remote.serial 1 1 2026-07-22 14:21:01.565
!MESSAGE port: COM8

!ENTRY com.st.stm32cube.ide.mpu.remote.serial 1 1 2026-07-22 14:21:01.567
!MESSAGE port: COM17

!ENTRY com.st.stm32cube.ide.mpu.remote.serial 1 1 2026-07-22 14:21:01.567
!MESSAGE port: COM3

!ENTRY com.st.stm32cube.ide.mpu.remote.serial 1 1 2026-07-22 14:21:01.569
!MESSAGE port: COM9

!ENTRY com.st.stm32cube.ide.mpu.remote.serial 1 1 2026-07-22 14:21:01.569
!MESSAGE port: COM10

!ENTRY com.st.stm32cube.ide.mpu.remote.serial 1 1 2026-07-22 14:21:01.571
!MESSAGE port: COM11

!ENTRY com.st.stm32cube.ide.mpu.remote.serial 1 1 2026-07-22 14:21:01.573
!MESSAGE port: COM12

!ENTRY com.st.stm32cube.ide.mpu.remote.serial 1 1 2026-07-22 14:21:01.573
!MESSAGE port: COM13

!ENTRY com.st.stm32cube.ide.mpu.remote.serial 1 1 2026-07-22 14:21:01.576
!MESSAGE port: COM16

!ENTRY com.st.stm32cube.ide.mpu.remote.serial 1 1 2026-07-22 14:25:13.088
!MESSAGE Executed PowerShell command powershell.exe -Command "Get-CimInstance -ClassName Win32_SerialPort | Select-Object -ExpandProperty DeviceID":
COM4
COM5
COM6
COM8
COM17
COM3
COM9
COM10
COM11
COM12
COM13
COM16
COM7


!ENTRY com.st.stm32cube.ide.mpu.remote.serial 1 1 2026-07-22 14:25:13.090
!MESSAGE port: COM4

!ENTRY com.st.stm32cube.ide.mpu.remote.serial 1 1 2026-07-22 14:25:13.092
!MESSAGE port: COM5

!ENTRY com.st.stm32cube.ide.mpu.remote.serial 1 1 2026-07-22 14:25:13.094
!MESSAGE port: COM6

!ENTRY com.st.stm32cube.ide.mpu.remote.serial 1 1 2026-07-22 14:25:13.095
!MESSAGE port: COM8

!ENTRY com.st.stm32cube.ide.mpu.remote.serial 1 1 2026-07-22 14:25:13.099
!MESSAGE port: COM17

!ENTRY com.st.stm32cube.ide.mpu.remote.serial 1 1 2026-07-22 14:25:13.101
!MESSAGE port: COM3

!ENTRY com.st.stm32cube.ide.mpu.remote.serial 1 1 2026-07-22 14:25:13.101
!MESSAGE port: COM9

!ENTRY com.st.stm32cube.ide.mpu.remote.serial 1 1 2026-07-22 14:25:13.103
!MESSAGE port: COM10

!ENTRY com.st.stm32cube.ide.mpu.remote.serial 1 1 2026-07-22 14:25:13.104
!MESSAGE port: COM11

!ENTRY com.st.stm32cube.ide.mpu.remote.serial 1 1 2026-07-22 14:25:13.106
!MESSAGE port: COM12

!ENTRY com.st.stm32cube.ide.mpu.remote.serial 1 1 2026-07-22 14:25:13.108
!MESSAGE port: COM13

!ENTRY com.st.stm32cube.ide.mpu.remote.serial 1 1 2026-07-22 14:25:13.112
!MESSAGE port: COM16

!ENTRY com.st.stm32cube.ide.mpu.remote.serial 1 1 2026-07-22 14:25:13.114
!MESSAGE port: COM7

!ENTRY com.st.stm32cube.ide.mpu.remote.serial 1 1 2026-07-22 14:26:13.088
!MESSAGE Executed PowerShell command powershell.exe -Command "Get-CimInstance -ClassName Win32_SerialPort | Select-Object -ExpandProperty DeviceID":
COM4
COM5
COM6
COM8
COM17
COM3
COM9
COM10
COM11
COM12
COM13
COM16


!ENTRY com.st.stm32cube.ide.mpu.remote.serial 1 1 2026-07-22 14:26:13.091
!MESSAGE port: COM4

!ENTRY com.st.stm32cube.ide.mpu.remote.serial 1 1 2026-07-22 14:26:13.092
!MESSAGE port: COM5

!ENTRY com.st.stm32cube.ide.mpu.remote.serial 1 1 2026-07-22 14:26:13.092
!MESSAGE port: COM6

!ENTRY com.st.stm32cube.ide.mpu.remote.serial 1 1 2026-07-22 14:26:13.092
!MESSAGE port: COM8

!ENTRY com.st.stm32cube.ide.mpu.remote.serial 1 1 2026-07-22 14:26:13.092
!MESSAGE port: COM17

!ENTRY com.st.stm32cube.ide.mpu.remote.serial 1 1 2026-07-22 14:26:13.092
!MESSAGE port: COM3

!ENTRY com.st.stm32cube.ide.mpu.remote.serial 1 1 2026-07-22 14:26:13.099
!MESSAGE port: COM9

!ENTRY com.st.stm32cube.ide.mpu.remote.serial 1 1 2026-07-22 14:26:13.099
!MESSAGE port: COM10

!ENTRY com.st.stm32cube.ide.mpu.remote.serial 1 1 2026-07-22 14:26:13.099
!MESSAGE port: COM11

!ENTRY com.st.stm32cube.ide.mpu.remote.serial 1 1 2026-07-22 14:26:13.103
!MESSAGE port: COM12

!ENTRY com.st.stm32cube.ide.mpu.remote.serial 1 1 2026-07-22 14:26:13.103
!MESSAGE port: COM13

!ENTRY com.st.stm32cube.ide.mpu.remote.serial 1 1 2026-07-22 14:26:13.103
!MESSAGE port: COM16

!ENTRY com.st.stm32cube.ide.mpu.remote.serial 1 1 2026-07-22 14:27:26.164
!MESSAGE Executed PowerShell command powershell.exe -Command "Get-CimInstance -ClassName Win32_SerialPort | Select-Object -ExpandProperty DeviceID":
COM4
COM5
COM6
COM8
COM17
COM3
COM9
COM10
COM11
COM12
COM13
COM16
COM7


!ENTRY com.st.stm32cube.ide.mpu.remote.serial 1 1 2026-07-22 14:27:26.167
!MESSAGE port: COM4

!ENTRY com.st.stm32cube.ide.mpu.remote.serial 1 1 2026-07-22 14:27:26.169
!MESSAGE port: COM5

!ENTRY com.st.stm32cube.ide.mpu.remote.serial 1 1 2026-07-22 14:27:26.170
!MESSAGE port: COM6

!ENTRY com.st.stm32cube.ide.mpu.remote.serial 1 1 2026-07-22 14:27:26.171
!MESSAGE port: COM8

!ENTRY com.st.stm32cube.ide.mpu.remote.serial 1 1 2026-07-22 14:27:26.172
!MESSAGE port: COM17

!ENTRY com.st.stm32cube.ide.mpu.remote.serial 1 1 2026-07-22 14:27:26.174
!MESSAGE port: COM3

!ENTRY com.st.stm32cube.ide.mpu.remote.serial 1 1 2026-07-22 14:27:26.175
!MESSAGE port: COM9

!ENTRY com.st.stm32cube.ide.mpu.remote.serial 1 1 2026-07-22 14:27:26.177
!MESSAGE port: COM10

!ENTRY com.st.stm32cube.ide.mpu.remote.serial 1 1 2026-07-22 14:27:26.179
!MESSAGE port: COM11

!ENTRY com.st.stm32cube.ide.mpu.remote.serial 1 1 2026-07-22 14:27:26.181
!MESSAGE port: COM12

!ENTRY com.st.stm32cube.ide.mpu.remote.serial 1 1 2026-07-22 14:27:26.182
!MESSAGE port: COM13

!ENTRY com.st.stm32cube.ide.mpu.remote.serial 1 1 2026-07-22 14:27:26.184
!MESSAGE port: COM16

!ENTRY com.st.stm32cube.ide.mpu.remote.serial 1 1 2026-07-22 14:27:26.186
!MESSAGE port: COM7

!ENTRY com.st.stm32cube.ide.mpu.remote.serial 1 1 2026-07-22 14:29:19.748
!MESSAGE Executed PowerShell command powershell.exe -Command "Get-CimInstance -ClassName Win32_SerialPort | Select-Object -ExpandProperty DeviceID":
COM4
COM5
COM6
COM8
COM17
COM3
COM9
COM10
COM11
COM12
COM13
COM16


!ENTRY com.st.stm32cube.ide.mpu.remote.serial 1 1 2026-07-22 14:29:19.750
!MESSAGE port: COM4

!ENTRY com.st.stm32cube.ide.mpu.remote.serial 1 1 2026-07-22 14:29:19.751
!MESSAGE port: COM5

!ENTRY com.st.stm32cube.ide.mpu.remote.serial 1 1 2026-07-22 14:29:19.753
!MESSAGE port: COM6

!ENTRY com.st.stm32cube.ide.mpu.remote.serial 1 1 2026-07-22 14:29:19.755
!MESSAGE port: COM8

!ENTRY com.st.stm32cube.ide.mpu.remote.serial 1 1 2026-07-22 14:29:19.756
!MESSAGE port: COM17

!ENTRY com.st.stm32cube.ide.mpu.remote.serial 1 1 2026-07-22 14:29:19.758
!MESSAGE port: COM3

!ENTRY com.st.stm32cube.ide.mpu.remote.serial 1 1 2026-07-22 14:29:19.760
!MESSAGE port: COM9

!ENTRY com.st.stm32cube.ide.mpu.remote.serial 1 1 2026-07-22 14:29:19.761
!MESSAGE port: COM10

!ENTRY com.st.stm32cube.ide.mpu.remote.serial 1 1 2026-07-22 14:29:19.763
!MESSAGE port: COM11

!ENTRY com.st.stm32cube.ide.mpu.remote.serial 1 1 2026-07-22 14:29:19.764
!MESSAGE port: COM12

!ENTRY com.st.stm32cube.ide.mpu.remote.serial 1 1 2026-07-22 14:29:19.766
!MESSAGE port: COM13

!ENTRY com.st.stm32cube.ide.mpu.remote.serial 1 1 2026-07-22 14:29:19.767
!MESSAGE port: COM16

!ENTRY com.st.stm32cube.ide.mpu.remote.serial 1 1 2026-07-22 14:34:01.338
!MESSAGE Executed PowerShell command powershell.exe -Command "Get-CimInstance -ClassName Win32_SerialPort | Select-Object -ExpandProperty DeviceID":
COM4
COM5
COM6
COM8
COM17
COM3
COM9
COM10
COM11
COM12
COM13
COM16
COM7


!ENTRY com.st.stm32cube.ide.mpu.remote.serial 1 1 2026-07-22 14:34:01.340
!MESSAGE port: COM4

!ENTRY com.st.stm32cube.ide.mpu.remote.serial 1 1 2026-07-22 14:34:01.344
!MESSAGE port: COM5

!ENTRY com.st.stm32cube.ide.mpu.remote.serial 1 1 2026-07-22 14:34:01.345
!MESSAGE port: COM6

!ENTRY com.st.stm32cube.ide.mpu.remote.serial 1 1 2026-07-22 14:34:01.347
!MESSAGE port: COM8

!ENTRY com.st.stm32cube.ide.mpu.remote.serial 1 1 2026-07-22 14:34:01.349
!MESSAGE port: COM17

!ENTRY com.st.stm32cube.ide.mpu.remote.serial 1 1 2026-07-22 14:34:01.349
!MESSAGE port: COM3

!ENTRY com.st.stm32cube.ide.mpu.remote.serial 1 1 2026-07-22 14:34:01.352
!MESSAGE port: COM9

!ENTRY com.st.stm32cube.ide.mpu.remote.serial 1 1 2026-07-22 14:34:01.356
!MESSAGE port: COM10

!ENTRY com.st.stm32cube.ide.mpu.remote.serial 1 1 2026-07-22 14:34:01.357
!MESSAGE port: COM11

!ENTRY com.st.stm32cube.ide.mpu.remote.serial 1 1 2026-07-22 14:34:01.359
!MESSAGE port: COM12

!ENTRY com.st.stm32cube.ide.mpu.remote.serial 1 1 2026-07-22 14:34:01.359
!MESSAGE port: COM13

!ENTRY com.st.stm32cube.ide.mpu.remote.serial 1 1 2026-07-22 14:34:01.361
!MESSAGE port: COM16

!ENTRY com.st.stm32cube.ide.mpu.remote.serial 1 1 2026-07-22 14:34:01.363
!MESSAGE port: COM7

!ENTRY com.st.stm32cube.ide.mpu.remote.serial 1 1 2026-07-22 14:38:54.445
!MESSAGE Executed PowerShell command powershell.exe -Command "Get-CimInstance -ClassName Win32_SerialPort | Select-Object -ExpandProperty DeviceID":
COM4
COM5
COM6
COM8
COM17
COM3
COM9
COM10
COM11
COM12
COM13
COM16


!ENTRY com.st.stm32cube.ide.mpu.remote.serial 1 1 2026-07-22 14:38:54.445
!MESSAGE port: COM4

!ENTRY com.st.stm32cube.ide.mpu.remote.serial 1 1 2026-07-22 14:38:54.449
!MESSAGE port: COM5

!ENTRY com.st.stm32cube.ide.mpu.remote.serial 1 1 2026-07-22 14:38:54.451
!MESSAGE port: COM6

!ENTRY com.st.stm32cube.ide.mpu.remote.serial 1 1 2026-07-22 14:38:54.451
!MESSAGE port: COM8

!ENTRY com.st.stm32cube.ide.mpu.remote.serial 1 1 2026-07-22 14:38:54.453
!MESSAGE port: COM17

!ENTRY com.st.stm32cube.ide.mpu.remote.serial 1 1 2026-07-22 14:38:54.453
!MESSAGE port: COM3

!ENTRY com.st.stm32cube.ide.mpu.remote.serial 1 1 2026-07-22 14:38:54.453
!MESSAGE port: COM9

!ENTRY com.st.stm32cube.ide.mpu.remote.serial 1 1 2026-07-22 14:38:54.458
!MESSAGE port: COM10

!ENTRY com.st.stm32cube.ide.mpu.remote.serial 1 1 2026-07-22 14:38:54.458
!MESSAGE port: COM11

!ENTRY com.st.stm32cube.ide.mpu.remote.serial 1 1 2026-07-22 14:38:54.458
!MESSAGE port: COM12

!ENTRY com.st.stm32cube.ide.mpu.remote.serial 1 1 2026-07-22 14:38:54.461
!MESSAGE port: COM13

!ENTRY com.st.stm32cube.ide.mpu.remote.serial 1 1 2026-07-22 14:38:54.461
!MESSAGE port: COM16

!ENTRY com.st.stm32cube.ide.mpu.remote.serial 1 1 2026-07-22 14:43:27.668
!MESSAGE Executed PowerShell command powershell.exe -Command "Get-CimInstance -ClassName Win32_SerialPort | Select-Object -ExpandProperty DeviceID":
COM4
COM5
COM6
COM8
COM17
COM3
COM9
COM10
COM11
COM12
COM13
COM16


!ENTRY com.st.stm32cube.ide.mpu.remote.serial 1 1 2026-07-22 14:43:27.668
!MESSAGE port: COM4

!ENTRY com.st.stm32cube.ide.mpu.remote.serial 1 1 2026-07-22 14:43:27.668
!MESSAGE port: COM5

!ENTRY com.st.stm32cube.ide.mpu.remote.serial 1 1 2026-07-22 14:43:27.668
!MESSAGE port: COM6

!ENTRY com.st.stm32cube.ide.mpu.remote.serial 1 1 2026-07-22 14:43:27.668
!MESSAGE port: COM8

!ENTRY com.st.stm32cube.ide.mpu.remote.serial 1 1 2026-07-22 14:43:27.668
!MESSAGE port: COM17

!ENTRY com.st.stm32cube.ide.mpu.remote.serial 1 1 2026-07-22 14:43:27.668
!MESSAGE port: COM3

!ENTRY com.st.stm32cube.ide.mpu.remote.serial 1 1 2026-07-22 14:43:27.676
!MESSAGE port: COM9

!ENTRY com.st.stm32cube.ide.mpu.remote.serial 1 1 2026-07-22 14:43:27.676
!MESSAGE port: COM10

!ENTRY com.st.stm32cube.ide.mpu.remote.serial 1 1 2026-07-22 14:43:27.676
!MESSAGE port: COM11

!ENTRY com.st.stm32cube.ide.mpu.remote.serial 1 1 2026-07-22 14:43:27.676
!MESSAGE port: COM12

!ENTRY com.st.stm32cube.ide.mpu.remote.serial 1 1 2026-07-22 14:43:27.680
!MESSAGE port: COM13

!ENTRY com.st.stm32cube.ide.mpu.remote.serial 1 1 2026-07-22 14:43:27.680
!MESSAGE port: COM16

!ENTRY com.st.stm32cube.ide.mpu.remote.serial 1 1 2026-07-22 14:43:59.254
!MESSAGE Executed PowerShell command powershell.exe -Command "Get-CimInstance -ClassName Win32_SerialPort | Select-Object -ExpandProperty DeviceID":
COM4
COM5
COM6
COM8
COM17
COM3
COM9
COM10
COM11
COM12
COM13
COM16


!ENTRY com.st.stm32cube.ide.mpu.remote.serial 1 1 2026-07-22 14:43:59.256
!MESSAGE port: COM4

!ENTRY com.st.stm32cube.ide.mpu.remote.serial 1 1 2026-07-22 14:43:59.256
!MESSAGE port: COM5

!ENTRY com.st.stm32cube.ide.mpu.remote.serial 1 1 2026-07-22 14:43:59.258
!MESSAGE port: COM6

!ENTRY com.st.stm32cube.ide.mpu.remote.serial 1 1 2026-07-22 14:43:59.261
!MESSAGE port: COM8

!ENTRY com.st.stm32cube.ide.mpu.remote.serial 1 1 2026-07-22 14:43:59.261
!MESSAGE port: COM17

!ENTRY com.st.stm32cube.ide.mpu.remote.serial 1 1 2026-07-22 14:43:59.263
!MESSAGE port: COM3

!ENTRY com.st.stm32cube.ide.mpu.remote.serial 1 1 2026-07-22 14:43:59.265
!MESSAGE port: COM9

!ENTRY com.st.stm32cube.ide.mpu.remote.serial 1 1 2026-07-22 14:43:59.265
!MESSAGE port: COM10

!ENTRY com.st.stm32cube.ide.mpu.remote.serial 1 1 2026-07-22 14:43:59.267
!MESSAGE port: COM11

!ENTRY com.st.stm32cube.ide.mpu.remote.serial 1 1 2026-07-22 14:43:59.269
!MESSAGE port: COM12

!ENTRY com.st.stm32cube.ide.mpu.remote.serial 1 1 2026-07-22 14:43:59.269
!MESSAGE port: COM13

!ENTRY com.st.stm32cube.ide.mpu.remote.serial 1 1 2026-07-22 14:43:59.270
!MESSAGE port: COM16

!ENTRY com.st.stm32cube.ide.mpu.remote.serial 1 1 2026-07-22 15:37:31.023
!MESSAGE Executed PowerShell command powershell.exe -Command "Get-CimInstance -ClassName Win32_SerialPort | Select-Object -ExpandProperty DeviceID":
COM4
COM5
COM6
COM8
COM17
COM3
COM9
COM10
COM11
COM12
COM13
COM16
COM7


!ENTRY com.st.stm32cube.ide.mpu.remote.serial 1 1 2026-07-22 15:37:31.030
!MESSAGE port: COM4

!ENTRY com.st.stm32cube.ide.mpu.remote.serial 1 1 2026-07-22 15:37:31.030
!MESSAGE port: COM5

!ENTRY com.st.stm32cube.ide.mpu.remote.serial 1 1 2026-07-22 15:37:31.031
!MESSAGE port: COM6

!ENTRY com.st.stm32cube.ide.mpu.remote.serial 1 1 2026-07-22 15:37:31.032
!MESSAGE port: COM8

!ENTRY com.st.stm32cube.ide.mpu.remote.serial 1 1 2026-07-22 15:37:31.032
!MESSAGE port: COM17

!ENTRY com.st.stm32cube.ide.mpu.remote.serial 1 1 2026-07-22 15:37:31.033
!MESSAGE port: COM3

!ENTRY com.st.stm32cube.ide.mpu.remote.serial 1 1 2026-07-22 15:37:31.035
!MESSAGE port: COM9

!ENTRY com.st.stm32cube.ide.mpu.remote.serial 1 1 2026-07-22 15:37:31.035
!MESSAGE port: COM10

!ENTRY com.st.stm32cube.ide.mpu.remote.serial 1 1 2026-07-22 15:37:31.035
!MESSAGE port: COM11

!ENTRY com.st.stm32cube.ide.mpu.remote.serial 1 1 2026-07-22 15:37:31.036
!MESSAGE port: COM12

!ENTRY com.st.stm32cube.ide.mpu.remote.serial 1 1 2026-07-22 15:37:31.038
!MESSAGE port: COM13

!ENTRY com.st.stm32cube.ide.mpu.remote.serial 1 1 2026-07-22 15:37:31.038
!MESSAGE port: COM16

!ENTRY com.st.stm32cube.ide.mpu.remote.serial 1 1 2026-07-22 15:37:31.039
!MESSAGE port: COM7

!ENTRY com.st.stm32cube.ide.mpu.remote.serial 1 1 2026-07-22 15:40:14.291
!MESSAGE Executed PowerShell command powershell.exe -Command "Get-CimInstance -ClassName Win32_SerialPort | Select-Object -ExpandProperty DeviceID":
COM4
COM5
COM6
COM8
COM17
COM3
COM9
COM10
COM11
COM12
COM13
COM16


!ENTRY com.st.stm32cube.ide.mpu.remote.serial 1 1 2026-07-22 15:40:14.293
!MESSAGE port: COM4

!ENTRY com.st.stm32cube.ide.mpu.remote.serial 1 1 2026-07-22 15:40:14.293
!MESSAGE port: COM5

!ENTRY com.st.stm32cube.ide.mpu.remote.serial 1 1 2026-07-22 15:40:14.294
!MESSAGE port: COM6

!ENTRY com.st.stm32cube.ide.mpu.remote.serial 1 1 2026-07-22 15:40:14.295
!MESSAGE port: COM8

!ENTRY com.st.stm32cube.ide.mpu.remote.serial 1 1 2026-07-22 15:40:14.296
!MESSAGE port: COM17

!ENTRY com.st.stm32cube.ide.mpu.remote.serial 1 1 2026-07-22 15:40:14.298
!MESSAGE port: COM3

!ENTRY com.st.stm32cube.ide.mpu.remote.serial 1 1 2026-07-22 15:40:14.299
!MESSAGE port: COM9

!ENTRY com.st.stm32cube.ide.mpu.remote.serial 1 1 2026-07-22 15:40:14.299
!MESSAGE port: COM10

!ENTRY com.st.stm32cube.ide.mpu.remote.serial 1 1 2026-07-22 15:40:14.300
!MESSAGE port: COM11

!ENTRY com.st.stm32cube.ide.mpu.remote.serial 1 1 2026-07-22 15:40:14.301
!MESSAGE port: COM12

!ENTRY com.st.stm32cube.ide.mpu.remote.serial 1 1 2026-07-22 15:40:14.303
!MESSAGE port: COM13

!ENTRY com.st.stm32cube.ide.mpu.remote.serial 1 1 2026-07-22 15:40:14.304
!MESSAGE port: COM16

!ENTRY com.st.stm32cube.ide.mpu.remote.serial 1 1 2026-07-22 15:46:19.170
!MESSAGE Executed PowerShell command powershell.exe -Command "Get-CimInstance -ClassName Win32_SerialPort | Select-Object -ExpandProperty DeviceID":
COM4
COM5
COM6
COM8
COM17
COM3
COM9
COM10
COM11
COM12
COM13
COM16
COM7


!ENTRY com.st.stm32cube.ide.mpu.remote.serial 1 1 2026-07-22 15:46:19.176
!MESSAGE port: COM4

!ENTRY com.st.stm32cube.ide.mpu.remote.serial 1 1 2026-07-22 15:46:19.178
!MESSAGE port: COM5

!ENTRY com.st.stm32cube.ide.mpu.remote.serial 1 1 2026-07-22 15:46:19.179
!MESSAGE port: COM6

!ENTRY com.st.stm32cube.ide.mpu.remote.serial 1 1 2026-07-22 15:46:19.179
!MESSAGE port: COM8

!ENTRY com.st.stm32cube.ide.mpu.remote.serial 1 1 2026-07-22 15:46:19.180
!MESSAGE port: COM17

!ENTRY com.st.stm32cube.ide.mpu.remote.serial 1 1 2026-07-22 15:46:19.181
!MESSAGE port: COM3

!ENTRY com.st.stm32cube.ide.mpu.remote.serial 1 1 2026-07-22 15:46:19.182
!MESSAGE port: COM9

!ENTRY com.st.stm32cube.ide.mpu.remote.serial 1 1 2026-07-22 15:46:19.182
!MESSAGE port: COM10

!ENTRY com.st.stm32cube.ide.mpu.remote.serial 1 1 2026-07-22 15:46:19.184
!MESSAGE port: COM11

!ENTRY com.st.stm32cube.ide.mpu.remote.serial 1 1 2026-07-22 15:46:19.186
!MESSAGE port: COM12

!ENTRY com.st.stm32cube.ide.mpu.remote.serial 1 1 2026-07-22 15:46:19.187
!MESSAGE port: COM13

!ENTRY com.st.stm32cube.ide.mpu.remote.serial 1 1 2026-07-22 15:46:19.188
!MESSAGE port: COM16

!ENTRY com.st.stm32cube.ide.mpu.remote.serial 1 1 2026-07-22 15:46:19.189
!MESSAGE port: COM7

!ENTRY com.st.stm32cube.ide.mpu.remote.serial 1 1 2026-07-22 15:54:36.920
!MESSAGE Executed PowerShell command powershell.exe -Command "Get-CimInstance -ClassName Win32_SerialPort | Select-Object -ExpandProperty DeviceID":
COM4
COM5
COM6
COM8
COM17
COM3
COM9
COM10
COM11
COM12
COM13
COM16


!ENTRY com.st.stm32cube.ide.mpu.remote.serial 1 1 2026-07-22 15:54:36.922
!MESSAGE port: COM4

!ENTRY com.st.stm32cube.ide.mpu.remote.serial 1 1 2026-07-22 15:54:36.924
!MESSAGE port: COM5

!ENTRY com.st.stm32cube.ide.mpu.remote.serial 1 1 2026-07-22 15:54:36.925
!MESSAGE port: COM6

!ENTRY com.st.stm32cube.ide.mpu.remote.serial 1 1 2026-07-22 15:54:36.926
!MESSAGE port: COM8

!ENTRY com.st.stm32cube.ide.mpu.remote.serial 1 1 2026-07-22 15:54:36.927
!MESSAGE port: COM17

!ENTRY com.st.stm32cube.ide.mpu.remote.serial 1 1 2026-07-22 15:54:36.928
!MESSAGE port: COM3

!ENTRY com.st.stm32cube.ide.mpu.remote.serial 1 1 2026-07-22 15:54:36.929
!MESSAGE port: COM9

!ENTRY com.st.stm32cube.ide.mpu.remote.serial 1 1 2026-07-22 15:54:36.930
!MESSAGE port: COM10

!ENTRY com.st.stm32cube.ide.mpu.remote.serial 1 1 2026-07-22 15:54:36.931
!MESSAGE port: COM11

!ENTRY com.st.stm32cube.ide.mpu.remote.serial 1 1 2026-07-22 15:54:36.932
!MESSAGE port: COM12

!ENTRY com.st.stm32cube.ide.mpu.remote.serial 1 1 2026-07-22 15:54:36.933
!MESSAGE port: COM13

!ENTRY com.st.stm32cube.ide.mpu.remote.serial 1 1 2026-07-22 15:54:36.934
!MESSAGE port: COM16

!ENTRY com.st.stm32cube.ide.mpu.remote.serial 1 1 2026-07-22 15:58:10.015
!MESSAGE Executed PowerShell command powershell.exe -Command "Get-CimInstance -ClassName Win32_SerialPort | Select-Object -ExpandProperty DeviceID":
COM4
COM5
COM6
COM8
COM17
COM3
COM9
COM10
COM11
COM12
COM13
COM16


!ENTRY com.st.stm32cube.ide.mpu.remote.serial 1 1 2026-07-22 15:58:10.017
!MESSAGE port: COM4

!ENTRY com.st.stm32cube.ide.mpu.remote.serial 1 1 2026-07-22 15:58:10.018
!MESSAGE port: COM5

!ENTRY com.st.stm32cube.ide.mpu.remote.serial 1 1 2026-07-22 15:58:10.020
!MESSAGE port: COM6

!ENTRY com.st.stm32cube.ide.mpu.remote.serial 1 1 2026-07-22 15:58:10.021
!MESSAGE port: COM8

!ENTRY com.st.stm32cube.ide.mpu.remote.serial 1 1 2026-07-22 15:58:10.022
!MESSAGE port: COM17

!ENTRY com.st.stm32cube.ide.mpu.remote.serial 1 1 2026-07-22 15:58:10.024
!MESSAGE port: COM3

!ENTRY com.st.stm32cube.ide.mpu.remote.serial 1 1 2026-07-22 15:58:10.024
!MESSAGE port: COM9

!ENTRY com.st.stm32cube.ide.mpu.remote.serial 1 1 2026-07-22 15:58:10.025
!MESSAGE port: COM10

!ENTRY com.st.stm32cube.ide.mpu.remote.serial 1 1 2026-07-22 15:58:10.027
!MESSAGE port: COM11

!ENTRY com.st.stm32cube.ide.mpu.remote.serial 1 1 2026-07-22 15:58:10.028
!MESSAGE port: COM12

!ENTRY com.st.stm32cube.ide.mpu.remote.serial 1 1 2026-07-22 15:58:10.028
!MESSAGE port: COM13

!ENTRY com.st.stm32cube.ide.mpu.remote.serial 1 1 2026-07-22 15:58:10.029
!MESSAGE port: COM16

!ENTRY com.st.stm32cube.ide.mpu.remote.serial 1 1 2026-07-22 15:58:41.887
!MESSAGE Executed PowerShell command powershell.exe -Command "Get-CimInstance -ClassName Win32_SerialPort | Select-Object -ExpandProperty DeviceID":
COM4
COM5
COM6
COM8
COM17
COM3
COM9
COM10
COM11
COM12
COM13
COM16


!ENTRY com.st.stm32cube.ide.mpu.remote.serial 1 1 2026-07-22 15:58:41.887
!MESSAGE port: COM4

!ENTRY com.st.stm32cube.ide.mpu.remote.serial 1 1 2026-07-22 15:58:41.891
!MESSAGE port: COM5

!ENTRY com.st.stm32cube.ide.mpu.remote.serial 1 1 2026-07-22 15:58:41.891
!MESSAGE port: COM6

!ENTRY com.st.stm32cube.ide.mpu.remote.serial 1 1 2026-07-22 15:58:41.893
!MESSAGE port: COM8

!ENTRY com.st.stm32cube.ide.mpu.remote.serial 1 1 2026-07-22 15:58:41.893
!MESSAGE port: COM17

!ENTRY com.st.stm32cube.ide.mpu.remote.serial 1 1 2026-07-22 15:58:41.898
!MESSAGE port: COM3

!ENTRY com.st.stm32cube.ide.mpu.remote.serial 1 1 2026-07-22 15:58:41.899
!MESSAGE port: COM9

!ENTRY com.st.stm32cube.ide.mpu.remote.serial 1 1 2026-07-22 15:58:41.901
!MESSAGE port: COM10

!ENTRY com.st.stm32cube.ide.mpu.remote.serial 1 1 2026-07-22 15:58:41.902
!MESSAGE port: COM11

!ENTRY com.st.stm32cube.ide.mpu.remote.serial 1 1 2026-07-22 15:58:41.902
!MESSAGE port: COM12

!ENTRY com.st.stm32cube.ide.mpu.remote.serial 1 1 2026-07-22 15:58:41.904
!MESSAGE port: COM13

!ENTRY com.st.stm32cube.ide.mpu.remote.serial 1 1 2026-07-22 15:58:41.906
!MESSAGE port: COM16

!ENTRY com.st.stm32cube.ide.mpu.remote.serial 1 1 2026-07-22 16:05:32.678
!MESSAGE Executed PowerShell command powershell.exe -Command "Get-CimInstance -ClassName Win32_SerialPort | Select-Object -ExpandProperty DeviceID":
COM4
COM5
COM6
COM8
COM17
COM3
COM9
COM10
COM11
COM12
COM13
COM16


!ENTRY com.st.stm32cube.ide.mpu.remote.serial 1 1 2026-07-22 16:05:32.681
!MESSAGE port: COM4

!ENTRY com.st.stm32cube.ide.mpu.remote.serial 1 1 2026-07-22 16:05:32.682
!MESSAGE port: COM5

!ENTRY com.st.stm32cube.ide.mpu.remote.serial 1 1 2026-07-22 16:05:32.682
!MESSAGE port: COM6

!ENTRY com.st.stm32cube.ide.mpu.remote.serial 1 1 2026-07-22 16:05:32.683
!MESSAGE port: COM8

!ENTRY com.st.stm32cube.ide.mpu.remote.serial 1 1 2026-07-22 16:05:32.684
!MESSAGE port: COM17

!ENTRY com.st.stm32cube.ide.mpu.remote.serial 1 1 2026-07-22 16:05:32.685
!MESSAGE port: COM3

!ENTRY com.st.stm32cube.ide.mpu.remote.serial 1 1 2026-07-22 16:05:32.687
!MESSAGE port: COM9

!ENTRY com.st.stm32cube.ide.mpu.remote.serial 1 1 2026-07-22 16:05:32.687
!MESSAGE port: COM10

!ENTRY com.st.stm32cube.ide.mpu.remote.serial 1 1 2026-07-22 16:05:32.688
!MESSAGE port: COM11

!ENTRY com.st.stm32cube.ide.mpu.remote.serial 1 1 2026-07-22 16:05:32.690
!MESSAGE port: COM12

!ENTRY com.st.stm32cube.ide.mpu.remote.serial 1 1 2026-07-22 16:05:32.691
!MESSAGE port: COM13

!ENTRY com.st.stm32cube.ide.mpu.remote.serial 1 1 2026-07-22 16:05:32.693
!MESSAGE port: COM16

!ENTRY com.st.stm32cube.ide.mpu.remote.serial 1 1 2026-07-22 16:06:04.156
!MESSAGE Executed PowerShell command powershell.exe -Command "Get-CimInstance -ClassName Win32_SerialPort | Select-Object -ExpandProperty DeviceID":
COM4
COM5
COM6
COM8
COM17
COM3
COM9
COM10
COM11
COM12
COM13
COM16


!ENTRY com.st.stm32cube.ide.mpu.remote.serial 1 1 2026-07-22 16:06:04.158
!MESSAGE port: COM4

!ENTRY com.st.stm32cube.ide.mpu.remote.serial 1 1 2026-07-22 16:06:04.160
!MESSAGE port: COM5

!ENTRY com.st.stm32cube.ide.mpu.remote.serial 1 1 2026-07-22 16:06:04.162
!MESSAGE port: COM6

!ENTRY com.st.stm32cube.ide.mpu.remote.serial 1 1 2026-07-22 16:06:04.163
!MESSAGE port: COM8

!ENTRY com.st.stm32cube.ide.mpu.remote.serial 1 1 2026-07-22 16:06:04.164
!MESSAGE port: COM17

!ENTRY com.st.stm32cube.ide.mpu.remote.serial 1 1 2026-07-22 16:06:04.165
!MESSAGE port: COM3

!ENTRY com.st.stm32cube.ide.mpu.remote.serial 1 1 2026-07-22 16:06:04.166
!MESSAGE port: COM9

!ENTRY com.st.stm32cube.ide.mpu.remote.serial 1 1 2026-07-22 16:06:04.167
!MESSAGE port: COM10

!ENTRY com.st.stm32cube.ide.mpu.remote.serial 1 1 2026-07-22 16:06:04.168
!MESSAGE port: COM11

!ENTRY com.st.stm32cube.ide.mpu.remote.serial 1 1 2026-07-22 16:06:04.169
!MESSAGE port: COM12

!ENTRY com.st.stm32cube.ide.mpu.remote.serial 1 1 2026-07-22 16:06:04.170
!MESSAGE port: COM13

!ENTRY com.st.stm32cube.ide.mpu.remote.serial 1 1 2026-07-22 16:06:04.171
!MESSAGE port: COM16

!ENTRY com.st.stm32cube.ide.mpu.remote.serial 1 1 2026-07-22 16:07:18.904
!MESSAGE Executed PowerShell command powershell.exe -Command "Get-CimInstance -ClassName Win32_SerialPort | Select-Object -ExpandProperty DeviceID":
COM4
COM5
COM6
COM8
COM17
COM3
COM9
COM10
COM11
COM12
COM13
COM16


!ENTRY com.st.stm32cube.ide.mpu.remote.serial 1 1 2026-07-22 16:07:18.905
!MESSAGE port: COM4

!ENTRY com.st.stm32cube.ide.mpu.remote.serial 1 1 2026-07-22 16:07:18.906
!MESSAGE port: COM5

!ENTRY com.st.stm32cube.ide.mpu.remote.serial 1 1 2026-07-22 16:07:18.907
!MESSAGE port: COM6

!ENTRY com.st.stm32cube.ide.mpu.remote.serial 1 1 2026-07-22 16:07:18.908
!MESSAGE port: COM8

!ENTRY com.st.stm32cube.ide.mpu.remote.serial 1 1 2026-07-22 16:07:18.909
!MESSAGE port: COM17

!ENTRY com.st.stm32cube.ide.mpu.remote.serial 1 1 2026-07-22 16:07:18.910
!MESSAGE port: COM3

!ENTRY com.st.stm32cube.ide.mpu.remote.serial 1 1 2026-07-22 16:07:18.910
!MESSAGE port: COM9

!ENTRY com.st.stm32cube.ide.mpu.remote.serial 1 1 2026-07-22 16:07:18.911
!MESSAGE port: COM10

!ENTRY com.st.stm32cube.ide.mpu.remote.serial 1 1 2026-07-22 16:07:18.912
!MESSAGE port: COM11

!ENTRY com.st.stm32cube.ide.mpu.remote.serial 1 1 2026-07-22 16:07:18.913
!MESSAGE port: COM12

!ENTRY com.st.stm32cube.ide.mpu.remote.serial 1 1 2026-07-22 16:07:18.913
!MESSAGE port: COM13

!ENTRY com.st.stm32cube.ide.mpu.remote.serial 1 1 2026-07-22 16:07:18.914
!MESSAGE port: COM16

!ENTRY com.st.stm32cube.ide.mpu.remote.serial 1 1 2026-07-22 16:07:50.330
!MESSAGE Executed PowerShell command powershell.exe -Command "Get-CimInstance -ClassName Win32_SerialPort | Select-Object -ExpandProperty DeviceID":
COM4
COM5
COM6
COM8
COM17
COM3
COM9
COM10
COM11
COM12
COM13
COM16


!ENTRY com.st.stm32cube.ide.mpu.remote.serial 1 1 2026-07-22 16:07:50.331
!MESSAGE port: COM4

!ENTRY com.st.stm32cube.ide.mpu.remote.serial 1 1 2026-07-22 16:07:50.333
!MESSAGE port: COM5

!ENTRY com.st.stm32cube.ide.mpu.remote.serial 1 1 2026-07-22 16:07:50.334
!MESSAGE port: COM6

!ENTRY com.st.stm32cube.ide.mpu.remote.serial 1 1 2026-07-22 16:07:50.335
!MESSAGE port: COM8

!ENTRY com.st.stm32cube.ide.mpu.remote.serial 1 1 2026-07-22 16:07:50.336
!MESSAGE port: COM17

!ENTRY com.st.stm32cube.ide.mpu.remote.serial 1 1 2026-07-22 16:07:50.336
!MESSAGE port: COM3

!ENTRY com.st.stm32cube.ide.mpu.remote.serial 1 1 2026-07-22 16:07:50.338
!MESSAGE port: COM9

!ENTRY com.st.stm32cube.ide.mpu.remote.serial 1 1 2026-07-22 16:07:50.339
!MESSAGE port: COM10

!ENTRY com.st.stm32cube.ide.mpu.remote.serial 1 1 2026-07-22 16:07:50.340
!MESSAGE port: COM11

!ENTRY com.st.stm32cube.ide.mpu.remote.serial 1 1 2026-07-22 16:07:50.342
!MESSAGE port: COM12

!ENTRY com.st.stm32cube.ide.mpu.remote.serial 1 1 2026-07-22 16:07:50.344
!MESSAGE port: COM13

!ENTRY com.st.stm32cube.ide.mpu.remote.serial 1 1 2026-07-22 16:07:50.346
!MESSAGE port: COM16

!ENTRY com.st.stm32cube.ide.mpu.remote.serial 1 1 2026-07-22 16:13:00.631
!MESSAGE Executed PowerShell command powershell.exe -Command "Get-CimInstance -ClassName Win32_SerialPort | Select-Object -ExpandProperty DeviceID":
COM4
COM5
COM6
COM8
COM17
COM3
COM9
COM10
COM11
COM12
COM13
COM16


!ENTRY com.st.stm32cube.ide.mpu.remote.serial 1 1 2026-07-22 16:13:00.633
!MESSAGE port: COM4

!ENTRY com.st.stm32cube.ide.mpu.remote.serial 1 1 2026-07-22 16:13:00.634
!MESSAGE port: COM5

!ENTRY com.st.stm32cube.ide.mpu.remote.serial 1 1 2026-07-22 16:13:00.635
!MESSAGE port: COM6

!ENTRY com.st.stm32cube.ide.mpu.remote.serial 1 1 2026-07-22 16:13:00.636
!MESSAGE port: COM8

!ENTRY com.st.stm32cube.ide.mpu.remote.serial 1 1 2026-07-22 16:13:00.637
!MESSAGE port: COM17

!ENTRY com.st.stm32cube.ide.mpu.remote.serial 1 1 2026-07-22 16:13:00.638
!MESSAGE port: COM3

!ENTRY com.st.stm32cube.ide.mpu.remote.serial 1 1 2026-07-22 16:13:00.638
!MESSAGE port: COM9

!ENTRY com.st.stm32cube.ide.mpu.remote.serial 1 1 2026-07-22 16:13:00.640
!MESSAGE port: COM10

!ENTRY com.st.stm32cube.ide.mpu.remote.serial 1 1 2026-07-22 16:13:00.641
!MESSAGE port: COM11

!ENTRY com.st.stm32cube.ide.mpu.remote.serial 1 1 2026-07-22 16:13:00.641
!MESSAGE port: COM12

!ENTRY com.st.stm32cube.ide.mpu.remote.serial 1 1 2026-07-22 16:13:00.643
!MESSAGE port: COM13

!ENTRY com.st.stm32cube.ide.mpu.remote.serial 1 1 2026-07-22 16:13:00.644
!MESSAGE port: COM16

!ENTRY com.st.stm32cube.ide.mpu.remote.serial 1 1 2026-07-22 16:13:32.080
!MESSAGE Executed PowerShell command powershell.exe -Command "Get-CimInstance -ClassName Win32_SerialPort | Select-Object -ExpandProperty DeviceID":
COM4
COM5
COM6
COM8
COM17
COM3
COM9
COM10
COM11
COM12
COM13
COM16


!ENTRY com.st.stm32cube.ide.mpu.remote.serial 1 1 2026-07-22 16:13:32.081
!MESSAGE port: COM4

!ENTRY com.st.stm32cube.ide.mpu.remote.serial 1 1 2026-07-22 16:13:32.082
!MESSAGE port: COM5

!ENTRY com.st.stm32cube.ide.mpu.remote.serial 1 1 2026-07-22 16:13:32.083
!MESSAGE port: COM6

!ENTRY com.st.stm32cube.ide.mpu.remote.serial 1 1 2026-07-22 16:13:32.084
!MESSAGE port: COM8

!ENTRY com.st.stm32cube.ide.mpu.remote.serial 1 1 2026-07-22 16:13:32.086
!MESSAGE port: COM17

!ENTRY com.st.stm32cube.ide.mpu.remote.serial 1 1 2026-07-22 16:13:32.087
!MESSAGE port: COM3

!ENTRY com.st.stm32cube.ide.mpu.remote.serial 1 1 2026-07-22 16:13:32.088
!MESSAGE port: COM9

!ENTRY com.st.stm32cube.ide.mpu.remote.serial 1 1 2026-07-22 16:13:32.089
!MESSAGE port: COM10

!ENTRY com.st.stm32cube.ide.mpu.remote.serial 1 1 2026-07-22 16:13:32.090
!MESSAGE port: COM11

!ENTRY com.st.stm32cube.ide.mpu.remote.serial 1 1 2026-07-22 16:13:32.091
!MESSAGE port: COM12

!ENTRY com.st.stm32cube.ide.mpu.remote.serial 1 1 2026-07-22 16:13:32.093
!MESSAGE port: COM13

!ENTRY com.st.stm32cube.ide.mpu.remote.serial 1 1 2026-07-22 16:13:32.094
!MESSAGE port: COM16

!ENTRY com.st.stm32cube.ide.mpu.remote.serial 1 1 2026-07-22 16:16:34.684
!MESSAGE Executed PowerShell command powershell.exe -Command "Get-CimInstance -ClassName Win32_SerialPort | Select-Object -ExpandProperty DeviceID":
COM4
COM5
COM6
COM8
COM17
COM3
COM9
COM10
COM11
COM12
COM13
COM16


!ENTRY com.st.stm32cube.ide.mpu.remote.serial 1 1 2026-07-22 16:16:34.685
!MESSAGE port: COM4

!ENTRY com.st.stm32cube.ide.mpu.remote.serial 1 1 2026-07-22 16:16:34.686
!MESSAGE port: COM5

!ENTRY com.st.stm32cube.ide.mpu.remote.serial 1 1 2026-07-22 16:16:34.688
!MESSAGE port: COM6

!ENTRY com.st.stm32cube.ide.mpu.remote.serial 1 1 2026-07-22 16:16:34.689
!MESSAGE port: COM8

!ENTRY com.st.stm32cube.ide.mpu.remote.serial 1 1 2026-07-22 16:16:34.689
!MESSAGE port: COM17

!ENTRY com.st.stm32cube.ide.mpu.remote.serial 1 1 2026-07-22 16:16:34.690
!MESSAGE port: COM3

!ENTRY com.st.stm32cube.ide.mpu.remote.serial 1 1 2026-07-22 16:16:34.692
!MESSAGE port: COM9

!ENTRY com.st.stm32cube.ide.mpu.remote.serial 1 1 2026-07-22 16:16:34.693
!MESSAGE port: COM10

!ENTRY com.st.stm32cube.ide.mpu.remote.serial 1 1 2026-07-22 16:16:34.693
!MESSAGE port: COM11

!ENTRY com.st.stm32cube.ide.mpu.remote.serial 1 1 2026-07-22 16:16:34.695
!MESSAGE port: COM12

!ENTRY com.st.stm32cube.ide.mpu.remote.serial 1 1 2026-07-22 16:16:34.695
!MESSAGE port: COM13

!ENTRY com.st.stm32cube.ide.mpu.remote.serial 1 1 2026-07-22 16:16:34.696
!MESSAGE port: COM16

!ENTRY com.st.stm32cube.ide.mpu.remote.serial 1 1 2026-07-22 16:17:06.133
!MESSAGE Executed PowerShell command powershell.exe -Command "Get-CimInstance -ClassName Win32_SerialPort | Select-Object -ExpandProperty DeviceID":
COM4
COM5
COM6
COM8
COM17
COM3
COM9
COM10
COM11
COM12
COM13
COM16


!ENTRY com.st.stm32cube.ide.mpu.remote.serial 1 1 2026-07-22 16:17:06.134
!MESSAGE port: COM4

!ENTRY com.st.stm32cube.ide.mpu.remote.serial 1 1 2026-07-22 16:17:06.136
!MESSAGE port: COM5

!ENTRY com.st.stm32cube.ide.mpu.remote.serial 1 1 2026-07-22 16:17:06.137
!MESSAGE port: COM6

!ENTRY com.st.stm32cube.ide.mpu.remote.serial 1 1 2026-07-22 16:17:06.137
!MESSAGE port: COM8

!ENTRY com.st.stm32cube.ide.mpu.remote.serial 1 1 2026-07-22 16:17:06.138
!MESSAGE port: COM17

!ENTRY com.st.stm32cube.ide.mpu.remote.serial 1 1 2026-07-22 16:17:06.140
!MESSAGE port: COM3

!ENTRY com.st.stm32cube.ide.mpu.remote.serial 1 1 2026-07-22 16:17:06.140
!MESSAGE port: COM9

!ENTRY com.st.stm32cube.ide.mpu.remote.serial 1 1 2026-07-22 16:17:06.142
!MESSAGE port: COM10

!ENTRY com.st.stm32cube.ide.mpu.remote.serial 1 1 2026-07-22 16:17:06.142
!MESSAGE port: COM11

!ENTRY com.st.stm32cube.ide.mpu.remote.serial 1 1 2026-07-22 16:17:06.143
!MESSAGE port: COM12

!ENTRY com.st.stm32cube.ide.mpu.remote.serial 1 1 2026-07-22 16:17:06.145
!MESSAGE port: COM13

!ENTRY com.st.stm32cube.ide.mpu.remote.serial 1 1 2026-07-22 16:17:06.145
!MESSAGE port: COM16

!ENTRY com.st.stm32cube.ide.mpu.remote.serial 1 1 2026-07-22 16:20:44.016
!MESSAGE Executed PowerShell command powershell.exe -Command "Get-CimInstance -ClassName Win32_SerialPort | Select-Object -ExpandProperty DeviceID":
COM4
COM5
COM6
COM8
COM17
COM3
COM9
COM10
COM11
COM12
COM13
COM16


!ENTRY com.st.stm32cube.ide.mpu.remote.serial 1 1 2026-07-22 16:20:44.018
!MESSAGE port: COM4

!ENTRY com.st.stm32cube.ide.mpu.remote.serial 1 1 2026-07-22 16:20:44.019
!MESSAGE port: COM5

!ENTRY com.st.stm32cube.ide.mpu.remote.serial 1 1 2026-07-22 16:20:44.021
!MESSAGE port: COM6

!ENTRY com.st.stm32cube.ide.mpu.remote.serial 1 1 2026-07-22 16:20:44.021
!MESSAGE port: COM8

!ENTRY com.st.stm32cube.ide.mpu.remote.serial 1 1 2026-07-22 16:20:44.022
!MESSAGE port: COM17

!ENTRY com.st.stm32cube.ide.mpu.remote.serial 1 1 2026-07-22 16:20:44.023
!MESSAGE port: COM3

!ENTRY com.st.stm32cube.ide.mpu.remote.serial 1 1 2026-07-22 16:20:44.023
!MESSAGE port: COM9

!ENTRY com.st.stm32cube.ide.mpu.remote.serial 1 1 2026-07-22 16:20:44.025
!MESSAGE port: COM10

!ENTRY com.st.stm32cube.ide.mpu.remote.serial 1 1 2026-07-22 16:20:44.026
!MESSAGE port: COM11

!ENTRY com.st.stm32cube.ide.mpu.remote.serial 1 1 2026-07-22 16:20:44.027
!MESSAGE port: COM12

!ENTRY com.st.stm32cube.ide.mpu.remote.serial 1 1 2026-07-22 16:20:44.028
!MESSAGE port: COM13

!ENTRY com.st.stm32cube.ide.mpu.remote.serial 1 1 2026-07-22 16:20:44.029
!MESSAGE port: COM16

!ENTRY com.st.stm32cube.ide.mpu.remote.serial 1 1 2026-07-22 16:21:15.480
!MESSAGE Executed PowerShell command powershell.exe -Command "Get-CimInstance -ClassName Win32_SerialPort | Select-Object -ExpandProperty DeviceID":
COM4
COM5
COM6
COM8
COM17
COM3
COM9
COM10
COM11
COM12
COM13
COM16


!ENTRY com.st.stm32cube.ide.mpu.remote.serial 1 1 2026-07-22 16:21:15.481
!MESSAGE port: COM4

!ENTRY com.st.stm32cube.ide.mpu.remote.serial 1 1 2026-07-22 16:21:15.482
!MESSAGE port: COM5

!ENTRY com.st.stm32cube.ide.mpu.remote.serial 1 1 2026-07-22 16:21:15.483
!MESSAGE port: COM6

!ENTRY com.st.stm32cube.ide.mpu.remote.serial 1 1 2026-07-22 16:21:15.485
!MESSAGE port: COM8

!ENTRY com.st.stm32cube.ide.mpu.remote.serial 1 1 2026-07-22 16:21:15.486
!MESSAGE port: COM17

!ENTRY com.st.stm32cube.ide.mpu.remote.serial 1 1 2026-07-22 16:21:15.487
!MESSAGE port: COM3

!ENTRY com.st.stm32cube.ide.mpu.remote.serial 1 1 2026-07-22 16:21:15.488
!MESSAGE port: COM9

!ENTRY com.st.stm32cube.ide.mpu.remote.serial 1 1 2026-07-22 16:21:15.489
!MESSAGE port: COM10

!ENTRY com.st.stm32cube.ide.mpu.remote.serial 1 1 2026-07-22 16:21:15.490
!MESSAGE port: COM11

!ENTRY com.st.stm32cube.ide.mpu.remote.serial 1 1 2026-07-22 16:21:15.491
!MESSAGE port: COM12

!ENTRY com.st.stm32cube.ide.mpu.remote.serial 1 1 2026-07-22 16:21:15.492
!MESSAGE port: COM13

!ENTRY com.st.stm32cube.ide.mpu.remote.serial 1 1 2026-07-22 16:21:15.493
!MESSAGE port: COM16

!ENTRY com.st.stm32cube.ide.mpu.remote.serial 1 1 2026-07-22 16:26:30.939
!MESSAGE Executed PowerShell command powershell.exe -Command "Get-CimInstance -ClassName Win32_SerialPort | Select-Object -ExpandProperty DeviceID":
COM4
COM5
COM6
COM8
COM17
COM3
COM9
COM10
COM11
COM12
COM13
COM16


!ENTRY com.st.stm32cube.ide.mpu.remote.serial 1 1 2026-07-22 16:26:30.941
!MESSAGE port: COM4

!ENTRY com.st.stm32cube.ide.mpu.remote.serial 1 1 2026-07-22 16:26:30.942
!MESSAGE port: COM5

!ENTRY com.st.stm32cube.ide.mpu.remote.serial 1 1 2026-07-22 16:26:30.943
!MESSAGE port: COM6

!ENTRY com.st.stm32cube.ide.mpu.remote.serial 1 1 2026-07-22 16:26:30.945
!MESSAGE port: COM8

!ENTRY com.st.stm32cube.ide.mpu.remote.serial 1 1 2026-07-22 16:26:30.946
!MESSAGE port: COM17

!ENTRY com.st.stm32cube.ide.mpu.remote.serial 1 1 2026-07-22 16:26:30.947
!MESSAGE port: COM3

!ENTRY com.st.stm32cube.ide.mpu.remote.serial 1 1 2026-07-22 16:26:30.947
!MESSAGE port: COM9

!ENTRY com.st.stm32cube.ide.mpu.remote.serial 1 1 2026-07-22 16:26:30.948
!MESSAGE port: COM10

!ENTRY com.st.stm32cube.ide.mpu.remote.serial 1 1 2026-07-22 16:26:30.949
!MESSAGE port: COM11

!ENTRY com.st.stm32cube.ide.mpu.remote.serial 1 1 2026-07-22 16:26:30.950
!MESSAGE port: COM12

!ENTRY com.st.stm32cube.ide.mpu.remote.serial 1 1 2026-07-22 16:26:30.951
!MESSAGE port: COM13

!ENTRY com.st.stm32cube.ide.mpu.remote.serial 1 1 2026-07-22 16:26:30.952
!MESSAGE port: COM16

!ENTRY com.st.stm32cube.ide.mpu.remote.serial 1 1 2026-07-22 16:27:02.343
!MESSAGE Executed PowerShell command powershell.exe -Command "Get-CimInstance -ClassName Win32_SerialPort | Select-Object -ExpandProperty DeviceID":
COM4
COM5
COM6
COM8
COM17
COM3
COM9
COM10
COM11
COM12
COM13
COM16


!ENTRY com.st.stm32cube.ide.mpu.remote.serial 1 1 2026-07-22 16:27:02.344
!MESSAGE port: COM4

!ENTRY com.st.stm32cube.ide.mpu.remote.serial 1 1 2026-07-22 16:27:02.345
!MESSAGE port: COM5

!ENTRY com.st.stm32cube.ide.mpu.remote.serial 1 1 2026-07-22 16:27:02.347
!MESSAGE port: COM6

!ENTRY com.st.stm32cube.ide.mpu.remote.serial 1 1 2026-07-22 16:27:02.348
!MESSAGE port: COM8

!ENTRY com.st.stm32cube.ide.mpu.remote.serial 1 1 2026-07-22 16:27:02.349
!MESSAGE port: COM17

!ENTRY com.st.stm32cube.ide.mpu.remote.serial 1 1 2026-07-22 16:27:02.350
!MESSAGE port: COM3

!ENTRY com.st.stm32cube.ide.mpu.remote.serial 1 1 2026-07-22 16:27:02.351
!MESSAGE port: COM9

!ENTRY com.st.stm32cube.ide.mpu.remote.serial 1 1 2026-07-22 16:27:02.352
!MESSAGE port: COM10

!ENTRY com.st.stm32cube.ide.mpu.remote.serial 1 1 2026-07-22 16:27:02.353
!MESSAGE port: COM11

!ENTRY com.st.stm32cube.ide.mpu.remote.serial 1 1 2026-07-22 16:27:02.354
!MESSAGE port: COM12

!ENTRY com.st.stm32cube.ide.mpu.remote.serial 1 1 2026-07-22 16:27:02.354
!MESSAGE port: COM13

!ENTRY com.st.stm32cube.ide.mpu.remote.serial 1 1 2026-07-22 16:27:02.355
!MESSAGE port: COM16

!ENTRY com.st.stm32cube.ide.mpu.remote.serial 1 1 2026-07-22 16:31:25.806
!MESSAGE Executed PowerShell command powershell.exe -Command "Get-CimInstance -ClassName Win32_SerialPort | Select-Object -ExpandProperty DeviceID":
COM4
COM5
COM6
COM8
COM17
COM3
COM9
COM10
COM11
COM12
COM13
COM16
COM7


!ENTRY com.st.stm32cube.ide.mpu.remote.serial 1 1 2026-07-22 16:31:25.808
!MESSAGE port: COM4

!ENTRY com.st.stm32cube.ide.mpu.remote.serial 1 1 2026-07-22 16:31:25.809
!MESSAGE port: COM5

!ENTRY com.st.stm32cube.ide.mpu.remote.serial 1 1 2026-07-22 16:31:25.811
!MESSAGE port: COM6

!ENTRY com.st.stm32cube.ide.mpu.remote.serial 1 1 2026-07-22 16:31:25.813
!MESSAGE port: COM8

!ENTRY com.st.stm32cube.ide.mpu.remote.serial 1 1 2026-07-22 16:31:25.814
!MESSAGE port: COM17

!ENTRY com.st.stm32cube.ide.mpu.remote.serial 1 1 2026-07-22 16:31:25.815
!MESSAGE port: COM3

!ENTRY com.st.stm32cube.ide.mpu.remote.serial 1 1 2026-07-22 16:31:25.816
!MESSAGE port: COM9

!ENTRY com.st.stm32cube.ide.mpu.remote.serial 1 1 2026-07-22 16:31:25.817
!MESSAGE port: COM10

!ENTRY com.st.stm32cube.ide.mpu.remote.serial 1 1 2026-07-22 16:31:25.817
!MESSAGE port: COM11

!ENTRY com.st.stm32cube.ide.mpu.remote.serial 1 1 2026-07-22 16:31:25.819
!MESSAGE port: COM12

!ENTRY com.st.stm32cube.ide.mpu.remote.serial 1 1 2026-07-22 16:31:25.820
!MESSAGE port: COM13

!ENTRY com.st.stm32cube.ide.mpu.remote.serial 1 1 2026-07-22 16:31:25.821
!MESSAGE port: COM16

!ENTRY com.st.stm32cube.ide.mpu.remote.serial 1 1 2026-07-22 16:31:25.822
!MESSAGE port: COM7

!ENTRY com.st.stm32cube.ide.mpu.remote.serial 1 1 2026-07-22 16:34:24.458
!MESSAGE Executed PowerShell command powershell.exe -Command "Get-CimInstance -ClassName Win32_SerialPort | Select-Object -ExpandProperty DeviceID":
COM4
COM5
COM6
COM8
COM17
COM3
COM9
COM10
COM11
COM12
COM13
COM16


!ENTRY com.st.stm32cube.ide.mpu.remote.serial 1 1 2026-07-22 16:34:24.460
!MESSAGE port: COM4

!ENTRY com.st.stm32cube.ide.mpu.remote.serial 1 1 2026-07-22 16:34:24.461
!MESSAGE port: COM5

!ENTRY com.st.stm32cube.ide.mpu.remote.serial 1 1 2026-07-22 16:34:24.462
!MESSAGE port: COM6

!ENTRY com.st.stm32cube.ide.mpu.remote.serial 1 1 2026-07-22 16:34:24.463
!MESSAGE port: COM8

!ENTRY com.st.stm32cube.ide.mpu.remote.serial 1 1 2026-07-22 16:34:24.465
!MESSAGE port: COM17

!ENTRY com.st.stm32cube.ide.mpu.remote.serial 1 1 2026-07-22 16:34:24.466
!MESSAGE port: COM3

!ENTRY com.st.stm32cube.ide.mpu.remote.serial 1 1 2026-07-22 16:34:24.468
!MESSAGE port: COM9

!ENTRY com.st.stm32cube.ide.mpu.remote.serial 1 1 2026-07-22 16:34:24.469
!MESSAGE port: COM10

!ENTRY com.st.stm32cube.ide.mpu.remote.serial 1 1 2026-07-22 16:34:24.469
!MESSAGE port: COM11

!ENTRY com.st.stm32cube.ide.mpu.remote.serial 1 1 2026-07-22 16:34:24.470
!MESSAGE port: COM12

!ENTRY com.st.stm32cube.ide.mpu.remote.serial 1 1 2026-07-22 16:34:24.471
!MESSAGE port: COM13

!ENTRY com.st.stm32cube.ide.mpu.remote.serial 1 1 2026-07-22 16:34:24.472
!MESSAGE port: COM16

!ENTRY com.st.stm32cube.ide.mpu.remote.serial 1 1 2026-07-22 17:53:58.614
!MESSAGE Executed PowerShell command powershell.exe -Command "Get-CimInstance -ClassName Win32_SerialPort | Select-Object -ExpandProperty DeviceID":
COM4
COM5
COM6
COM8
COM17
COM3
COM9
COM10
COM11
COM12
COM13
COM16


!ENTRY com.st.stm32cube.ide.mpu.remote.serial 1 1 2026-07-22 17:53:58.616
!MESSAGE port: COM4

!ENTRY com.st.stm32cube.ide.mpu.remote.serial 1 1 2026-07-22 17:53:58.617
!MESSAGE port: COM5

!ENTRY com.st.stm32cube.ide.mpu.remote.serial 1 1 2026-07-22 17:53:58.618
!MESSAGE port: COM6

!ENTRY com.st.stm32cube.ide.mpu.remote.serial 1 1 2026-07-22 17:53:58.619
!MESSAGE port: COM8

!ENTRY com.st.stm32cube.ide.mpu.remote.serial 1 1 2026-07-22 17:53:58.620
!MESSAGE port: COM17

!ENTRY com.st.stm32cube.ide.mpu.remote.serial 1 1 2026-07-22 17:53:58.621
!MESSAGE port: COM3

!ENTRY com.st.stm32cube.ide.mpu.remote.serial 1 1 2026-07-22 17:53:58.622
!MESSAGE port: COM9

!ENTRY com.st.stm32cube.ide.mpu.remote.serial 1 1 2026-07-22 17:53:58.623
!MESSAGE port: COM10

!ENTRY com.st.stm32cube.ide.mpu.remote.serial 1 1 2026-07-22 17:53:58.625
!MESSAGE port: COM11

!ENTRY com.st.stm32cube.ide.mpu.remote.serial 1 1 2026-07-22 17:53:58.626
!MESSAGE port: COM12

!ENTRY com.st.stm32cube.ide.mpu.remote.serial 1 1 2026-07-22 17:53:58.626
!MESSAGE port: COM13

!ENTRY com.st.stm32cube.ide.mpu.remote.serial 1 1 2026-07-22 17:53:58.628
!MESSAGE port: COM16

!ENTRY com.st.stm32cube.ide.mpu.remote.serial 1 1 2026-07-22 17:54:30.223
!MESSAGE Executed PowerShell command powershell.exe -Command "Get-CimInstance -ClassName Win32_SerialPort | Select-Object -ExpandProperty DeviceID":
COM4
COM5
COM6
COM8
COM17
COM3
COM9
COM10
COM11
COM12
COM13
COM16


!ENTRY com.st.stm32cube.ide.mpu.remote.serial 1 1 2026-07-22 17:54:30.224
!MESSAGE port: COM4

!ENTRY com.st.stm32cube.ide.mpu.remote.serial 1 1 2026-07-22 17:54:30.225
!MESSAGE port: COM5

!ENTRY com.st.stm32cube.ide.mpu.remote.serial 1 1 2026-07-22 17:54:30.227
!MESSAGE port: COM6

!ENTRY com.st.stm32cube.ide.mpu.remote.serial 1 1 2026-07-22 17:54:30.229
!MESSAGE port: COM8

!ENTRY com.st.stm32cube.ide.mpu.remote.serial 1 1 2026-07-22 17:54:30.230
!MESSAGE port: COM17

!ENTRY com.st.stm32cube.ide.mpu.remote.serial 1 1 2026-07-22 17:54:30.231
!MESSAGE port: COM3

!ENTRY com.st.stm32cube.ide.mpu.remote.serial 1 1 2026-07-22 17:54:30.232
!MESSAGE port: COM9

!ENTRY com.st.stm32cube.ide.mpu.remote.serial 1 1 2026-07-22 17:54:30.233
!MESSAGE port: COM10

!ENTRY com.st.stm32cube.ide.mpu.remote.serial 1 1 2026-07-22 17:54:30.234
!MESSAGE port: COM11

!ENTRY com.st.stm32cube.ide.mpu.remote.serial 1 1 2026-07-22 17:54:30.236
!MESSAGE port: COM12

!ENTRY com.st.stm32cube.ide.mpu.remote.serial 1 1 2026-07-22 17:54:30.237
!MESSAGE port: COM13

!ENTRY com.st.stm32cube.ide.mpu.remote.serial 1 1 2026-07-22 17:54:30.238
!MESSAGE port: COM16

!ENTRY com.st.stm32cube.ide.mpu.remote.serial 1 1 2026-07-22 17:59:48.212
!MESSAGE Executed PowerShell command powershell.exe -Command "Get-CimInstance -ClassName Win32_SerialPort | Select-Object -ExpandProperty DeviceID":
COM4
COM5
COM6
COM8
COM17
COM3
COM9
COM10
COM11
COM12
COM13
COM16
COM7


!ENTRY com.st.stm32cube.ide.mpu.remote.serial 1 1 2026-07-22 17:59:48.215
!MESSAGE port: COM4

!ENTRY com.st.stm32cube.ide.mpu.remote.serial 1 1 2026-07-22 17:59:48.215
!MESSAGE port: COM5

!ENTRY com.st.stm32cube.ide.mpu.remote.serial 1 1 2026-07-22 17:59:48.217
!MESSAGE port: COM6

!ENTRY com.st.stm32cube.ide.mpu.remote.serial 1 1 2026-07-22 17:59:48.219
!MESSAGE port: COM8

!ENTRY com.st.stm32cube.ide.mpu.remote.serial 1 1 2026-07-22 17:59:48.219
!MESSAGE port: COM17

!ENTRY com.st.stm32cube.ide.mpu.remote.serial 1 1 2026-07-22 17:59:48.221
!MESSAGE port: COM3

!ENTRY com.st.stm32cube.ide.mpu.remote.serial 1 1 2026-07-22 17:59:48.221
!MESSAGE port: COM9

!ENTRY com.st.stm32cube.ide.mpu.remote.serial 1 1 2026-07-22 17:59:48.224
!MESSAGE port: COM10

!ENTRY com.st.stm32cube.ide.mpu.remote.serial 1 1 2026-07-22 17:59:48.226
!MESSAGE port: COM11

!ENTRY com.st.stm32cube.ide.mpu.remote.serial 1 1 2026-07-22 17:59:48.226
!MESSAGE port: COM12

!ENTRY com.st.stm32cube.ide.mpu.remote.serial 1 1 2026-07-22 17:59:48.228
!MESSAGE port: COM13

!ENTRY com.st.stm32cube.ide.mpu.remote.serial 1 1 2026-07-22 17:59:48.230
!MESSAGE port: COM16

!ENTRY com.st.stm32cube.ide.mpu.remote.serial 1 1 2026-07-22 17:59:48.230
!MESSAGE port: COM7

!ENTRY com.st.stm32cube.ide.mpu.remote.serial 1 1 2026-07-22 18:00:33.728
!MESSAGE Executed PowerShell command powershell.exe -Command "Get-CimInstance -ClassName Win32_SerialPort | Select-Object -ExpandProperty DeviceID":
COM4
COM5
COM6
COM8
COM17
COM3
COM9
COM10
COM11
COM12
COM13
COM16


!ENTRY com.st.stm32cube.ide.mpu.remote.serial 1 1 2026-07-22 18:00:33.728
!MESSAGE port: COM4

!ENTRY com.st.stm32cube.ide.mpu.remote.serial 1 1 2026-07-22 18:00:33.730
!MESSAGE port: COM5

!ENTRY com.st.stm32cube.ide.mpu.remote.serial 1 1 2026-07-22 18:00:33.730
!MESSAGE port: COM6

!ENTRY com.st.stm32cube.ide.mpu.remote.serial 1 1 2026-07-22 18:00:33.733
!MESSAGE port: COM8

!ENTRY com.st.stm32cube.ide.mpu.remote.serial 1 1 2026-07-22 18:00:33.733
!MESSAGE port: COM17

!ENTRY com.st.stm32cube.ide.mpu.remote.serial 1 1 2026-07-22 18:00:33.735
!MESSAGE port: COM3

!ENTRY com.st.stm32cube.ide.mpu.remote.serial 1 1 2026-07-22 18:00:33.737
!MESSAGE port: COM9

!ENTRY com.st.stm32cube.ide.mpu.remote.serial 1 1 2026-07-22 18:00:33.737
!MESSAGE port: COM10

!ENTRY com.st.stm32cube.ide.mpu.remote.serial 1 1 2026-07-22 18:00:33.739
!MESSAGE port: COM11

!ENTRY com.st.stm32cube.ide.mpu.remote.serial 1 1 2026-07-22 18:00:33.740
!MESSAGE port: COM12

!ENTRY com.st.stm32cube.ide.mpu.remote.serial 1 1 2026-07-22 18:00:33.741
!MESSAGE port: COM13

!ENTRY com.st.stm32cube.ide.mpu.remote.serial 1 1 2026-07-22 18:00:33.743
!MESSAGE port: COM16

!ENTRY com.st.stm32cube.ide.mpu.remote.serial 1 1 2026-07-22 18:01:11.086
!MESSAGE Executed PowerShell command powershell.exe -Command "Get-CimInstance -ClassName Win32_SerialPort | Select-Object -ExpandProperty DeviceID":
COM4
COM5
COM6
COM8
COM17
COM3
COM9
COM10
COM11
COM12
COM13
COM16
COM7


!ENTRY com.st.stm32cube.ide.mpu.remote.serial 1 1 2026-07-22 18:01:11.088
!MESSAGE port: COM4

!ENTRY com.st.stm32cube.ide.mpu.remote.serial 1 1 2026-07-22 18:01:11.089
!MESSAGE port: COM5

!ENTRY com.st.stm32cube.ide.mpu.remote.serial 1 1 2026-07-22 18:01:11.090
!MESSAGE port: COM6

!ENTRY com.st.stm32cube.ide.mpu.remote.serial 1 1 2026-07-22 18:01:11.092
!MESSAGE port: COM8

!ENTRY com.st.stm32cube.ide.mpu.remote.serial 1 1 2026-07-22 18:01:11.093
!MESSAGE port: COM17

!ENTRY com.st.stm32cube.ide.mpu.remote.serial 1 1 2026-07-22 18:01:11.094
!MESSAGE port: COM3

!ENTRY com.st.stm32cube.ide.mpu.remote.serial 1 1 2026-07-22 18:01:11.095
!MESSAGE port: COM9

!ENTRY com.st.stm32cube.ide.mpu.remote.serial 1 1 2026-07-22 18:01:11.096
!MESSAGE port: COM10

!ENTRY com.st.stm32cube.ide.mpu.remote.serial 1 1 2026-07-22 18:01:11.097
!MESSAGE port: COM11

!ENTRY com.st.stm32cube.ide.mpu.remote.serial 1 1 2026-07-22 18:01:11.100
!MESSAGE port: COM12

!ENTRY com.st.stm32cube.ide.mpu.remote.serial 1 1 2026-07-22 18:01:11.101
!MESSAGE port: COM13

!ENTRY com.st.stm32cube.ide.mpu.remote.serial 1 1 2026-07-22 18:01:11.102
!MESSAGE port: COM16

!ENTRY com.st.stm32cube.ide.mpu.remote.serial 1 1 2026-07-22 18:01:11.103
!MESSAGE port: COM7

!ENTRY com.st.stm32cube.ide.mpu.remote.serial 1 1 2026-07-22 18:02:08.360
!MESSAGE Executed PowerShell command powershell.exe -Command "Get-CimInstance -ClassName Win32_SerialPort | Select-Object -ExpandProperty DeviceID":
COM4
COM5
COM6
COM8
COM17
COM3
COM9
COM10
COM11
COM12
COM13
COM16


!ENTRY com.st.stm32cube.ide.mpu.remote.serial 1 1 2026-07-22 18:02:08.362
!MESSAGE port: COM4

!ENTRY com.st.stm32cube.ide.mpu.remote.serial 1 1 2026-07-22 18:02:08.363
!MESSAGE port: COM5

!ENTRY com.st.stm32cube.ide.mpu.remote.serial 1 1 2026-07-22 18:02:08.364
!MESSAGE port: COM6

!ENTRY com.st.stm32cube.ide.mpu.remote.serial 1 1 2026-07-22 18:02:08.366
!MESSAGE port: COM8

!ENTRY com.st.stm32cube.ide.mpu.remote.serial 1 1 2026-07-22 18:02:08.368
!MESSAGE port: COM17

!ENTRY com.st.stm32cube.ide.mpu.remote.serial 1 1 2026-07-22 18:02:08.369
!MESSAGE port: COM3

!ENTRY com.st.stm32cube.ide.mpu.remote.serial 1 1 2026-07-22 18:02:08.371
!MESSAGE port: COM9

!ENTRY com.st.stm32cube.ide.mpu.remote.serial 1 1 2026-07-22 18:02:08.372
!MESSAGE port: COM10

!ENTRY com.st.stm32cube.ide.mpu.remote.serial 1 1 2026-07-22 18:02:08.374
!MESSAGE port: COM11

!ENTRY com.st.stm32cube.ide.mpu.remote.serial 1 1 2026-07-22 18:02:08.375
!MESSAGE port: COM12

!ENTRY com.st.stm32cube.ide.mpu.remote.serial 1 1 2026-07-22 18:02:08.376
!MESSAGE port: COM13

!ENTRY com.st.stm32cube.ide.mpu.remote.serial 1 1 2026-07-22 18:02:08.378
!MESSAGE port: COM16

!ENTRY org.eclipse.cdt.ui 4 0 2026-07-22 18:07:27.865
!MESSAGE Error in CDT UI during reconcile
!STACK 1
C Model Exception: C Model Status [Element hub75.c does not exist.]
	at org.eclipse.cdt.internal.core.model.CElement.newNotPresentException(CElement.java:489)
	at org.eclipse.cdt.internal.core.model.TranslationUnit.makeConsistent(TranslationUnit.java:583)
	at org.eclipse.cdt.internal.core.model.ReconcileWorkingCopyOperation.executeOperation(ReconcileWorkingCopyOperation.java:65)
	at org.eclipse.cdt.internal.core.model.CModelOperation.execute(CModelOperation.java:346)
	at org.eclipse.cdt.internal.core.model.CModelOperation.run(CModelOperation.java:613)
	at org.eclipse.cdt.internal.core.model.CModelOperation.runOperation(CModelOperation.java:641)
	at org.eclipse.cdt.internal.core.model.WorkingCopy.reconcile(WorkingCopy.java:365)
	at org.eclipse.cdt.internal.ui.text.CReconcilingStrategy.reconcile(CReconcilingStrategy.java:79)
	at org.eclipse.cdt.internal.ui.text.CReconcilingStrategy.reconcile(CReconcilingStrategy.java:64)
	at org.eclipse.cdt.internal.ui.text.CompositeReconcilingStrategy.reconcile(CompositeReconcilingStrategy.java:89)
	at org.eclipse.cdt.internal.ui.text.CCompositeReconcilingStrategy.reconcile(CCompositeReconcilingStrategy.java:90)
	at org.eclipse.jface.text.reconciler.MonoReconciler.process(MonoReconciler.java:77)
	at org.eclipse.cdt.internal.ui.text.CReconciler.process(CReconciler.java:346)
	at org.eclipse.jface.text.reconciler.AbstractReconciler$BackgroundWorker.run(AbstractReconciler.java:201)
	at java.base/java.lang.Thread.run(Thread.java:1583)
!SUBENTRY 1 org.eclipse.cdt.core 4 969 2026-07-22 18:07:27.877
!MESSAGE Element hub75.c does not exist.

!ENTRY com.st.stm32cube.ide.mpu.remote.serial 1 1 2026-07-22 18:54:39.317
!MESSAGE Executed PowerShell command powershell.exe -Command "Get-CimInstance -ClassName Win32_SerialPort | Select-Object -ExpandProperty DeviceID":
COM4
COM5
COM6
COM8
COM17
COM3
COM9
COM10
COM11
COM12
COM13
COM16
COM7


!ENTRY com.st.stm32cube.ide.mpu.remote.serial 1 1 2026-07-22 18:54:39.321
!MESSAGE port: COM4

!ENTRY com.st.stm32cube.ide.mpu.remote.serial 1 1 2026-07-22 18:54:39.323
!MESSAGE port: COM5

!ENTRY com.st.stm32cube.ide.mpu.remote.serial 1 1 2026-07-22 18:54:39.324
!MESSAGE port: COM6

!ENTRY com.st.stm32cube.ide.mpu.remote.serial 1 1 2026-07-22 18:54:39.325
!MESSAGE port: COM8

!ENTRY com.st.stm32cube.ide.mpu.remote.serial 1 1 2026-07-22 18:54:39.327
!MESSAGE port: COM17

!ENTRY com.st.stm32cube.ide.mpu.remote.serial 1 1 2026-07-22 18:54:39.328
!MESSAGE port: COM3

!ENTRY com.st.stm32cube.ide.mpu.remote.serial 1 1 2026-07-22 18:54:39.329
!MESSAGE port: COM9

!ENTRY com.st.stm32cube.ide.mpu.remote.serial 1 1 2026-07-22 18:54:39.332
!MESSAGE port: COM10

!ENTRY com.st.stm32cube.ide.mpu.remote.serial 1 1 2026-07-22 18:54:39.333
!MESSAGE port: COM11

!ENTRY com.st.stm32cube.ide.mpu.remote.serial 1 1 2026-07-22 18:54:39.333
!MESSAGE port: COM12

!ENTRY com.st.stm32cube.ide.mpu.remote.serial 1 1 2026-07-22 18:54:39.335
!MESSAGE port: COM13

!ENTRY com.st.stm32cube.ide.mpu.remote.serial 1 1 2026-07-22 18:54:39.336
!MESSAGE port: COM16

!ENTRY com.st.stm32cube.ide.mpu.remote.serial 1 1 2026-07-22 18:54:39.338
!MESSAGE port: COM7

!ENTRY com.st.stm32cube.ide.mpu.remote.serial 1 1 2026-07-22 19:12:46.305
!MESSAGE Executed PowerShell command powershell.exe -Command "Get-CimInstance -ClassName Win32_SerialPort | Select-Object -ExpandProperty DeviceID":
COM4
COM5
COM6
COM8
COM17
COM3
COM9
COM10
COM11
COM12
COM13
COM16


!ENTRY com.st.stm32cube.ide.mpu.remote.serial 1 1 2026-07-22 19:12:46.308
!MESSAGE port: COM4

!ENTRY com.st.stm32cube.ide.mpu.remote.serial 1 1 2026-07-22 19:12:46.309
!MESSAGE port: COM5

!ENTRY com.st.stm32cube.ide.mpu.remote.serial 1 1 2026-07-22 19:12:46.311
!MESSAGE port: COM6

!ENTRY com.st.stm32cube.ide.mpu.remote.serial 1 1 2026-07-22 19:12:46.313
!MESSAGE port: COM8

!ENTRY com.st.stm32cube.ide.mpu.remote.serial 1 1 2026-07-22 19:12:46.314
!MESSAGE port: COM17

!ENTRY com.st.stm32cube.ide.mpu.remote.serial 1 1 2026-07-22 19:12:46.316
!MESSAGE port: COM3

!ENTRY com.st.stm32cube.ide.mpu.remote.serial 1 1 2026-07-22 19:12:46.318
!MESSAGE port: COM9

!ENTRY com.st.stm32cube.ide.mpu.remote.serial 1 1 2026-07-22 19:12:46.319
!MESSAGE port: COM10

!ENTRY com.st.stm32cube.ide.mpu.remote.serial 1 1 2026-07-22 19:12:46.321
!MESSAGE port: COM11

!ENTRY com.st.stm32cube.ide.mpu.remote.serial 1 1 2026-07-22 19:12:46.323
!MESSAGE port: COM12

!ENTRY com.st.stm32cube.ide.mpu.remote.serial 1 1 2026-07-22 19:12:46.325
!MESSAGE port: COM13

!ENTRY com.st.stm32cube.ide.mpu.remote.serial 1 1 2026-07-22 19:12:46.327
!MESSAGE port: COM16

!ENTRY com.st.stm32cube.ide.mpu.remote.serial 1 1 2026-07-22 19:19:33.478
!MESSAGE Executed PowerShell command powershell.exe -Command "Get-CimInstance -ClassName Win32_SerialPort | Select-Object -ExpandProperty DeviceID":
COM4
COM5
COM6
COM8
COM17
COM3
COM9
COM10
COM11
COM12
COM13
COM16
COM7


!ENTRY com.st.stm32cube.ide.mpu.remote.serial 1 1 2026-07-22 19:19:33.480
!MESSAGE port: COM4

!ENTRY com.st.stm32cube.ide.mpu.remote.serial 1 1 2026-07-22 19:19:33.481
!MESSAGE port: COM5

!ENTRY com.st.stm32cube.ide.mpu.remote.serial 1 1 2026-07-22 19:19:33.481
!MESSAGE port: COM6

!ENTRY com.st.stm32cube.ide.mpu.remote.serial 1 1 2026-07-22 19:19:33.482
!MESSAGE port: COM8

!ENTRY com.st.stm32cube.ide.mpu.remote.serial 1 1 2026-07-22 19:19:33.482
!MESSAGE port: COM17

!ENTRY com.st.stm32cube.ide.mpu.remote.serial 1 1 2026-07-22 19:19:33.484
!MESSAGE port: COM3

!ENTRY com.st.stm32cube.ide.mpu.remote.serial 1 1 2026-07-22 19:19:33.484
!MESSAGE port: COM9

!ENTRY com.st.stm32cube.ide.mpu.remote.serial 1 1 2026-07-22 19:19:33.485
!MESSAGE port: COM10

!ENTRY com.st.stm32cube.ide.mpu.remote.serial 1 1 2026-07-22 19:19:33.485
!MESSAGE port: COM11

!ENTRY com.st.stm32cube.ide.mpu.remote.serial 1 1 2026-07-22 19:19:33.486
!MESSAGE port: COM12

!ENTRY com.st.stm32cube.ide.mpu.remote.serial 1 1 2026-07-22 19:19:33.486
!MESSAGE port: COM13

!ENTRY com.st.stm32cube.ide.mpu.remote.serial 1 1 2026-07-22 19:19:33.487
!MESSAGE port: COM16

!ENTRY com.st.stm32cube.ide.mpu.remote.serial 1 1 2026-07-22 19:19:33.487
!MESSAGE port: COM7

!ENTRY com.st.stm32cube.ide.mpu.remote.serial 1 1 2026-07-22 19:20:40.059
!MESSAGE Executed PowerShell command powershell.exe -Command "Get-CimInstance -ClassName Win32_SerialPort | Select-Object -ExpandProperty DeviceID":
COM4
COM5
COM6
COM8
COM17
COM3
COM9
COM10
COM11
COM12
COM13
COM16


!ENTRY com.st.stm32cube.ide.mpu.remote.serial 1 1 2026-07-22 19:20:40.060
!MESSAGE port: COM4

!ENTRY com.st.stm32cube.ide.mpu.remote.serial 1 1 2026-07-22 19:20:40.061
!MESSAGE port: COM5

!ENTRY com.st.stm32cube.ide.mpu.remote.serial 1 1 2026-07-22 19:20:40.062
!MESSAGE port: COM6

!ENTRY com.st.stm32cube.ide.mpu.remote.serial 1 1 2026-07-22 19:20:40.063
!MESSAGE port: COM8

!ENTRY com.st.stm32cube.ide.mpu.remote.serial 1 1 2026-07-22 19:20:40.064
!MESSAGE port: COM17

!ENTRY com.st.stm32cube.ide.mpu.remote.serial 1 1 2026-07-22 19:20:40.064
!MESSAGE port: COM3

!ENTRY com.st.stm32cube.ide.mpu.remote.serial 1 1 2026-07-22 19:20:40.065
!MESSAGE port: COM9

!ENTRY com.st.stm32cube.ide.mpu.remote.serial 1 1 2026-07-22 19:20:40.066
!MESSAGE port: COM10

!ENTRY com.st.stm32cube.ide.mpu.remote.serial 1 1 2026-07-22 19:20:40.066
!MESSAGE port: COM11

!ENTRY com.st.stm32cube.ide.mpu.remote.serial 1 1 2026-07-22 19:20:40.067
!MESSAGE port: COM12

!ENTRY com.st.stm32cube.ide.mpu.remote.serial 1 1 2026-07-22 19:20:40.068
!MESSAGE port: COM13

!ENTRY com.st.stm32cube.ide.mpu.remote.serial 1 1 2026-07-22 19:20:40.068
!MESSAGE port: COM16

!ENTRY com.st.stm32cube.ide.mpu.remote.serial 1 1 2026-07-22 19:26:33.345
!MESSAGE Executed PowerShell command powershell.exe -Command "Get-CimInstance -ClassName Win32_SerialPort | Select-Object -ExpandProperty DeviceID":
COM4
COM5
COM6
COM8
COM17
COM3
COM9
COM10
COM11
COM12
COM13
COM16


!ENTRY com.st.stm32cube.ide.mpu.remote.serial 1 1 2026-07-22 19:26:33.346
!MESSAGE port: COM4

!ENTRY com.st.stm32cube.ide.mpu.remote.serial 1 1 2026-07-22 19:26:33.346
!MESSAGE port: COM5

!ENTRY com.st.stm32cube.ide.mpu.remote.serial 1 1 2026-07-22 19:26:33.347
!MESSAGE port: COM6

!ENTRY com.st.stm32cube.ide.mpu.remote.serial 1 1 2026-07-22 19:26:33.349
!MESSAGE port: COM8

!ENTRY com.st.stm32cube.ide.mpu.remote.serial 1 1 2026-07-22 19:26:33.350
!MESSAGE port: COM17

!ENTRY com.st.stm32cube.ide.mpu.remote.serial 1 1 2026-07-22 19:26:33.350
!MESSAGE port: COM3

!ENTRY com.st.stm32cube.ide.mpu.remote.serial 1 1 2026-07-22 19:26:33.351
!MESSAGE port: COM9

!ENTRY com.st.stm32cube.ide.mpu.remote.serial 1 1 2026-07-22 19:26:33.351
!MESSAGE port: COM10

!ENTRY com.st.stm32cube.ide.mpu.remote.serial 1 1 2026-07-22 19:26:33.353
!MESSAGE port: COM11

!ENTRY com.st.stm32cube.ide.mpu.remote.serial 1 1 2026-07-22 19:26:33.353
!MESSAGE port: COM12

!ENTRY com.st.stm32cube.ide.mpu.remote.serial 1 1 2026-07-22 19:26:33.354
!MESSAGE port: COM13

!ENTRY com.st.stm32cube.ide.mpu.remote.serial 1 1 2026-07-22 19:26:33.354
!MESSAGE port: COM16

!ENTRY com.st.stm32cube.ide.mpu.remote.serial 1 1 2026-07-22 19:27:04.611
!MESSAGE Executed PowerShell command powershell.exe -Command "Get-CimInstance -ClassName Win32_SerialPort | Select-Object -ExpandProperty DeviceID":
COM4
COM5
COM6
COM8
COM17
COM3
COM9
COM10
COM11
COM12
COM13
COM16


!ENTRY com.st.stm32cube.ide.mpu.remote.serial 1 1 2026-07-22 19:27:04.612
!MESSAGE port: COM4

!ENTRY com.st.stm32cube.ide.mpu.remote.serial 1 1 2026-07-22 19:27:04.613
!MESSAGE port: COM5

!ENTRY com.st.stm32cube.ide.mpu.remote.serial 1 1 2026-07-22 19:27:04.613
!MESSAGE port: COM6

!ENTRY com.st.stm32cube.ide.mpu.remote.serial 1 1 2026-07-22 19:27:04.614
!MESSAGE port: COM8

!ENTRY com.st.stm32cube.ide.mpu.remote.serial 1 1 2026-07-22 19:27:04.615
!MESSAGE port: COM17

!ENTRY com.st.stm32cube.ide.mpu.remote.serial 1 1 2026-07-22 19:27:04.615
!MESSAGE port: COM3

!ENTRY com.st.stm32cube.ide.mpu.remote.serial 1 1 2026-07-22 19:27:04.616
!MESSAGE port: COM9

!ENTRY com.st.stm32cube.ide.mpu.remote.serial 1 1 2026-07-22 19:27:04.618
!MESSAGE port: COM10

!ENTRY com.st.stm32cube.ide.mpu.remote.serial 1 1 2026-07-22 19:27:04.618
!MESSAGE port: COM11

!ENTRY com.st.stm32cube.ide.mpu.remote.serial 1 1 2026-07-22 19:27:04.619
!MESSAGE port: COM12

!ENTRY com.st.stm32cube.ide.mpu.remote.serial 1 1 2026-07-22 19:27:04.620
!MESSAGE port: COM13

!ENTRY com.st.stm32cube.ide.mpu.remote.serial 1 1 2026-07-22 19:27:04.621
!MESSAGE port: COM16

!ENTRY com.st.stm32cube.ide.mpu.remote.serial 1 1 2026-07-22 19:33:13.543
!MESSAGE Executed PowerShell command powershell.exe -Command "Get-CimInstance -ClassName Win32_SerialPort | Select-Object -ExpandProperty DeviceID":
COM4
COM5
COM6
COM8
COM17
COM3
COM9
COM10
COM11
COM12
COM13
COM16
COM7


!ENTRY com.st.stm32cube.ide.mpu.remote.serial 1 1 2026-07-22 19:33:13.544
!MESSAGE port: COM4

!ENTRY com.st.stm32cube.ide.mpu.remote.serial 1 1 2026-07-22 19:33:13.546
!MESSAGE port: COM5

!ENTRY com.st.stm32cube.ide.mpu.remote.serial 1 1 2026-07-22 19:33:13.547
!MESSAGE port: COM6

!ENTRY com.st.stm32cube.ide.mpu.remote.serial 1 1 2026-07-22 19:33:13.548
!MESSAGE port: COM8

!ENTRY com.st.stm32cube.ide.mpu.remote.serial 1 1 2026-07-22 19:33:13.548
!MESSAGE port: COM17

!ENTRY com.st.stm32cube.ide.mpu.remote.serial 1 1 2026-07-22 19:33:13.549
!MESSAGE port: COM3

!ENTRY com.st.stm32cube.ide.mpu.remote.serial 1 1 2026-07-22 19:33:13.550
!MESSAGE port: COM9

!ENTRY com.st.stm32cube.ide.mpu.remote.serial 1 1 2026-07-22 19:33:13.551
!MESSAGE port: COM10

!ENTRY com.st.stm32cube.ide.mpu.remote.serial 1 1 2026-07-22 19:33:13.551
!MESSAGE port: COM11

!ENTRY com.st.stm32cube.ide.mpu.remote.serial 1 1 2026-07-22 19:33:13.552
!MESSAGE port: COM12

!ENTRY com.st.stm32cube.ide.mpu.remote.serial 1 1 2026-07-22 19:33:13.552
!MESSAGE port: COM13

!ENTRY com.st.stm32cube.ide.mpu.remote.serial 1 1 2026-07-22 19:33:13.553
!MESSAGE port: COM16

!ENTRY com.st.stm32cube.ide.mpu.remote.serial 1 1 2026-07-22 19:33:13.554
!MESSAGE port: COM7

!ENTRY com.st.stm32cube.ide.mpu.remote.serial 1 1 2026-07-22 19:38:04.112
!MESSAGE Executed PowerShell command powershell.exe -Command "Get-CimInstance -ClassName Win32_SerialPort | Select-Object -ExpandProperty DeviceID":
COM4
COM5
COM6
COM8
COM17
COM3
COM9
COM10
COM11
COM12
COM13
COM16


!ENTRY com.st.stm32cube.ide.mpu.remote.serial 1 1 2026-07-22 19:38:04.113
!MESSAGE port: COM4

!ENTRY com.st.stm32cube.ide.mpu.remote.serial 1 1 2026-07-22 19:38:04.114
!MESSAGE port: COM5

!ENTRY com.st.stm32cube.ide.mpu.remote.serial 1 1 2026-07-22 19:38:04.115
!MESSAGE port: COM6

!ENTRY com.st.stm32cube.ide.mpu.remote.serial 1 1 2026-07-22 19:38:04.115
!MESSAGE port: COM8

!ENTRY com.st.stm32cube.ide.mpu.remote.serial 1 1 2026-07-22 19:38:04.116
!MESSAGE port: COM17

!ENTRY com.st.stm32cube.ide.mpu.remote.serial 1 1 2026-07-22 19:38:04.116
!MESSAGE port: COM3

!ENTRY com.st.stm32cube.ide.mpu.remote.serial 1 1 2026-07-22 19:38:04.118
!MESSAGE port: COM9

!ENTRY com.st.stm32cube.ide.mpu.remote.serial 1 1 2026-07-22 19:38:04.118
!MESSAGE port: COM10

!ENTRY com.st.stm32cube.ide.mpu.remote.serial 1 1 2026-07-22 19:38:04.119
!MESSAGE port: COM11

!ENTRY com.st.stm32cube.ide.mpu.remote.serial 1 1 2026-07-22 19:38:04.119
!MESSAGE port: COM12

!ENTRY com.st.stm32cube.ide.mpu.remote.serial 1 1 2026-07-22 19:38:04.120
!MESSAGE port: COM13

!ENTRY com.st.stm32cube.ide.mpu.remote.serial 1 1 2026-07-22 19:38:04.120
!MESSAGE port: COM16

!ENTRY com.st.stm32cube.ide.mpu.remote.serial 1 1 2026-07-22 19:40:50.302
!MESSAGE Executed PowerShell command powershell.exe -Command "Get-CimInstance -ClassName Win32_SerialPort | Select-Object -ExpandProperty DeviceID":
COM4
COM5
COM6
COM8
COM17
COM3
COM9
COM10
COM11
COM12
COM13
COM16
COM7


!ENTRY com.st.stm32cube.ide.mpu.remote.serial 1 1 2026-07-22 19:40:50.303
!MESSAGE port: COM4

!ENTRY com.st.stm32cube.ide.mpu.remote.serial 1 1 2026-07-22 19:40:50.304
!MESSAGE port: COM5

!ENTRY com.st.stm32cube.ide.mpu.remote.serial 1 1 2026-07-22 19:40:50.305
!MESSAGE port: COM6

!ENTRY com.st.stm32cube.ide.mpu.remote.serial 1 1 2026-07-22 19:40:50.305
!MESSAGE port: COM8

!ENTRY com.st.stm32cube.ide.mpu.remote.serial 1 1 2026-07-22 19:40:50.306
!MESSAGE port: COM17

!ENTRY com.st.stm32cube.ide.mpu.remote.serial 1 1 2026-07-22 19:40:50.306
!MESSAGE port: COM3

!ENTRY com.st.stm32cube.ide.mpu.remote.serial 1 1 2026-07-22 19:40:50.307
!MESSAGE port: COM9

!ENTRY com.st.stm32cube.ide.mpu.remote.serial 1 1 2026-07-22 19:40:50.307
!MESSAGE port: COM10

!ENTRY com.st.stm32cube.ide.mpu.remote.serial 1 1 2026-07-22 19:40:50.308
!MESSAGE port: COM11

!ENTRY com.st.stm32cube.ide.mpu.remote.serial 1 1 2026-07-22 19:40:50.308
!MESSAGE port: COM12

!ENTRY com.st.stm32cube.ide.mpu.remote.serial 1 1 2026-07-22 19:40:50.310
!MESSAGE port: COM13

!ENTRY com.st.stm32cube.ide.mpu.remote.serial 1 1 2026-07-22 19:40:50.310
!MESSAGE port: COM16

!ENTRY com.st.stm32cube.ide.mpu.remote.serial 1 1 2026-07-22 19:40:50.311
!MESSAGE port: COM7

!ENTRY com.st.stm32cube.ide.mpu.remote.serial 1 1 2026-07-22 19:41:52.796
!MESSAGE Executed PowerShell command powershell.exe -Command "Get-CimInstance -ClassName Win32_SerialPort | Select-Object -ExpandProperty DeviceID":
COM4
COM5
COM6
COM8
COM17
COM3
COM9
COM10
COM11
COM12
COM13
COM16


!ENTRY com.st.stm32cube.ide.mpu.remote.serial 1 1 2026-07-22 19:41:52.797
!MESSAGE port: COM4

!ENTRY com.st.stm32cube.ide.mpu.remote.serial 1 1 2026-07-22 19:41:52.798
!MESSAGE port: COM5

!ENTRY com.st.stm32cube.ide.mpu.remote.serial 1 1 2026-07-22 19:41:52.798
!MESSAGE port: COM6

!ENTRY com.st.stm32cube.ide.mpu.remote.serial 1 1 2026-07-22 19:41:52.800
!MESSAGE port: COM8

!ENTRY com.st.stm32cube.ide.mpu.remote.serial 1 1 2026-07-22 19:41:52.801
!MESSAGE port: COM17

!ENTRY com.st.stm32cube.ide.mpu.remote.serial 1 1 2026-07-22 19:41:52.802
!MESSAGE port: COM3

!ENTRY com.st.stm32cube.ide.mpu.remote.serial 1 1 2026-07-22 19:41:52.805
!MESSAGE port: COM9

!ENTRY com.st.stm32cube.ide.mpu.remote.serial 1 1 2026-07-22 19:41:52.806
!MESSAGE port: COM10

!ENTRY com.st.stm32cube.ide.mpu.remote.serial 1 1 2026-07-22 19:41:52.807
!MESSAGE port: COM11

!ENTRY com.st.stm32cube.ide.mpu.remote.serial 1 1 2026-07-22 19:41:52.808
!MESSAGE port: COM12

!ENTRY com.st.stm32cube.ide.mpu.remote.serial 1 1 2026-07-22 19:41:52.810
!MESSAGE port: COM13

!ENTRY com.st.stm32cube.ide.mpu.remote.serial 1 1 2026-07-22 19:41:52.811
!MESSAGE port: COM16

!ENTRY com.st.stm32cube.ide.mpu.remote.serial 1 1 2026-07-22 19:43:59.793
!MESSAGE Executed PowerShell command powershell.exe -Command "Get-CimInstance -ClassName Win32_SerialPort | Select-Object -ExpandProperty DeviceID":
COM4
COM5
COM6
COM8
COM17
COM3
COM9
COM10
COM11
COM12
COM13
COM16


!ENTRY com.st.stm32cube.ide.mpu.remote.serial 1 1 2026-07-22 19:43:59.794
!MESSAGE port: COM4

!ENTRY com.st.stm32cube.ide.mpu.remote.serial 1 1 2026-07-22 19:43:59.795
!MESSAGE port: COM5

!ENTRY com.st.stm32cube.ide.mpu.remote.serial 1 1 2026-07-22 19:43:59.797
!MESSAGE port: COM6

!ENTRY com.st.stm32cube.ide.mpu.remote.serial 1 1 2026-07-22 19:43:59.798
!MESSAGE port: COM8

!ENTRY com.st.stm32cube.ide.mpu.remote.serial 1 1 2026-07-22 19:43:59.799
!MESSAGE port: COM17

!ENTRY com.st.stm32cube.ide.mpu.remote.serial 1 1 2026-07-22 19:43:59.800
!MESSAGE port: COM3

!ENTRY com.st.stm32cube.ide.mpu.remote.serial 1 1 2026-07-22 19:43:59.800
!MESSAGE port: COM9

!ENTRY com.st.stm32cube.ide.mpu.remote.serial 1 1 2026-07-22 19:43:59.801
!MESSAGE port: COM10

!ENTRY com.st.stm32cube.ide.mpu.remote.serial 1 1 2026-07-22 19:43:59.801
!MESSAGE port: COM11

!ENTRY com.st.stm32cube.ide.mpu.remote.serial 1 1 2026-07-22 19:43:59.802
!MESSAGE port: COM12

!ENTRY com.st.stm32cube.ide.mpu.remote.serial 1 1 2026-07-22 19:43:59.804
!MESSAGE port: COM13

!ENTRY com.st.stm32cube.ide.mpu.remote.serial 1 1 2026-07-22 19:43:59.804
!MESSAGE port: COM16

!ENTRY com.st.stm32cube.ide.mpu.remote.serial 1 1 2026-07-22 19:44:31.272
!MESSAGE Executed PowerShell command powershell.exe -Command "Get-CimInstance -ClassName Win32_SerialPort | Select-Object -ExpandProperty DeviceID":
COM4
COM5
COM6
COM8
COM17
COM3
COM9
COM10
COM11
COM12
COM13
COM16


!ENTRY com.st.stm32cube.ide.mpu.remote.serial 1 1 2026-07-22 19:44:31.273
!MESSAGE port: COM4

!ENTRY com.st.stm32cube.ide.mpu.remote.serial 1 1 2026-07-22 19:44:31.273
!MESSAGE port: COM5

!ENTRY com.st.stm32cube.ide.mpu.remote.serial 1 1 2026-07-22 19:44:31.274
!MESSAGE port: COM6

!ENTRY com.st.stm32cube.ide.mpu.remote.serial 1 1 2026-07-22 19:44:31.275
!MESSAGE port: COM8

!ENTRY com.st.stm32cube.ide.mpu.remote.serial 1 1 2026-07-22 19:44:31.276
!MESSAGE port: COM17

!ENTRY com.st.stm32cube.ide.mpu.remote.serial 1 1 2026-07-22 19:44:31.277
!MESSAGE port: COM3

!ENTRY com.st.stm32cube.ide.mpu.remote.serial 1 1 2026-07-22 19:44:31.279
!MESSAGE port: COM9

!ENTRY com.st.stm32cube.ide.mpu.remote.serial 1 1 2026-07-22 19:44:31.279
!MESSAGE port: COM10

!ENTRY com.st.stm32cube.ide.mpu.remote.serial 1 1 2026-07-22 19:44:31.281
!MESSAGE port: COM11

!ENTRY com.st.stm32cube.ide.mpu.remote.serial 1 1 2026-07-22 19:44:31.282
!MESSAGE port: COM12

!ENTRY com.st.stm32cube.ide.mpu.remote.serial 1 1 2026-07-22 19:44:31.283
!MESSAGE port: COM13

!ENTRY com.st.stm32cube.ide.mpu.remote.serial 1 1 2026-07-22 19:44:31.284
!MESSAGE port: COM16

!ENTRY com.st.stm32cube.ide.mpu.remote.serial 1 1 2026-07-22 19:52:35.819
!MESSAGE Executed PowerShell command powershell.exe -Command "Get-CimInstance -ClassName Win32_SerialPort | Select-Object -ExpandProperty DeviceID":
COM4
COM5
COM6
COM8
COM17
COM3
COM9
COM10
COM11
COM12
COM13
COM16
COM7


!ENTRY com.st.stm32cube.ide.mpu.remote.serial 1 1 2026-07-22 19:52:35.821
!MESSAGE port: COM4

!ENTRY com.st.stm32cube.ide.mpu.remote.serial 1 1 2026-07-22 19:52:35.822
!MESSAGE port: COM5

!ENTRY com.st.stm32cube.ide.mpu.remote.serial 1 1 2026-07-22 19:52:35.823
!MESSAGE port: COM6

!ENTRY com.st.stm32cube.ide.mpu.remote.serial 1 1 2026-07-22 19:52:35.824
!MESSAGE port: COM8

!ENTRY com.st.stm32cube.ide.mpu.remote.serial 1 1 2026-07-22 19:52:35.824
!MESSAGE port: COM17

!ENTRY com.st.stm32cube.ide.mpu.remote.serial 1 1 2026-07-22 19:52:35.826
!MESSAGE port: COM3

!ENTRY com.st.stm32cube.ide.mpu.remote.serial 1 1 2026-07-22 19:52:35.827
!MESSAGE port: COM9

!ENTRY com.st.stm32cube.ide.mpu.remote.serial 1 1 2026-07-22 19:52:35.829
!MESSAGE port: COM10

!ENTRY com.st.stm32cube.ide.mpu.remote.serial 1 1 2026-07-22 19:52:35.829
!MESSAGE port: COM11

!ENTRY com.st.stm32cube.ide.mpu.remote.serial 1 1 2026-07-22 19:52:35.830
!MESSAGE port: COM12

!ENTRY com.st.stm32cube.ide.mpu.remote.serial 1 1 2026-07-22 19:52:35.831
!MESSAGE port: COM13

!ENTRY com.st.stm32cube.ide.mpu.remote.serial 1 1 2026-07-22 19:52:35.832
!MESSAGE port: COM16

!ENTRY com.st.stm32cube.ide.mpu.remote.serial 1 1 2026-07-22 19:52:35.834
!MESSAGE port: COM7

!ENTRY com.st.stm32cube.ide.mpu.remote.serial 1 1 2026-07-22 19:54:07.467
!MESSAGE Executed PowerShell command powershell.exe -Command "Get-CimInstance -ClassName Win32_SerialPort | Select-Object -ExpandProperty DeviceID":
COM4
COM5
COM6
COM8
COM17
COM3
COM9
COM10
COM11
COM12
COM13
COM16


!ENTRY com.st.stm32cube.ide.mpu.remote.serial 1 1 2026-07-22 19:54:07.468
!MESSAGE port: COM4

!ENTRY com.st.stm32cube.ide.mpu.remote.serial 1 1 2026-07-22 19:54:07.469
!MESSAGE port: COM5

!ENTRY com.st.stm32cube.ide.mpu.remote.serial 1 1 2026-07-22 19:54:07.471
!MESSAGE port: COM6

!ENTRY com.st.stm32cube.ide.mpu.remote.serial 1 1 2026-07-22 19:54:07.472
!MESSAGE port: COM8

!ENTRY com.st.stm32cube.ide.mpu.remote.serial 1 1 2026-07-22 19:54:07.472
!MESSAGE port: COM17

!ENTRY com.st.stm32cube.ide.mpu.remote.serial 1 1 2026-07-22 19:54:07.474
!MESSAGE port: COM3

!ENTRY com.st.stm32cube.ide.mpu.remote.serial 1 1 2026-07-22 19:54:07.475
!MESSAGE port: COM9

!ENTRY com.st.stm32cube.ide.mpu.remote.serial 1 1 2026-07-22 19:54:07.476
!MESSAGE port: COM10

!ENTRY com.st.stm32cube.ide.mpu.remote.serial 1 1 2026-07-22 19:54:07.477
!MESSAGE port: COM11

!ENTRY com.st.stm32cube.ide.mpu.remote.serial 1 1 2026-07-22 19:54:07.478
!MESSAGE port: COM12

!ENTRY com.st.stm32cube.ide.mpu.remote.serial 1 1 2026-07-22 19:54:07.478
!MESSAGE port: COM13

!ENTRY com.st.stm32cube.ide.mpu.remote.serial 1 1 2026-07-22 19:54:07.479
!MESSAGE port: COM16

!ENTRY com.st.stm32cube.ide.mpu.remote.serial 1 1 2026-07-22 19:55:48.632
!MESSAGE Executed PowerShell command powershell.exe -Command "Get-CimInstance -ClassName Win32_SerialPort | Select-Object -ExpandProperty DeviceID":
COM4
COM5
COM6
COM8
COM17
COM3
COM9
COM10
COM11
COM12
COM13
COM16
COM7


!ENTRY com.st.stm32cube.ide.mpu.remote.serial 1 1 2026-07-22 19:55:48.633
!MESSAGE port: COM4

!ENTRY com.st.stm32cube.ide.mpu.remote.serial 1 1 2026-07-22 19:55:48.635
!MESSAGE port: COM5

!ENTRY com.st.stm32cube.ide.mpu.remote.serial 1 1 2026-07-22 19:55:48.636
!MESSAGE port: COM6

!ENTRY com.st.stm32cube.ide.mpu.remote.serial 1 1 2026-07-22 19:55:48.636
!MESSAGE port: COM8

!ENTRY com.st.stm32cube.ide.mpu.remote.serial 1 1 2026-07-22 19:55:48.637
!MESSAGE port: COM17

!ENTRY com.st.stm32cube.ide.mpu.remote.serial 1 1 2026-07-22 19:55:48.638
!MESSAGE port: COM3

!ENTRY com.st.stm32cube.ide.mpu.remote.serial 1 1 2026-07-22 19:55:48.639
!MESSAGE port: COM9

!ENTRY com.st.stm32cube.ide.mpu.remote.serial 1 1 2026-07-22 19:55:48.639
!MESSAGE port: COM10

!ENTRY com.st.stm32cube.ide.mpu.remote.serial 1 1 2026-07-22 19:55:48.641
!MESSAGE port: COM11

!ENTRY com.st.stm32cube.ide.mpu.remote.serial 1 1 2026-07-22 19:55:48.642
!MESSAGE port: COM12

!ENTRY com.st.stm32cube.ide.mpu.remote.serial 1 1 2026-07-22 19:55:48.642
!MESSAGE port: COM13

!ENTRY com.st.stm32cube.ide.mpu.remote.serial 1 1 2026-07-22 19:55:48.643
!MESSAGE port: COM16

!ENTRY com.st.stm32cube.ide.mpu.remote.serial 1 1 2026-07-22 19:55:48.643
!MESSAGE port: COM7

!ENTRY com.st.stm32cube.ide.mpu.remote.serial 1 1 2026-07-22 19:56:26.659
!MESSAGE Executed PowerShell command powershell.exe -Command "Get-CimInstance -ClassName Win32_SerialPort | Select-Object -ExpandProperty DeviceID":
COM4
COM5
COM6
COM8
COM17
COM3
COM9
COM10
COM11
COM12
COM13
COM16


!ENTRY com.st.stm32cube.ide.mpu.remote.serial 1 1 2026-07-22 19:56:26.661
!MESSAGE port: COM4

!ENTRY com.st.stm32cube.ide.mpu.remote.serial 1 1 2026-07-22 19:56:26.662
!MESSAGE port: COM5

!ENTRY com.st.stm32cube.ide.mpu.remote.serial 1 1 2026-07-22 19:56:26.665
!MESSAGE port: COM6

!ENTRY com.st.stm32cube.ide.mpu.remote.serial 1 1 2026-07-22 19:56:26.666
!MESSAGE port: COM8

!ENTRY com.st.stm32cube.ide.mpu.remote.serial 1 1 2026-07-22 19:56:26.667
!MESSAGE port: COM17

!ENTRY com.st.stm32cube.ide.mpu.remote.serial 1 1 2026-07-22 19:56:26.668
!MESSAGE port: COM3

!ENTRY com.st.stm32cube.ide.mpu.remote.serial 1 1 2026-07-22 19:56:26.669
!MESSAGE port: COM9

!ENTRY com.st.stm32cube.ide.mpu.remote.serial 1 1 2026-07-22 19:56:26.670
!MESSAGE port: COM10

!ENTRY com.st.stm32cube.ide.mpu.remote.serial 1 1 2026-07-22 19:56:26.671
!MESSAGE port: COM11

!ENTRY com.st.stm32cube.ide.mpu.remote.serial 1 1 2026-07-22 19:56:26.673
!MESSAGE port: COM12

!ENTRY com.st.stm32cube.ide.mpu.remote.serial 1 1 2026-07-22 19:56:26.675
!MESSAGE port: COM13

!ENTRY com.st.stm32cube.ide.mpu.remote.serial 1 1 2026-07-22 19:56:26.676
!MESSAGE port: COM16

!ENTRY com.st.stm32cube.ide.mpu.remote.serial 1 1 2026-07-22 20:31:39.992
!MESSAGE Executed PowerShell command powershell.exe -Command "Get-CimInstance -ClassName Win32_SerialPort | Select-Object -ExpandProperty DeviceID":


!ENTRY com.st.stm32cube.ide.mpu.remote.serial 1 1 2026-07-22 20:31:40.029
!MESSAGE port: 

!ENTRY com.st.stm32cube.ide.mpu.remote.serial 1 1 2026-07-22 23:56:50.653
!MESSAGE Executed PowerShell command powershell.exe -Command "Get-CimInstance -ClassName Win32_SerialPort | Select-Object -ExpandProperty DeviceID":
COM7


!ENTRY com.st.stm32cube.ide.mpu.remote.serial 1 1 2026-07-22 23:56:50.657
!MESSAGE port: COM7

!ENTRY com.st.stm32cube.ide.mpu.remote.serial 1 1 2026-07-22 23:57:15.427
!MESSAGE Executed PowerShell command powershell.exe -Command "Get-CimInstance -ClassName Win32_SerialPort | Select-Object -ExpandProperty DeviceID":


!ENTRY com.st.stm32cube.ide.mpu.remote.serial 1 1 2026-07-22 23:57:15.428
!MESSAGE port: 

!ENTRY com.st.stm32cube.ide.mpu.remote.serial 1 1 2026-07-22 23:59:24.574
!MESSAGE Executed PowerShell command powershell.exe -Command "Get-CimInstance -ClassName Win32_SerialPort | Select-Object -ExpandProperty DeviceID":
COM7


!ENTRY com.st.stm32cube.ide.mpu.remote.serial 1 1 2026-07-22 23:59:24.577
!MESSAGE port: COM7

!ENTRY com.st.stm32cube.ide.mpu.remote.serial 1 1 2026-07-23 00:01:40.974
!MESSAGE Executed PowerShell command powershell.exe -Command "Get-CimInstance -ClassName Win32_SerialPort | Select-Object -ExpandProperty DeviceID":


!ENTRY com.st.stm32cube.ide.mpu.remote.serial 1 1 2026-07-23 00:01:40.975
!MESSAGE port: 

!ENTRY com.st.stm32cube.ide.mpu.remote.serial 1 1 2026-07-23 00:06:14.623
!MESSAGE Executed PowerShell command powershell.exe -Command "Get-CimInstance -ClassName Win32_SerialPort | Select-Object -ExpandProperty DeviceID":
COM7


!ENTRY com.st.stm32cube.ide.mpu.remote.serial 1 1 2026-07-23 00:06:14.629
!MESSAGE port: COM7

!ENTRY com.st.stm32cube.ide.mpu.remote.serial 1 1 2026-07-23 00:06:44.964
!MESSAGE Executed PowerShell command powershell.exe -Command "Get-CimInstance -ClassName Win32_SerialPort | Select-Object -ExpandProperty DeviceID":


!ENTRY com.st.stm32cube.ide.mpu.remote.serial 1 1 2026-07-23 00:06:44.966
!MESSAGE port: 

!ENTRY com.st.stm32cube.ide.mpu.remote.serial 1 1 2026-07-23 00:07:09.575
!MESSAGE Executed PowerShell command powershell.exe -Command "Get-CimInstance -ClassName Win32_SerialPort | Select-Object -ExpandProperty DeviceID":
COM7


!ENTRY com.st.stm32cube.ide.mpu.remote.serial 1 1 2026-07-23 00:07:09.577
!MESSAGE port: COM7

!ENTRY com.st.stm32cube.ide.mpu.remote.serial 1 1 2026-07-23 00:07:24.857
!MESSAGE Executed PowerShell command powershell.exe -Command "Get-CimInstance -ClassName Win32_SerialPort | Select-Object -ExpandProperty DeviceID":


!ENTRY com.st.stm32cube.ide.mpu.remote.serial 1 1 2026-07-23 00:07:24.859
!MESSAGE port: 

!ENTRY com.st.stm32cube.ide.mpu.remote.serial 1 1 2026-07-23 00:11:06.292
!MESSAGE Executed PowerShell command powershell.exe -Command "Get-CimInstance -ClassName Win32_SerialPort | Select-Object -ExpandProperty DeviceID":
COM7


!ENTRY com.st.stm32cube.ide.mpu.remote.serial 1 1 2026-07-23 00:11:06.296
!MESSAGE port: COM7

!ENTRY com.st.stm32cube.ide.mpu.remote.serial 1 1 2026-07-23 00:11:24.315
!MESSAGE Executed PowerShell command powershell.exe -Command "Get-CimInstance -ClassName Win32_SerialPort | Select-Object -ExpandProperty DeviceID":


!ENTRY com.st.stm32cube.ide.mpu.remote.serial 1 1 2026-07-23 00:11:24.317
!MESSAGE port: 

!ENTRY com.st.stm32cube.ide.mpu.remote.serial 1 1 2026-07-23 00:20:31.740
!MESSAGE Executed PowerShell command powershell.exe -Command "Get-CimInstance -ClassName Win32_SerialPort | Select-Object -ExpandProperty DeviceID":
COM7


!ENTRY com.st.stm32cube.ide.mpu.remote.serial 1 1 2026-07-23 00:20:31.748
!MESSAGE port: COM7

!ENTRY com.st.stm32cube.ide.mpu.remote.serial 1 1 2026-07-23 00:21:12.479
!MESSAGE Executed PowerShell command powershell.exe -Command "Get-CimInstance -ClassName Win32_SerialPort | Select-Object -ExpandProperty DeviceID":


!ENTRY com.st.stm32cube.ide.mpu.remote.serial 1 1 2026-07-23 00:21:12.481
!MESSAGE port: 

!ENTRY com.st.stm32cube.ide.mpu.remote.serial 1 1 2026-07-23 00:33:38.332
!MESSAGE Executed PowerShell command powershell.exe -Command "Get-CimInstance -ClassName Win32_SerialPort | Select-Object -ExpandProperty DeviceID":
COM7


!ENTRY com.st.stm32cube.ide.mpu.remote.serial 1 1 2026-07-23 00:33:38.333
!MESSAGE port: COM7

!ENTRY com.st.stm32cube.ide.mpu.remote.serial 1 1 2026-07-23 00:33:59.381
!MESSAGE Executed PowerShell command powershell.exe -Command "Get-CimInstance -ClassName Win32_SerialPort | Select-Object -ExpandProperty DeviceID":


!ENTRY com.st.stm32cube.ide.mpu.remote.serial 1 1 2026-07-23 00:33:59.383
!MESSAGE port: 

!ENTRY com.st.stm32cube.ide.mpu.remote.serial 1 1 2026-07-23 00:34:46.481
!MESSAGE Executed PowerShell command powershell.exe -Command "Get-CimInstance -ClassName Win32_SerialPort | Select-Object -ExpandProperty DeviceID":
COM7


!ENTRY com.st.stm32cube.ide.mpu.remote.serial 1 1 2026-07-23 00:34:46.483
!MESSAGE port: COM7

!ENTRY com.st.stm32cube.ide.mpu.remote.serial 1 1 2026-07-23 00:35:02.629
!MESSAGE Executed PowerShell command powershell.exe -Command "Get-CimInstance -ClassName Win32_SerialPort | Select-Object -ExpandProperty DeviceID":


!ENTRY com.st.stm32cube.ide.mpu.remote.serial 1 1 2026-07-23 00:35:02.629
!MESSAGE port: 

!ENTRY com.st.stm32cube.ide.mpu.remote.serial 1 1 2026-07-23 00:35:43.496
!MESSAGE Executed PowerShell command powershell.exe -Command "Get-CimInstance -ClassName Win32_SerialPort | Select-Object -ExpandProperty DeviceID":
COM7


!ENTRY com.st.stm32cube.ide.mpu.remote.serial 1 1 2026-07-23 00:35:43.499
!MESSAGE port: COM7

!ENTRY com.st.stm32cube.ide.mpu.remote.serial 1 1 2026-07-23 00:37:07.767
!MESSAGE Executed PowerShell command powershell.exe -Command "Get-CimInstance -ClassName Win32_SerialPort | Select-Object -ExpandProperty DeviceID":


!ENTRY com.st.stm32cube.ide.mpu.remote.serial 1 1 2026-07-23 00:37:07.768
!MESSAGE port: 

!ENTRY com.st.stm32cube.ide.mpu.remote.serial 1 1 2026-07-23 00:41:56.836
!MESSAGE Executed PowerShell command powershell.exe -Command "Get-CimInstance -ClassName Win32_SerialPort | Select-Object -ExpandProperty DeviceID":
COM7


!ENTRY com.st.stm32cube.ide.mpu.remote.serial 1 1 2026-07-23 00:41:56.839
!MESSAGE port: COM7

!ENTRY org.eclipse.cdt.dsf.gdb 4 5012 2026-07-23 00:42:19.858
!MESSAGE Error in final launch sequence:

Failed to execute MI command:
target extended-remote localhost:3333

Error message from debugger back end:
could not connect (error 138): El sistema ha intentado unir una unidad a un directorio de una unidad ya unida.
!STACK 1
org.eclipse.core.runtime.CoreException: Failed to execute MI command:
target extended-remote localhost:3333

Error message from debugger back end:
could not connect (error 138): El sistema ha intentado unir una unidad a un directorio de una unidad ya unida.
	at org.eclipse.cdt.dsf.concurrent.Query.get(Query.java:112)
	at org.eclipse.cdt.dsf.gdb.launching.GdbLaunchDelegate.launchDebugSession(GdbLaunchDelegate.java:254)
	at org.eclipse.cdt.dsf.gdb.launching.GdbLaunchDelegate.launchDebugger(GdbLaunchDelegate.java:111)
	at org.eclipse.cdt.dsf.gdb.launching.GdbLaunchDelegate.launch(GdbLaunchDelegate.java:99)
	at com.st.stm32cube.ide.mcu.debug.launch.DSFDelegate.launch(DSFDelegate.java:335)
	at org.eclipse.debug.internal.core.LaunchConfiguration.launch(LaunchConfiguration.java:778)
	at org.eclipse.debug.internal.core.LaunchConfiguration.launch(LaunchConfiguration.java:689)
	at org.eclipse.debug.internal.ui.DebugUIPlugin.buildAndLaunch(DebugUIPlugin.java:1052)
	at org.eclipse.debug.internal.ui.DebugUIPlugin$1.run(DebugUIPlugin.java:1254)
	at org.eclipse.core.internal.jobs.Worker.run(Worker.java:63)
Caused by: java.lang.Exception: could not connect (error 138): El sistema ha intentado unir una unidad a un directorio de una unidad ya unida.
	at org.eclipse.cdt.dsf.mi.service.command.AbstractMIControl$RxThread.processMIOutput(AbstractMIControl.java:1024)
	at org.eclipse.cdt.dsf.mi.service.command.AbstractMIControl$RxThread.run(AbstractMIControl.java:853)
!SUBENTRY 1 org.eclipse.cdt.dsf.gdb 4 10004 2026-07-23 00:42:19.861
!MESSAGE Failed to execute MI command:
target extended-remote localhost:3333

Error message from debugger back end:
could not connect (error 138): El sistema ha intentado unir una unidad a un directorio de una unidad ya unida.
!STACK 0
java.lang.Exception: could not connect (error 138): El sistema ha intentado unir una unidad a un directorio de una unidad ya unida.
	at org.eclipse.cdt.dsf.mi.service.command.AbstractMIControl$RxThread.processMIOutput(AbstractMIControl.java:1024)
	at org.eclipse.cdt.dsf.mi.service.command.AbstractMIControl$RxThread.run(AbstractMIControl.java:853)

!ENTRY com.st.stm32cube.ide.mpu.remote.serial 1 1 2026-07-23 00:42:43.561
!MESSAGE Executed PowerShell command powershell.exe -Command "Get-CimInstance -ClassName Win32_SerialPort | Select-Object -ExpandProperty DeviceID":


!ENTRY com.st.stm32cube.ide.mpu.remote.serial 1 1 2026-07-23 00:42:43.563
!MESSAGE port: 

!ENTRY com.st.stm32cube.ide.mpu.remote.serial 1 1 2026-07-23 00:45:25.097
!MESSAGE Executed PowerShell command powershell.exe -Command "Get-CimInstance -ClassName Win32_SerialPort | Select-Object -ExpandProperty DeviceID":
COM7


!ENTRY com.st.stm32cube.ide.mpu.remote.serial 1 1 2026-07-23 00:45:25.099
!MESSAGE port: COM7

!ENTRY com.st.stm32cube.ide.mpu.remote.serial 1 1 2026-07-23 00:46:35.705
!MESSAGE Executed PowerShell command powershell.exe -Command "Get-CimInstance -ClassName Win32_SerialPort | Select-Object -ExpandProperty DeviceID":


!ENTRY com.st.stm32cube.ide.mpu.remote.serial 1 1 2026-07-23 00:46:35.707
!MESSAGE port: 

!ENTRY com.st.stm32cube.ide.mpu.remote.serial 1 1 2026-07-23 07:58:38.245
!MESSAGE Executed PowerShell command powershell.exe -Command "Get-CimInstance -ClassName Win32_SerialPort | Select-Object -ExpandProperty DeviceID":
COM7


!ENTRY com.st.stm32cube.ide.mpu.remote.serial 1 1 2026-07-23 07:58:38.279
!MESSAGE port: COM7

!ENTRY com.st.stm32cube.ide.mpu.remote.serial 1 1 2026-07-23 08:05:21.332
!MESSAGE Executed PowerShell command powershell.exe -Command "Get-CimInstance -ClassName Win32_SerialPort | Select-Object -ExpandProperty DeviceID":


!ENTRY com.st.stm32cube.ide.mpu.remote.serial 1 1 2026-07-23 08:05:21.337
!MESSAGE port: 

!ENTRY com.st.stm32cube.ide.mpu.remote.serial 1 1 2026-07-23 08:19:38.974
!MESSAGE Executed PowerShell command powershell.exe -Command "Get-CimInstance -ClassName Win32_SerialPort | Select-Object -ExpandProperty DeviceID":
COM7


!ENTRY com.st.stm32cube.ide.mpu.remote.serial 1 1 2026-07-23 08:19:38.982
!MESSAGE port: COM7

!ENTRY com.st.stm32cube.ide.mpu.remote.serial 1 1 2026-07-23 08:20:02.330
!MESSAGE Executed PowerShell command powershell.exe -Command "Get-CimInstance -ClassName Win32_SerialPort | Select-Object -ExpandProperty DeviceID":


!ENTRY com.st.stm32cube.ide.mpu.remote.serial 1 1 2026-07-23 08:20:02.332
!MESSAGE port: 

!ENTRY com.st.stm32cube.ide.mpu.remote.serial 1 1 2026-07-23 08:25:41.191
!MESSAGE Executed PowerShell command powershell.exe -Command "Get-CimInstance -ClassName Win32_SerialPort | Select-Object -ExpandProperty DeviceID":
COM7


!ENTRY com.st.stm32cube.ide.mpu.remote.serial 1 1 2026-07-23 08:25:41.195
!MESSAGE port: COM7

!ENTRY com.st.stm32cube.ide.mpu.remote.serial 1 1 2026-07-23 08:26:10.572
!MESSAGE Executed PowerShell command powershell.exe -Command "Get-CimInstance -ClassName Win32_SerialPort | Select-Object -ExpandProperty DeviceID":


!ENTRY com.st.stm32cube.ide.mpu.remote.serial 1 1 2026-07-23 08:26:10.574
!MESSAGE port: 

!ENTRY com.st.stm32cube.ide.mpu.remote.serial 1 1 2026-07-23 08:27:51.048
!MESSAGE Executed PowerShell command powershell.exe -Command "Get-CimInstance -ClassName Win32_SerialPort | Select-Object -ExpandProperty DeviceID":
COM7


!ENTRY com.st.stm32cube.ide.mpu.remote.serial 1 1 2026-07-23 08:27:51.050
!MESSAGE port: COM7

!ENTRY com.st.stm32cube.ide.mpu.remote.serial 1 1 2026-07-23 08:28:09.239
!MESSAGE Executed PowerShell command powershell.exe -Command "Get-CimInstance -ClassName Win32_SerialPort | Select-Object -ExpandProperty DeviceID":


!ENTRY com.st.stm32cube.ide.mpu.remote.serial 1 1 2026-07-23 08:28:09.241
!MESSAGE port: 

!ENTRY com.st.stm32cube.ide.mpu.remote.serial 1 1 2026-07-23 08:33:33.203
!MESSAGE Executed PowerShell command powershell.exe -Command "Get-CimInstance -ClassName Win32_SerialPort | Select-Object -ExpandProperty DeviceID":
COM7


!ENTRY com.st.stm32cube.ide.mpu.remote.serial 1 1 2026-07-23 08:33:33.206
!MESSAGE port: COM7

!ENTRY com.st.stm32cube.ide.mpu.remote.serial 1 1 2026-07-23 08:35:24.821
!MESSAGE Executed PowerShell command powershell.exe -Command "Get-CimInstance -ClassName Win32_SerialPort | Select-Object -ExpandProperty DeviceID":


!ENTRY com.st.stm32cube.ide.mpu.remote.serial 1 1 2026-07-23 08:35:24.822
!MESSAGE port: 

!ENTRY com.st.stm32cube.ide.mpu.remote.serial 1 1 2026-07-23 08:38:12.302
!MESSAGE Executed PowerShell command powershell.exe -Command "Get-CimInstance -ClassName Win32_SerialPort | Select-Object -ExpandProperty DeviceID":
COM7


!ENTRY com.st.stm32cube.ide.mpu.remote.serial 1 1 2026-07-23 08:38:12.304
!MESSAGE port: COM7

!ENTRY com.st.stm32cube.ide.mpu.remote.serial 1 1 2026-07-23 08:39:44.463
!MESSAGE Executed PowerShell command powershell.exe -Command "Get-CimInstance -ClassName Win32_SerialPort | Select-Object -ExpandProperty DeviceID":


!ENTRY com.st.stm32cube.ide.mpu.remote.serial 1 1 2026-07-23 08:39:44.463
!MESSAGE port: 

!ENTRY com.st.stm32cube.ide.mpu.remote.serial 1 1 2026-07-23 08:44:34.195
!MESSAGE Executed PowerShell command powershell.exe -Command "Get-CimInstance -ClassName Win32_SerialPort | Select-Object -ExpandProperty DeviceID":
COM7


!ENTRY com.st.stm32cube.ide.mpu.remote.serial 1 1 2026-07-23 08:44:34.199
!MESSAGE port: COM7

!ENTRY com.st.stm32cube.ide.mpu.remote.serial 1 1 2026-07-23 08:46:05.752
!MESSAGE Executed PowerShell command powershell.exe -Command "Get-CimInstance -ClassName Win32_SerialPort | Select-Object -ExpandProperty DeviceID":


!ENTRY com.st.stm32cube.ide.mpu.remote.serial 1 1 2026-07-23 08:46:05.756
!MESSAGE port: 

!ENTRY com.st.stm32cube.ide.mpu.remote.serial 1 1 2026-07-23 08:48:39.863
!MESSAGE Executed PowerShell command powershell.exe -Command "Get-CimInstance -ClassName Win32_SerialPort | Select-Object -ExpandProperty DeviceID":
COM7


!ENTRY com.st.stm32cube.ide.mpu.remote.serial 1 1 2026-07-23 08:48:39.873
!MESSAGE port: COM7

!ENTRY com.st.stm32cube.ide.mpu.remote.serial 1 1 2026-07-23 08:49:29.251
!MESSAGE Executed PowerShell command powershell.exe -Command "Get-CimInstance -ClassName Win32_SerialPort | Select-Object -ExpandProperty DeviceID":


!ENTRY com.st.stm32cube.ide.mpu.remote.serial 1 1 2026-07-23 08:49:29.252
!MESSAGE port: 

!ENTRY com.st.stm32cube.ide.mpu.remote.serial 1 1 2026-07-23 08:51:34.134
!MESSAGE Executed PowerShell command powershell.exe -Command "Get-CimInstance -ClassName Win32_SerialPort | Select-Object -ExpandProperty DeviceID":
COM7


!ENTRY com.st.stm32cube.ide.mpu.remote.serial 1 1 2026-07-23 08:51:34.140
!MESSAGE port: COM7

!ENTRY com.st.stm32cube.ide.mpu.remote.serial 1 1 2026-07-23 08:52:04.089
!MESSAGE Executed PowerShell command powershell.exe -Command "Get-CimInstance -ClassName Win32_SerialPort | Select-Object -ExpandProperty DeviceID":


!ENTRY com.st.stm32cube.ide.mpu.remote.serial 1 1 2026-07-23 08:52:04.092
!MESSAGE port: 

!ENTRY com.st.stm32cube.ide.mpu.remote.serial 1 1 2026-07-23 08:53:17.508
!MESSAGE Executed PowerShell command powershell.exe -Command "Get-CimInstance -ClassName Win32_SerialPort | Select-Object -ExpandProperty DeviceID":
COM7


!ENTRY com.st.stm32cube.ide.mpu.remote.serial 1 1 2026-07-23 08:53:17.511
!MESSAGE port: COM7

!ENTRY com.st.stm32cube.ide.mpu.remote.serial 1 1 2026-07-23 08:53:30.651
!MESSAGE Executed PowerShell command powershell.exe -Command "Get-CimInstance -ClassName Win32_SerialPort | Select-Object -ExpandProperty DeviceID":


!ENTRY com.st.stm32cube.ide.mpu.remote.serial 1 1 2026-07-23 08:53:30.651
!MESSAGE port: 

!ENTRY com.st.stm32cube.ide.mpu.remote.serial 1 1 2026-07-23 09:14:25.442
!MESSAGE Executed PowerShell command powershell.exe -Command "Get-CimInstance -ClassName Win32_SerialPort | Select-Object -ExpandProperty DeviceID":
COM7


!ENTRY com.st.stm32cube.ide.mpu.remote.serial 1 1 2026-07-23 09:14:25.447
!MESSAGE port: COM7

!ENTRY com.st.stm32cube.ide.mpu.remote.serial 1 1 2026-07-23 09:15:16.412
!MESSAGE Executed PowerShell command powershell.exe -Command "Get-CimInstance -ClassName Win32_SerialPort | Select-Object -ExpandProperty DeviceID":


!ENTRY com.st.stm32cube.ide.mpu.remote.serial 1 1 2026-07-23 09:15:16.414
!MESSAGE port: 

!ENTRY com.st.stm32cube.ide.mpu.remote.serial 1 1 2026-07-23 09:21:04.220
!MESSAGE Executed PowerShell command powershell.exe -Command "Get-CimInstance -ClassName Win32_SerialPort | Select-Object -ExpandProperty DeviceID":
COM7


!ENTRY com.st.stm32cube.ide.mpu.remote.serial 1 1 2026-07-23 09:21:04.224
!MESSAGE port: COM7

!ENTRY com.st.stm32cube.ide.mpu.remote.serial 1 1 2026-07-23 09:21:45.193
!MESSAGE Executed PowerShell command powershell.exe -Command "Get-CimInstance -ClassName Win32_SerialPort | Select-Object -ExpandProperty DeviceID":


!ENTRY com.st.stm32cube.ide.mpu.remote.serial 1 1 2026-07-23 09:21:45.196
!MESSAGE port: 

!ENTRY com.st.stm32cube.ide.mpu.remote.serial 1 1 2026-07-23 09:34:48.745
!MESSAGE Executed PowerShell command powershell.exe -Command "Get-CimInstance -ClassName Win32_SerialPort | Select-Object -ExpandProperty DeviceID":
COM7


!ENTRY com.st.stm32cube.ide.mpu.remote.serial 1 1 2026-07-23 09:34:48.756
!MESSAGE port: COM7

!ENTRY com.st.stm32cube.ide.mcu.debug 4 0 2026-07-23 09:35:02.653
!MESSAGE Error - No active DSF-Session. tmpSessionId = 132 (contextManager row 121)

!ENTRY com.st.stm32cube.ide.mcu.debug 4 0 2026-07-23 09:35:02.654
!MESSAGE Existing sessions are:

!ENTRY com.st.stm32cube.ide.mcu.debug 4 0 2026-07-23 09:35:02.657
!MESSAGE Error - No active DSF-Session. tmpSessionId = 132 (contextManager row 121)

!ENTRY com.st.stm32cube.ide.mcu.debug 4 0 2026-07-23 09:35:02.659
!MESSAGE Existing sessions are:

!ENTRY com.st.stm32cube.ide.mpu.remote.serial 1 1 2026-07-23 09:35:06.143
!MESSAGE Executed PowerShell command powershell.exe -Command "Get-CimInstance -ClassName Win32_SerialPort | Select-Object -ExpandProperty DeviceID":


!ENTRY com.st.stm32cube.ide.mpu.remote.serial 1 1 2026-07-23 09:35:06.144
!MESSAGE port: 

!ENTRY com.st.stm32cube.ide.mpu.remote.serial 1 1 2026-07-23 09:38:07.233
!MESSAGE Executed PowerShell command powershell.exe -Command "Get-CimInstance -ClassName Win32_SerialPort | Select-Object -ExpandProperty DeviceID":
COM7


!ENTRY com.st.stm32cube.ide.mpu.remote.serial 1 1 2026-07-23 09:38:07.254
!MESSAGE port: COM7

!ENTRY com.st.stm32cube.ide.mpu.remote.serial 1 1 2026-07-23 09:38:50.309
!MESSAGE Executed PowerShell command powershell.exe -Command "Get-CimInstance -ClassName Win32_SerialPort | Select-Object -ExpandProperty DeviceID":


!ENTRY com.st.stm32cube.ide.mpu.remote.serial 1 1 2026-07-23 09:38:50.313
!MESSAGE port: 

!ENTRY com.st.stm32cube.ide.mpu.remote.serial 1 1 2026-07-23 09:39:50.020
!MESSAGE Executed PowerShell command powershell.exe -Command "Get-CimInstance -ClassName Win32_SerialPort | Select-Object -ExpandProperty DeviceID":
COM7


!ENTRY com.st.stm32cube.ide.mpu.remote.serial 1 1 2026-07-23 09:39:50.021
!MESSAGE port: COM7

!ENTRY com.st.stm32cube.ide.mpu.remote.serial 1 1 2026-07-23 09:47:03.751
!MESSAGE Executed PowerShell command powershell.exe -Command "Get-CimInstance -ClassName Win32_SerialPort | Select-Object -ExpandProperty DeviceID":


!ENTRY com.st.stm32cube.ide.mpu.remote.serial 1 1 2026-07-23 09:47:03.753
!MESSAGE port: 

!ENTRY com.st.stm32cube.ide.mpu.remote.serial 1 1 2026-07-23 09:49:25.387
!MESSAGE Executed PowerShell command powershell.exe -Command "Get-CimInstance -ClassName Win32_SerialPort | Select-Object -ExpandProperty DeviceID":
COM7


!ENTRY com.st.stm32cube.ide.mpu.remote.serial 1 1 2026-07-23 09:49:25.390
!MESSAGE port: COM7

!ENTRY com.st.stm32cube.ide.mpu.remote.serial 1 1 2026-07-23 09:49:40.120
!MESSAGE Executed PowerShell command powershell.exe -Command "Get-CimInstance -ClassName Win32_SerialPort | Select-Object -ExpandProperty DeviceID":


!ENTRY com.st.stm32cube.ide.mpu.remote.serial 1 1 2026-07-23 09:49:40.121
!MESSAGE port: 

!ENTRY com.st.stm32cube.ide.mpu.remote.serial 1 1 2026-07-23 17:13:39.587
!MESSAGE Executed PowerShell command powershell.exe -Command "Get-CimInstance -ClassName Win32_SerialPort | Select-Object -ExpandProperty DeviceID":
COM7


!ENTRY com.st.stm32cube.ide.mpu.remote.serial 1 1 2026-07-23 17:13:39.587
!MESSAGE port: COM7

!ENTRY com.st.stm32cube.ide.mpu.remote.serial 1 1 2026-07-23 17:14:22.219
!MESSAGE Executed PowerShell command powershell.exe -Command "Get-CimInstance -ClassName Win32_SerialPort | Select-Object -ExpandProperty DeviceID":


!ENTRY com.st.stm32cube.ide.mpu.remote.serial 1 1 2026-07-23 17:14:22.223
!MESSAGE port: 

!ENTRY com.st.stm32cube.ide.mpu.remote.serial 1 1 2026-07-23 17:19:16.640
!MESSAGE Executed PowerShell command powershell.exe -Command "Get-CimInstance -ClassName Win32_SerialPort | Select-Object -ExpandProperty DeviceID":
COM7


!ENTRY com.st.stm32cube.ide.mpu.remote.serial 1 1 2026-07-23 17:19:16.650
!MESSAGE port: COM7

!ENTRY com.st.stm32cube.ide.mpu.remote.serial 1 1 2026-07-23 17:20:43.301
!MESSAGE Executed PowerShell command powershell.exe -Command "Get-CimInstance -ClassName Win32_SerialPort | Select-Object -ExpandProperty DeviceID":


!ENTRY com.st.stm32cube.ide.mpu.remote.serial 1 1 2026-07-23 17:20:43.303
!MESSAGE port: 

!ENTRY com.st.stm32cube.ide.mpu.remote.serial 1 1 2026-07-23 17:34:45.379
!MESSAGE Executed PowerShell command powershell.exe -Command "Get-CimInstance -ClassName Win32_SerialPort | Select-Object -ExpandProperty DeviceID":
COM7


!ENTRY com.st.stm32cube.ide.mpu.remote.serial 1 1 2026-07-23 17:34:45.379
!MESSAGE port: COM7

!ENTRY com.st.stm32cube.ide.mpu.remote.serial 1 1 2026-07-23 17:35:19.420
!MESSAGE Executed PowerShell command powershell.exe -Command "Get-CimInstance -ClassName Win32_SerialPort | Select-Object -ExpandProperty DeviceID":


!ENTRY com.st.stm32cube.ide.mpu.remote.serial 1 1 2026-07-23 17:35:19.421
!MESSAGE port: 

!ENTRY com.st.stm32cube.ide.mpu.remote.serial 1 1 2026-07-23 17:36:24.200
!MESSAGE Executed PowerShell command powershell.exe -Command "Get-CimInstance -ClassName Win32_SerialPort | Select-Object -ExpandProperty DeviceID":
COM7


!ENTRY com.st.stm32cube.ide.mpu.remote.serial 1 1 2026-07-23 17:36:24.200
!MESSAGE port: COM7

!ENTRY com.st.stm32cube.ide.mpu.remote.serial 1 1 2026-07-23 17:36:42.148
!MESSAGE Executed PowerShell command powershell.exe -Command "Get-CimInstance -ClassName Win32_SerialPort | Select-Object -ExpandProperty DeviceID":


!ENTRY com.st.stm32cube.ide.mpu.remote.serial 1 1 2026-07-23 17:36:42.149
!MESSAGE port: 

!ENTRY com.st.stm32cube.ide.mpu.remote.serial 1 1 2026-07-23 17:37:44.320
!MESSAGE Executed PowerShell command powershell.exe -Command "Get-CimInstance -ClassName Win32_SerialPort | Select-Object -ExpandProperty DeviceID":
COM7


!ENTRY com.st.stm32cube.ide.mpu.remote.serial 1 1 2026-07-23 17:37:44.322
!MESSAGE port: COM7

!ENTRY com.st.stm32cube.ide.mpu.remote.serial 1 1 2026-07-23 17:38:03.468
!MESSAGE Executed PowerShell command powershell.exe -Command "Get-CimInstance -ClassName Win32_SerialPort | Select-Object -ExpandProperty DeviceID":


!ENTRY com.st.stm32cube.ide.mpu.remote.serial 1 1 2026-07-23 17:38:03.469
!MESSAGE port: 

!ENTRY com.st.stm32cube.ide.mpu.remote.serial 1 1 2026-07-23 17:57:38.302
!MESSAGE Executed PowerShell command powershell.exe -Command "Get-CimInstance -ClassName Win32_SerialPort | Select-Object -ExpandProperty DeviceID":
COM7


!ENTRY com.st.stm32cube.ide.mpu.remote.serial 1 1 2026-07-23 17:57:38.304
!MESSAGE port: COM7

!ENTRY com.st.stm32cube.ide.mpu.remote.serial 1 1 2026-07-23 17:57:50.429
!MESSAGE Executed PowerShell command powershell.exe -Command "Get-CimInstance -ClassName Win32_SerialPort | Select-Object -ExpandProperty DeviceID":


!ENTRY com.st.stm32cube.ide.mpu.remote.serial 1 1 2026-07-23 17:57:50.431
!MESSAGE port: 

!ENTRY com.st.stm32cube.ide.mpu.remote.serial 1 1 2026-07-23 18:00:12.572
!MESSAGE Executed PowerShell command powershell.exe -Command "Get-CimInstance -ClassName Win32_SerialPort | Select-Object -ExpandProperty DeviceID":
COM7


!ENTRY com.st.stm32cube.ide.mpu.remote.serial 1 1 2026-07-23 18:00:12.581
!MESSAGE port: COM7

!ENTRY com.st.stm32cube.ide.mpu.remote.serial 1 1 2026-07-23 18:00:29.227
!MESSAGE Executed PowerShell command powershell.exe -Command "Get-CimInstance -ClassName Win32_SerialPort | Select-Object -ExpandProperty DeviceID":


!ENTRY com.st.stm32cube.ide.mpu.remote.serial 1 1 2026-07-23 18:00:29.231
!MESSAGE port: 

!ENTRY com.st.stm32cube.ide.mpu.remote.serial 1 1 2026-07-23 18:07:36.235
!MESSAGE Executed PowerShell command powershell.exe -Command "Get-CimInstance -ClassName Win32_SerialPort | Select-Object -ExpandProperty DeviceID":
COM7


!ENTRY com.st.stm32cube.ide.mpu.remote.serial 1 1 2026-07-23 18:07:36.268
!MESSAGE port: COM7

!ENTRY com.st.stm32cube.ide.mpu.remote.serial 1 1 2026-07-23 18:07:42.196
!MESSAGE Executed PowerShell command powershell.exe -Command "Get-CimInstance -ClassName Win32_SerialPort | Select-Object -ExpandProperty DeviceID":


!ENTRY com.st.stm32cube.ide.mpu.remote.serial 1 1 2026-07-23 18:07:42.197
!MESSAGE port: 

!ENTRY com.st.stm32cube.ide.mpu.remote.serial 1 1 2026-07-23 18:07:55.512
!MESSAGE Executed PowerShell command powershell.exe -Command "Get-CimInstance -ClassName Win32_SerialPort | Select-Object -ExpandProperty DeviceID":
COM7


!ENTRY com.st.stm32cube.ide.mpu.remote.serial 1 1 2026-07-23 18:07:55.514
!MESSAGE port: COM7

!ENTRY com.st.stm32cube.ide.mpu.remote.serial 1 1 2026-07-23 18:09:01.372
!MESSAGE Executed PowerShell command powershell.exe -Command "Get-CimInstance -ClassName Win32_SerialPort | Select-Object -ExpandProperty DeviceID":


!ENTRY com.st.stm32cube.ide.mpu.remote.serial 1 1 2026-07-23 18:09:01.376
!MESSAGE port: 

!ENTRY com.st.stm32cube.ide.mpu.remote.serial 1 1 2026-07-23 18:25:29.615
!MESSAGE Executed PowerShell command powershell.exe -Command "Get-CimInstance -ClassName Win32_SerialPort | Select-Object -ExpandProperty DeviceID":
COM7


!ENTRY com.st.stm32cube.ide.mpu.remote.serial 1 1 2026-07-23 18:25:29.621
!MESSAGE port: COM7

!ENTRY com.st.stm32cube.ide.mpu.remote.serial 1 1 2026-07-23 18:26:21.279
!MESSAGE Executed PowerShell command powershell.exe -Command "Get-CimInstance -ClassName Win32_SerialPort | Select-Object -ExpandProperty DeviceID":


!ENTRY com.st.stm32cube.ide.mpu.remote.serial 1 1 2026-07-23 18:26:21.281
!MESSAGE port: 

!ENTRY com.st.stm32cube.ide.mpu.remote.serial 1 1 2026-07-23 18:29:30.644
!MESSAGE Executed PowerShell command powershell.exe -Command "Get-CimInstance -ClassName Win32_SerialPort | Select-Object -ExpandProperty DeviceID":
COM7


!ENTRY com.st.stm32cube.ide.mpu.remote.serial 1 1 2026-07-23 18:29:30.649
!MESSAGE port: COM7

!ENTRY com.st.stm32cube.ide.mpu.remote.serial 1 1 2026-07-23 18:30:28.490
!MESSAGE Executed PowerShell command powershell.exe -Command "Get-CimInstance -ClassName Win32_SerialPort | Select-Object -ExpandProperty DeviceID":


!ENTRY com.st.stm32cube.ide.mpu.remote.serial 1 1 2026-07-23 18:30:28.491
!MESSAGE port: 

!ENTRY com.st.stm32cube.ide.mpu.remote.serial 1 1 2026-07-23 18:37:27.545
!MESSAGE Executed PowerShell command powershell.exe -Command "Get-CimInstance -ClassName Win32_SerialPort | Select-Object -ExpandProperty DeviceID":
COM4
COM5
COM6
COM8
COM17
COM3
COM9
COM10
COM11
COM12
COM13
COM16


!ENTRY com.st.stm32cube.ide.mpu.remote.serial 1 1 2026-07-23 18:37:27.583
!MESSAGE port: COM4

!ENTRY com.st.stm32cube.ide.mpu.remote.serial 1 1 2026-07-23 18:37:27.583
!MESSAGE port: COM5

!ENTRY com.st.stm32cube.ide.mpu.remote.serial 1 1 2026-07-23 18:37:27.584
!MESSAGE port: COM6

!ENTRY com.st.stm32cube.ide.mpu.remote.serial 1 1 2026-07-23 18:37:27.586
!MESSAGE port: COM8

!ENTRY com.st.stm32cube.ide.mpu.remote.serial 1 1 2026-07-23 18:37:27.586
!MESSAGE port: COM17

!ENTRY com.st.stm32cube.ide.mpu.remote.serial 1 1 2026-07-23 18:37:27.586
!MESSAGE port: COM3

!ENTRY com.st.stm32cube.ide.mpu.remote.serial 1 1 2026-07-23 18:37:27.586
!MESSAGE port: COM9

!ENTRY com.st.stm32cube.ide.mpu.remote.serial 1 1 2026-07-23 18:37:27.591
!MESSAGE port: COM10

!ENTRY com.st.stm32cube.ide.mpu.remote.serial 1 1 2026-07-23 18:37:27.591
!MESSAGE port: COM11

!ENTRY com.st.stm32cube.ide.mpu.remote.serial 1 1 2026-07-23 18:37:27.595
!MESSAGE port: COM12

!ENTRY com.st.stm32cube.ide.mpu.remote.serial 1 1 2026-07-23 18:37:27.595
!MESSAGE port: COM13

!ENTRY com.st.stm32cube.ide.mpu.remote.serial 1 1 2026-07-23 18:37:27.595
!MESSAGE port: COM16

!ENTRY com.st.stm32cube.ide.mpu.remote.serial 1 1 2026-07-23 18:39:03.654
!MESSAGE Executed PowerShell command powershell.exe -Command "Get-CimInstance -ClassName Win32_SerialPort | Select-Object -ExpandProperty DeviceID":
COM4
COM5
COM6
COM8
COM17
COM3
COM9
COM10
COM11
COM12
COM13
COM16


!ENTRY com.st.stm32cube.ide.mpu.remote.serial 1 1 2026-07-23 18:39:03.660
!MESSAGE port: COM4

!ENTRY com.st.stm32cube.ide.mpu.remote.serial 1 1 2026-07-23 18:39:03.661
!MESSAGE port: COM5

!ENTRY com.st.stm32cube.ide.mpu.remote.serial 1 1 2026-07-23 18:39:03.661
!MESSAGE port: COM6

!ENTRY com.st.stm32cube.ide.mpu.remote.serial 1 1 2026-07-23 18:39:03.662
!MESSAGE port: COM8

!ENTRY com.st.stm32cube.ide.mpu.remote.serial 1 1 2026-07-23 18:39:03.662
!MESSAGE port: COM17

!ENTRY com.st.stm32cube.ide.mpu.remote.serial 1 1 2026-07-23 18:39:03.663
!MESSAGE port: COM3

!ENTRY com.st.stm32cube.ide.mpu.remote.serial 1 1 2026-07-23 18:39:03.663
!MESSAGE port: COM9

!ENTRY com.st.stm32cube.ide.mpu.remote.serial 1 1 2026-07-23 18:39:03.664
!MESSAGE port: COM10

!ENTRY com.st.stm32cube.ide.mpu.remote.serial 1 1 2026-07-23 18:39:03.665
!MESSAGE port: COM11

!ENTRY com.st.stm32cube.ide.mpu.remote.serial 1 1 2026-07-23 18:39:03.665
!MESSAGE port: COM12

!ENTRY com.st.stm32cube.ide.mpu.remote.serial 1 1 2026-07-23 18:39:03.665
!MESSAGE port: COM13

!ENTRY com.st.stm32cube.ide.mpu.remote.serial 1 1 2026-07-23 18:39:03.667
!MESSAGE port: COM16

!ENTRY com.st.stm32cube.ide.mpu.remote.serial 1 1 2026-07-23 18:39:35.195
!MESSAGE Executed PowerShell command powershell.exe -Command "Get-CimInstance -ClassName Win32_SerialPort | Select-Object -ExpandProperty DeviceID":
COM4
COM5
COM6
COM8
COM17
COM3
COM9
COM10
COM11
COM12
COM13
COM16


!ENTRY com.st.stm32cube.ide.mpu.remote.serial 1 1 2026-07-23 18:39:35.196
!MESSAGE port: COM4

!ENTRY com.st.stm32cube.ide.mpu.remote.serial 1 1 2026-07-23 18:39:35.197
!MESSAGE port: COM5

!ENTRY com.st.stm32cube.ide.mpu.remote.serial 1 1 2026-07-23 18:39:35.199
!MESSAGE port: COM6

!ENTRY com.st.stm32cube.ide.mpu.remote.serial 1 1 2026-07-23 18:39:35.199
!MESSAGE port: COM8

!ENTRY com.st.stm32cube.ide.mpu.remote.serial 1 1 2026-07-23 18:39:35.200
!MESSAGE port: COM17

!ENTRY com.st.stm32cube.ide.mpu.remote.serial 1 1 2026-07-23 18:39:35.200
!MESSAGE port: COM3

!ENTRY com.st.stm32cube.ide.mpu.remote.serial 1 1 2026-07-23 18:39:35.201
!MESSAGE port: COM9

!ENTRY com.st.stm32cube.ide.mpu.remote.serial 1 1 2026-07-23 18:39:35.203
!MESSAGE port: COM10

!ENTRY com.st.stm32cube.ide.mpu.remote.serial 1 1 2026-07-23 18:39:35.203
!MESSAGE port: COM11

!ENTRY com.st.stm32cube.ide.mpu.remote.serial 1 1 2026-07-23 18:39:35.203
!MESSAGE port: COM12

!ENTRY com.st.stm32cube.ide.mpu.remote.serial 1 1 2026-07-23 18:39:35.205
!MESSAGE port: COM13

!ENTRY com.st.stm32cube.ide.mpu.remote.serial 1 1 2026-07-23 18:39:35.205
!MESSAGE port: COM16

!ENTRY com.st.stm32cube.ide.mpu.remote.serial 1 1 2026-07-23 19:29:06.885
!MESSAGE Executed PowerShell command powershell.exe -Command "Get-CimInstance -ClassName Win32_SerialPort | Select-Object -ExpandProperty DeviceID":
COM4
COM5
COM6
COM8
COM17
COM3
COM9
COM10
COM11
COM12
COM13
COM16
COM7


!ENTRY com.st.stm32cube.ide.mpu.remote.serial 1 1 2026-07-23 19:29:06.914
!MESSAGE port: COM4

!ENTRY com.st.stm32cube.ide.mpu.remote.serial 1 1 2026-07-23 19:29:06.915
!MESSAGE port: COM5

!ENTRY com.st.stm32cube.ide.mpu.remote.serial 1 1 2026-07-23 19:29:06.917
!MESSAGE port: COM6

!ENTRY com.st.stm32cube.ide.mpu.remote.serial 1 1 2026-07-23 19:29:06.917
!MESSAGE port: COM8

!ENTRY com.st.stm32cube.ide.mpu.remote.serial 1 1 2026-07-23 19:29:06.919
!MESSAGE port: COM17

!ENTRY com.st.stm32cube.ide.mpu.remote.serial 1 1 2026-07-23 19:29:06.920
!MESSAGE port: COM3

!ENTRY com.st.stm32cube.ide.mpu.remote.serial 1 1 2026-07-23 19:29:06.922
!MESSAGE port: COM9

!ENTRY com.st.stm32cube.ide.mpu.remote.serial 1 1 2026-07-23 19:29:06.922
!MESSAGE port: COM10

!ENTRY com.st.stm32cube.ide.mpu.remote.serial 1 1 2026-07-23 19:29:06.925
!MESSAGE port: COM11

!ENTRY com.st.stm32cube.ide.mpu.remote.serial 1 1 2026-07-23 19:29:06.926
!MESSAGE port: COM12

!ENTRY com.st.stm32cube.ide.mpu.remote.serial 1 1 2026-07-23 19:29:06.927
!MESSAGE port: COM13

!ENTRY com.st.stm32cube.ide.mpu.remote.serial 1 1 2026-07-23 19:29:06.928
!MESSAGE port: COM16

!ENTRY com.st.stm32cube.ide.mpu.remote.serial 1 1 2026-07-23 19:29:06.930
!MESSAGE port: COM7

!ENTRY com.st.stm32cube.ide.mpu.remote.serial 1 1 2026-07-23 20:18:11.724
!MESSAGE Executed PowerShell command powershell.exe -Command "Get-CimInstance -ClassName Win32_SerialPort | Select-Object -ExpandProperty DeviceID":
COM4
COM5
COM6
COM8
COM17
COM3
COM9
COM10
COM11
COM12
COM13
COM16


!ENTRY com.st.stm32cube.ide.mpu.remote.serial 1 1 2026-07-23 20:18:11.735
!MESSAGE port: COM4

!ENTRY com.st.stm32cube.ide.mpu.remote.serial 1 1 2026-07-23 20:18:11.736
!MESSAGE port: COM5

!ENTRY com.st.stm32cube.ide.mpu.remote.serial 1 1 2026-07-23 20:18:11.738
!MESSAGE port: COM6

!ENTRY com.st.stm32cube.ide.mpu.remote.serial 1 1 2026-07-23 20:18:11.740
!MESSAGE port: COM8

!ENTRY com.st.stm32cube.ide.mpu.remote.serial 1 1 2026-07-23 20:18:11.742
!MESSAGE port: COM17

!ENTRY com.st.stm32cube.ide.mpu.remote.serial 1 1 2026-07-23 20:18:11.744
!MESSAGE port: COM3

!ENTRY com.st.stm32cube.ide.mpu.remote.serial 1 1 2026-07-23 20:18:11.745
!MESSAGE port: COM9

!ENTRY com.st.stm32cube.ide.mpu.remote.serial 1 1 2026-07-23 20:18:11.746
!MESSAGE port: COM10

!ENTRY com.st.stm32cube.ide.mpu.remote.serial 1 1 2026-07-23 20:18:11.748
!MESSAGE port: COM11

!ENTRY com.st.stm32cube.ide.mpu.remote.serial 1 1 2026-07-23 20:18:11.750
!MESSAGE port: COM12

!ENTRY com.st.stm32cube.ide.mpu.remote.serial 1 1 2026-07-23 20:18:11.751
!MESSAGE port: COM13

!ENTRY com.st.stm32cube.ide.mpu.remote.serial 1 1 2026-07-23 20:18:11.751
!MESSAGE port: COM16

!ENTRY com.st.stm32cube.ide.mpu.remote.serial 1 1 2026-07-23 20:18:56.539
!MESSAGE Executed PowerShell command powershell.exe -Command "Get-CimInstance -ClassName Win32_SerialPort | Select-Object -ExpandProperty DeviceID":
COM4
COM5
COM6
COM8
COM17
COM3
COM9
COM10
COM11
COM12
COM13
COM16
COM7


!ENTRY com.st.stm32cube.ide.mpu.remote.serial 1 1 2026-07-23 20:18:56.541
!MESSAGE port: COM4

!ENTRY com.st.stm32cube.ide.mpu.remote.serial 1 1 2026-07-23 20:18:56.542
!MESSAGE port: COM5

!ENTRY com.st.stm32cube.ide.mpu.remote.serial 1 1 2026-07-23 20:18:56.543
!MESSAGE port: COM6

!ENTRY com.st.stm32cube.ide.mpu.remote.serial 1 1 2026-07-23 20:18:56.544
!MESSAGE port: COM8

!ENTRY com.st.stm32cube.ide.mpu.remote.serial 1 1 2026-07-23 20:18:56.545
!MESSAGE port: COM17

!ENTRY com.st.stm32cube.ide.mpu.remote.serial 1 1 2026-07-23 20:18:56.546
!MESSAGE port: COM3

!ENTRY com.st.stm32cube.ide.mpu.remote.serial 1 1 2026-07-23 20:18:56.547
!MESSAGE port: COM9

!ENTRY com.st.stm32cube.ide.mpu.remote.serial 1 1 2026-07-23 20:18:56.548
!MESSAGE port: COM10

!ENTRY com.st.stm32cube.ide.mpu.remote.serial 1 1 2026-07-23 20:18:56.548
!MESSAGE port: COM11

!ENTRY com.st.stm32cube.ide.mpu.remote.serial 1 1 2026-07-23 20:18:56.550
!MESSAGE port: COM12

!ENTRY com.st.stm32cube.ide.mpu.remote.serial 1 1 2026-07-23 20:18:56.551
!MESSAGE port: COM13

!ENTRY com.st.stm32cube.ide.mpu.remote.serial 1 1 2026-07-23 20:18:56.553
!MESSAGE port: COM16

!ENTRY com.st.stm32cube.ide.mpu.remote.serial 1 1 2026-07-23 20:18:56.554
!MESSAGE port: COM7

!ENTRY com.st.stm32cube.ide.mpu.remote.serial 1 1 2026-07-23 20:21:52.500
!MESSAGE Executed PowerShell command powershell.exe -Command "Get-CimInstance -ClassName Win32_SerialPort | Select-Object -ExpandProperty DeviceID":
COM4
COM5
COM6
COM8
COM17
COM3
COM9
COM10
COM11
COM12
COM13
COM16


!ENTRY com.st.stm32cube.ide.mpu.remote.serial 1 1 2026-07-23 20:21:52.503
!MESSAGE port: COM4

!ENTRY com.st.stm32cube.ide.mpu.remote.serial 1 1 2026-07-23 20:21:52.504
!MESSAGE port: COM5

!ENTRY com.st.stm32cube.ide.mpu.remote.serial 1 1 2026-07-23 20:21:52.505
!MESSAGE port: COM6

!ENTRY com.st.stm32cube.ide.mpu.remote.serial 1 1 2026-07-23 20:21:52.507
!MESSAGE port: COM8

!ENTRY com.st.stm32cube.ide.mpu.remote.serial 1 1 2026-07-23 20:21:52.508
!MESSAGE port: COM17

!ENTRY com.st.stm32cube.ide.mpu.remote.serial 1 1 2026-07-23 20:21:52.509
!MESSAGE port: COM3

!ENTRY com.st.stm32cube.ide.mpu.remote.serial 1 1 2026-07-23 20:21:52.509
!MESSAGE port: COM9

!ENTRY com.st.stm32cube.ide.mpu.remote.serial 1 1 2026-07-23 20:21:52.511
!MESSAGE port: COM10

!ENTRY com.st.stm32cube.ide.mpu.remote.serial 1 1 2026-07-23 20:21:52.512
!MESSAGE port: COM11

!ENTRY com.st.stm32cube.ide.mpu.remote.serial 1 1 2026-07-23 20:21:52.513
!MESSAGE port: COM12

!ENTRY com.st.stm32cube.ide.mpu.remote.serial 1 1 2026-07-23 20:21:52.514
!MESSAGE port: COM13

!ENTRY com.st.stm32cube.ide.mpu.remote.serial 1 1 2026-07-23 20:21:52.515
!MESSAGE port: COM16

!ENTRY com.st.stm32cube.ide.mpu.remote.serial 1 1 2026-07-23 20:23:39.701
!MESSAGE Executed PowerShell command powershell.exe -Command "Get-CimInstance -ClassName Win32_SerialPort | Select-Object -ExpandProperty DeviceID":
COM4
COM5
COM6
COM8
COM17
COM3
COM9
COM10
COM11
COM12
COM13
COM16


!ENTRY com.st.stm32cube.ide.mpu.remote.serial 1 1 2026-07-23 20:23:39.703
!MESSAGE port: COM4

!ENTRY com.st.stm32cube.ide.mpu.remote.serial 1 1 2026-07-23 20:23:39.704
!MESSAGE port: COM5

!ENTRY com.st.stm32cube.ide.mpu.remote.serial 1 1 2026-07-23 20:23:39.705
!MESSAGE port: COM6

!ENTRY com.st.stm32cube.ide.mpu.remote.serial 1 1 2026-07-23 20:23:39.706
!MESSAGE port: COM8

!ENTRY com.st.stm32cube.ide.mpu.remote.serial 1 1 2026-07-23 20:23:39.708
!MESSAGE port: COM17

!ENTRY com.st.stm32cube.ide.mpu.remote.serial 1 1 2026-07-23 20:23:39.708
!MESSAGE port: COM3

!ENTRY com.st.stm32cube.ide.mpu.remote.serial 1 1 2026-07-23 20:23:39.709
!MESSAGE port: COM9

!ENTRY com.st.stm32cube.ide.mpu.remote.serial 1 1 2026-07-23 20:23:39.711
!MESSAGE port: COM10

!ENTRY com.st.stm32cube.ide.mpu.remote.serial 1 1 2026-07-23 20:23:39.712
!MESSAGE port: COM11

!ENTRY com.st.stm32cube.ide.mpu.remote.serial 1 1 2026-07-23 20:23:39.713
!MESSAGE port: COM12

!ENTRY com.st.stm32cube.ide.mpu.remote.serial 1 1 2026-07-23 20:23:39.714
!MESSAGE port: COM13

!ENTRY com.st.stm32cube.ide.mpu.remote.serial 1 1 2026-07-23 20:23:39.715
!MESSAGE port: COM16

!ENTRY com.st.stm32cube.ide.mpu.remote.serial 1 1 2026-07-23 20:24:11.297
!MESSAGE Executed PowerShell command powershell.exe -Command "Get-CimInstance -ClassName Win32_SerialPort | Select-Object -ExpandProperty DeviceID":
COM4
COM5
COM6
COM8
COM17
COM3
COM9
COM10
COM11
COM12
COM13
COM16


!ENTRY com.st.stm32cube.ide.mpu.remote.serial 1 1 2026-07-23 20:24:11.300
!MESSAGE port: COM4

!ENTRY com.st.stm32cube.ide.mpu.remote.serial 1 1 2026-07-23 20:24:11.301
!MESSAGE port: COM5

!ENTRY com.st.stm32cube.ide.mpu.remote.serial 1 1 2026-07-23 20:24:11.303
!MESSAGE port: COM6

!ENTRY com.st.stm32cube.ide.mpu.remote.serial 1 1 2026-07-23 20:24:11.304
!MESSAGE port: COM8

!ENTRY com.st.stm32cube.ide.mpu.remote.serial 1 1 2026-07-23 20:24:11.306
!MESSAGE port: COM17

!ENTRY com.st.stm32cube.ide.mpu.remote.serial 1 1 2026-07-23 20:24:11.307
!MESSAGE port: COM3

!ENTRY com.st.stm32cube.ide.mpu.remote.serial 1 1 2026-07-23 20:24:11.308
!MESSAGE port: COM9

!ENTRY com.st.stm32cube.ide.mpu.remote.serial 1 1 2026-07-23 20:24:11.309
!MESSAGE port: COM10

!ENTRY com.st.stm32cube.ide.mpu.remote.serial 1 1 2026-07-23 20:24:11.310
!MESSAGE port: COM11

!ENTRY com.st.stm32cube.ide.mpu.remote.serial 1 1 2026-07-23 20:24:11.310
!MESSAGE port: COM12

!ENTRY com.st.stm32cube.ide.mpu.remote.serial 1 1 2026-07-23 20:24:11.312
!MESSAGE port: COM13

!ENTRY com.st.stm32cube.ide.mpu.remote.serial 1 1 2026-07-23 20:24:11.312
!MESSAGE port: COM16

!ENTRY com.st.stm32cube.ide.mpu.remote.serial 1 1 2026-07-23 20:25:46.987
!MESSAGE Executed PowerShell command powershell.exe -Command "Get-CimInstance -ClassName Win32_SerialPort | Select-Object -ExpandProperty DeviceID":
COM4
COM5
COM6
COM8
COM17
COM3
COM9
COM10
COM11
COM12
COM13
COM16


!ENTRY com.st.stm32cube.ide.mpu.remote.serial 1 1 2026-07-23 20:25:46.991
!MESSAGE port: COM4

!ENTRY com.st.stm32cube.ide.mpu.remote.serial 1 1 2026-07-23 20:25:46.993
!MESSAGE port: COM5

!ENTRY com.st.stm32cube.ide.mpu.remote.serial 1 1 2026-07-23 20:25:46.995
!MESSAGE port: COM6

!ENTRY com.st.stm32cube.ide.mpu.remote.serial 1 1 2026-07-23 20:25:46.996
!MESSAGE port: COM8

!ENTRY com.st.stm32cube.ide.mpu.remote.serial 1 1 2026-07-23 20:25:46.997
!MESSAGE port: COM17

!ENTRY com.st.stm32cube.ide.mpu.remote.serial 1 1 2026-07-23 20:25:46.998
!MESSAGE port: COM3

!ENTRY com.st.stm32cube.ide.mpu.remote.serial 1 1 2026-07-23 20:25:46.999
!MESSAGE port: COM9

!ENTRY com.st.stm32cube.ide.mpu.remote.serial 1 1 2026-07-23 20:25:47.000
!MESSAGE port: COM10

!ENTRY com.st.stm32cube.ide.mpu.remote.serial 1 1 2026-07-23 20:25:47.002
!MESSAGE port: COM11

!ENTRY com.st.stm32cube.ide.mpu.remote.serial 1 1 2026-07-23 20:25:47.005
!MESSAGE port: COM12

!ENTRY com.st.stm32cube.ide.mpu.remote.serial 1 1 2026-07-23 20:25:47.006
!MESSAGE port: COM13

!ENTRY com.st.stm32cube.ide.mpu.remote.serial 1 1 2026-07-23 20:25:47.007
!MESSAGE port: COM16

!ENTRY com.st.stm32cube.ide.mpu.remote.serial 1 1 2026-07-23 20:26:18.740
!MESSAGE Executed PowerShell command powershell.exe -Command "Get-CimInstance -ClassName Win32_SerialPort | Select-Object -ExpandProperty DeviceID":
COM4
COM5
COM6
COM8
COM17
COM3
COM9
COM10
COM11
COM12
COM13
COM16


!ENTRY com.st.stm32cube.ide.mpu.remote.serial 1 1 2026-07-23 20:26:18.742
!MESSAGE port: COM4

!ENTRY com.st.stm32cube.ide.mpu.remote.serial 1 1 2026-07-23 20:26:18.744
!MESSAGE port: COM5

!ENTRY com.st.stm32cube.ide.mpu.remote.serial 1 1 2026-07-23 20:26:18.746
!MESSAGE port: COM6

!ENTRY com.st.stm32cube.ide.mpu.remote.serial 1 1 2026-07-23 20:26:18.747
!MESSAGE port: COM8

!ENTRY com.st.stm32cube.ide.mpu.remote.serial 1 1 2026-07-23 20:26:18.749
!MESSAGE port: COM17

!ENTRY com.st.stm32cube.ide.mpu.remote.serial 1 1 2026-07-23 20:26:18.752
!MESSAGE port: COM3

!ENTRY com.st.stm32cube.ide.mpu.remote.serial 1 1 2026-07-23 20:26:18.754
!MESSAGE port: COM9

!ENTRY com.st.stm32cube.ide.mpu.remote.serial 1 1 2026-07-23 20:26:18.756
!MESSAGE port: COM10

!ENTRY com.st.stm32cube.ide.mpu.remote.serial 1 1 2026-07-23 20:26:18.758
!MESSAGE port: COM11

!ENTRY com.st.stm32cube.ide.mpu.remote.serial 1 1 2026-07-23 20:26:18.759
!MESSAGE port: COM12

!ENTRY com.st.stm32cube.ide.mpu.remote.serial 1 1 2026-07-23 20:26:18.761
!MESSAGE port: COM13

!ENTRY com.st.stm32cube.ide.mpu.remote.serial 1 1 2026-07-23 20:26:18.764
!MESSAGE port: COM16

!ENTRY com.st.stm32cube.ide.mpu.remote.serial 1 1 2026-07-23 20:26:50.622
!MESSAGE Executed PowerShell command powershell.exe -Command "Get-CimInstance -ClassName Win32_SerialPort | Select-Object -ExpandProperty DeviceID":
COM4
COM5
COM6
COM8
COM17
COM3
COM9
COM10
COM11
COM12
COM13
COM16


!ENTRY com.st.stm32cube.ide.mpu.remote.serial 1 1 2026-07-23 20:26:50.624
!MESSAGE port: COM4

!ENTRY com.st.stm32cube.ide.mpu.remote.serial 1 1 2026-07-23 20:26:50.625
!MESSAGE port: COM5

!ENTRY com.st.stm32cube.ide.mpu.remote.serial 1 1 2026-07-23 20:26:50.626
!MESSAGE port: COM6

!ENTRY com.st.stm32cube.ide.mpu.remote.serial 1 1 2026-07-23 20:26:50.626
!MESSAGE port: COM8

!ENTRY com.st.stm32cube.ide.mpu.remote.serial 1 1 2026-07-23 20:26:50.627
!MESSAGE port: COM17

!ENTRY com.st.stm32cube.ide.mpu.remote.serial 1 1 2026-07-23 20:26:50.628
!MESSAGE port: COM3

!ENTRY com.st.stm32cube.ide.mpu.remote.serial 1 1 2026-07-23 20:26:50.628
!MESSAGE port: COM9

!ENTRY com.st.stm32cube.ide.mpu.remote.serial 1 1 2026-07-23 20:26:50.630
!MESSAGE port: COM10

!ENTRY com.st.stm32cube.ide.mpu.remote.serial 1 1 2026-07-23 20:26:50.630
!MESSAGE port: COM11

!ENTRY com.st.stm32cube.ide.mpu.remote.serial 1 1 2026-07-23 20:26:50.631
!MESSAGE port: COM12

!ENTRY com.st.stm32cube.ide.mpu.remote.serial 1 1 2026-07-23 20:26:50.632
!MESSAGE port: COM13

!ENTRY com.st.stm32cube.ide.mpu.remote.serial 1 1 2026-07-23 20:26:50.632
!MESSAGE port: COM16

!ENTRY com.st.stm32cube.ide.mpu.remote.serial 1 1 2026-07-23 20:27:22.101
!MESSAGE Executed PowerShell command powershell.exe -Command "Get-CimInstance -ClassName Win32_SerialPort | Select-Object -ExpandProperty DeviceID":
COM4
COM5
COM6
COM8
COM17
COM3
COM9
COM10
COM11
COM12
COM13
COM16


!ENTRY com.st.stm32cube.ide.mpu.remote.serial 1 1 2026-07-23 20:27:22.101
!MESSAGE port: COM4

!ENTRY com.st.stm32cube.ide.mpu.remote.serial 1 1 2026-07-23 20:27:22.102
!MESSAGE port: COM5

!ENTRY com.st.stm32cube.ide.mpu.remote.serial 1 1 2026-07-23 20:27:22.103
!MESSAGE port: COM6

!ENTRY com.st.stm32cube.ide.mpu.remote.serial 1 1 2026-07-23 20:27:22.103
!MESSAGE port: COM8

!ENTRY com.st.stm32cube.ide.mpu.remote.serial 1 1 2026-07-23 20:27:22.105
!MESSAGE port: COM17

!ENTRY com.st.stm32cube.ide.mpu.remote.serial 1 1 2026-07-23 20:27:22.105
!MESSAGE port: COM3

!ENTRY com.st.stm32cube.ide.mpu.remote.serial 1 1 2026-07-23 20:27:22.105
!MESSAGE port: COM9

!ENTRY com.st.stm32cube.ide.mpu.remote.serial 1 1 2026-07-23 20:27:22.106
!MESSAGE port: COM10

!ENTRY com.st.stm32cube.ide.mpu.remote.serial 1 1 2026-07-23 20:27:22.106
!MESSAGE port: COM11

!ENTRY com.st.stm32cube.ide.mpu.remote.serial 1 1 2026-07-23 20:27:22.107
!MESSAGE port: COM12

!ENTRY com.st.stm32cube.ide.mpu.remote.serial 1 1 2026-07-23 20:27:22.109
!MESSAGE port: COM13

!ENTRY com.st.stm32cube.ide.mpu.remote.serial 1 1 2026-07-23 20:27:22.110
!MESSAGE port: COM16

!ENTRY com.st.stm32cube.ide.mpu.remote.serial 1 1 2026-07-23 20:27:53.557
!MESSAGE Executed PowerShell command powershell.exe -Command "Get-CimInstance -ClassName Win32_SerialPort | Select-Object -ExpandProperty DeviceID":
COM4
COM5
COM6
COM8
COM17
COM3
COM9
COM10
COM11
COM12
COM13
COM16


!ENTRY com.st.stm32cube.ide.mpu.remote.serial 1 1 2026-07-23 20:27:53.560
!MESSAGE port: COM4

!ENTRY com.st.stm32cube.ide.mpu.remote.serial 1 1 2026-07-23 20:27:53.561
!MESSAGE port: COM5

!ENTRY com.st.stm32cube.ide.mpu.remote.serial 1 1 2026-07-23 20:27:53.561
!MESSAGE port: COM6

!ENTRY com.st.stm32cube.ide.mpu.remote.serial 1 1 2026-07-23 20:27:53.562
!MESSAGE port: COM8

!ENTRY com.st.stm32cube.ide.mpu.remote.serial 1 1 2026-07-23 20:27:53.564
!MESSAGE port: COM17

!ENTRY com.st.stm32cube.ide.mpu.remote.serial 1 1 2026-07-23 20:27:53.565
!MESSAGE port: COM3

!ENTRY com.st.stm32cube.ide.mpu.remote.serial 1 1 2026-07-23 20:27:53.565
!MESSAGE port: COM9

!ENTRY com.st.stm32cube.ide.mpu.remote.serial 1 1 2026-07-23 20:27:53.567
!MESSAGE port: COM10

!ENTRY com.st.stm32cube.ide.mpu.remote.serial 1 1 2026-07-23 20:27:53.568
!MESSAGE port: COM11

!ENTRY com.st.stm32cube.ide.mpu.remote.serial 1 1 2026-07-23 20:27:53.568
!MESSAGE port: COM12

!ENTRY com.st.stm32cube.ide.mpu.remote.serial 1 1 2026-07-23 20:27:53.569
!MESSAGE port: COM13

!ENTRY com.st.stm32cube.ide.mpu.remote.serial 1 1 2026-07-23 20:27:53.570
!MESSAGE port: COM16

!ENTRY com.st.stm32cube.ide.mpu.remote.serial 1 1 2026-07-23 20:28:25.513
!MESSAGE Executed PowerShell command powershell.exe -Command "Get-CimInstance -ClassName Win32_SerialPort | Select-Object -ExpandProperty DeviceID":
COM4
COM5
COM6
COM8
COM17
COM3
COM9
COM10
COM11
COM12
COM13
COM16


!ENTRY com.st.stm32cube.ide.mpu.remote.serial 1 1 2026-07-23 20:28:25.515
!MESSAGE port: COM4

!ENTRY com.st.stm32cube.ide.mpu.remote.serial 1 1 2026-07-23 20:28:25.515
!MESSAGE port: COM5

!ENTRY com.st.stm32cube.ide.mpu.remote.serial 1 1 2026-07-23 20:28:25.516
!MESSAGE port: COM6

!ENTRY com.st.stm32cube.ide.mpu.remote.serial 1 1 2026-07-23 20:28:25.516
!MESSAGE port: COM8

!ENTRY com.st.stm32cube.ide.mpu.remote.serial 1 1 2026-07-23 20:28:25.517
!MESSAGE port: COM17

!ENTRY com.st.stm32cube.ide.mpu.remote.serial 1 1 2026-07-23 20:28:25.518
!MESSAGE port: COM3

!ENTRY com.st.stm32cube.ide.mpu.remote.serial 1 1 2026-07-23 20:28:25.519
!MESSAGE port: COM9

!ENTRY com.st.stm32cube.ide.mpu.remote.serial 1 1 2026-07-23 20:28:25.519
!MESSAGE port: COM10

!ENTRY com.st.stm32cube.ide.mpu.remote.serial 1 1 2026-07-23 20:28:25.520
!MESSAGE port: COM11

!ENTRY com.st.stm32cube.ide.mpu.remote.serial 1 1 2026-07-23 20:28:25.520
!MESSAGE port: COM12

!ENTRY com.st.stm32cube.ide.mpu.remote.serial 1 1 2026-07-23 20:28:25.522
!MESSAGE port: COM13

!ENTRY com.st.stm32cube.ide.mpu.remote.serial 1 1 2026-07-23 20:28:25.522
!MESSAGE port: COM16

!ENTRY com.st.stm32cube.ide.mpu.remote.serial 1 1 2026-07-23 20:28:56.896
!MESSAGE Executed PowerShell command powershell.exe -Command "Get-CimInstance -ClassName Win32_SerialPort | Select-Object -ExpandProperty DeviceID":
COM4
COM5
COM6
COM8
COM17
COM3
COM9
COM10
COM11
COM12
COM13
COM16
COM7


!ENTRY com.st.stm32cube.ide.mpu.remote.serial 1 1 2026-07-23 20:28:56.899
!MESSAGE port: COM4

!ENTRY com.st.stm32cube.ide.mpu.remote.serial 1 1 2026-07-23 20:28:56.900
!MESSAGE port: COM5

!ENTRY com.st.stm32cube.ide.mpu.remote.serial 1 1 2026-07-23 20:28:56.901
!MESSAGE port: COM6

!ENTRY com.st.stm32cube.ide.mpu.remote.serial 1 1 2026-07-23 20:28:56.906
!MESSAGE port: COM8

!ENTRY com.st.stm32cube.ide.mpu.remote.serial 1 1 2026-07-23 20:28:56.907
!MESSAGE port: COM17

!ENTRY com.st.stm32cube.ide.mpu.remote.serial 1 1 2026-07-23 20:28:56.908
!MESSAGE port: COM3

!ENTRY com.st.stm32cube.ide.mpu.remote.serial 1 1 2026-07-23 20:28:56.915
!MESSAGE port: COM9

!ENTRY com.st.stm32cube.ide.mpu.remote.serial 1 1 2026-07-23 20:28:56.917
!MESSAGE port: COM10

!ENTRY com.st.stm32cube.ide.mpu.remote.serial 1 1 2026-07-23 20:28:56.918
!MESSAGE port: COM11

!ENTRY com.st.stm32cube.ide.mpu.remote.serial 1 1 2026-07-23 20:28:56.919
!MESSAGE port: COM12

!ENTRY com.st.stm32cube.ide.mpu.remote.serial 1 1 2026-07-23 20:28:56.920
!MESSAGE port: COM13

!ENTRY com.st.stm32cube.ide.mpu.remote.serial 1 1 2026-07-23 20:28:56.921
!MESSAGE port: COM16

!ENTRY com.st.stm32cube.ide.mpu.remote.serial 1 1 2026-07-23 20:28:56.922
!MESSAGE port: COM7

!ENTRY com.st.stm32cube.ide.mpu.remote.serial 1 1 2026-07-23 20:30:19.125
!MESSAGE Executed PowerShell command powershell.exe -Command "Get-CimInstance -ClassName Win32_SerialPort | Select-Object -ExpandProperty DeviceID":
COM4
COM5
COM6
COM8
COM17
COM3
COM9
COM10
COM11
COM12
COM13
COM16


!ENTRY com.st.stm32cube.ide.mpu.remote.serial 1 1 2026-07-23 20:30:19.130
!MESSAGE port: COM4

!ENTRY com.st.stm32cube.ide.mpu.remote.serial 1 1 2026-07-23 20:30:19.132
!MESSAGE port: COM5

!ENTRY com.st.stm32cube.ide.mpu.remote.serial 1 1 2026-07-23 20:30:19.133
!MESSAGE port: COM6

!ENTRY com.st.stm32cube.ide.mpu.remote.serial 1 1 2026-07-23 20:30:19.134
!MESSAGE port: COM8

!ENTRY com.st.stm32cube.ide.mpu.remote.serial 1 1 2026-07-23 20:30:19.134
!MESSAGE port: COM17

!ENTRY com.st.stm32cube.ide.mpu.remote.serial 1 1 2026-07-23 20:30:19.135
!MESSAGE port: COM3

!ENTRY com.st.stm32cube.ide.mpu.remote.serial 1 1 2026-07-23 20:30:19.136
!MESSAGE port: COM9

!ENTRY com.st.stm32cube.ide.mpu.remote.serial 1 1 2026-07-23 20:30:19.136
!MESSAGE port: COM10

!ENTRY com.st.stm32cube.ide.mpu.remote.serial 1 1 2026-07-23 20:30:19.138
!MESSAGE port: COM11

!ENTRY com.st.stm32cube.ide.mpu.remote.serial 1 1 2026-07-23 20:30:19.139
!MESSAGE port: COM12

!ENTRY com.st.stm32cube.ide.mpu.remote.serial 1 1 2026-07-23 20:30:19.140
!MESSAGE port: COM13

!ENTRY com.st.stm32cube.ide.mpu.remote.serial 1 1 2026-07-23 20:30:19.141
!MESSAGE port: COM16

!ENTRY com.st.stm32cube.ide.mpu.remote.serial 1 1 2026-07-23 20:31:50.601
!MESSAGE Executed PowerShell command powershell.exe -Command "Get-CimInstance -ClassName Win32_SerialPort | Select-Object -ExpandProperty DeviceID":
COM4
COM5
COM6
COM8
COM17
COM3
COM9
COM10
COM11
COM12
COM13
COM16
COM7


!ENTRY com.st.stm32cube.ide.mpu.remote.serial 1 1 2026-07-23 20:31:50.603
!MESSAGE port: COM4

!ENTRY com.st.stm32cube.ide.mpu.remote.serial 1 1 2026-07-23 20:31:50.605
!MESSAGE port: COM5

!ENTRY com.st.stm32cube.ide.mpu.remote.serial 1 1 2026-07-23 20:31:50.606
!MESSAGE port: COM6

!ENTRY com.st.stm32cube.ide.mpu.remote.serial 1 1 2026-07-23 20:31:50.606
!MESSAGE port: COM8

!ENTRY com.st.stm32cube.ide.mpu.remote.serial 1 1 2026-07-23 20:31:50.607
!MESSAGE port: COM17

!ENTRY com.st.stm32cube.ide.mpu.remote.serial 1 1 2026-07-23 20:31:50.607
!MESSAGE port: COM3

!ENTRY com.st.stm32cube.ide.mpu.remote.serial 1 1 2026-07-23 20:31:50.608
!MESSAGE port: COM9

!ENTRY com.st.stm32cube.ide.mpu.remote.serial 1 1 2026-07-23 20:31:50.608
!MESSAGE port: COM10

!ENTRY com.st.stm32cube.ide.mpu.remote.serial 1 1 2026-07-23 20:31:50.610
!MESSAGE port: COM11

!ENTRY com.st.stm32cube.ide.mpu.remote.serial 1 1 2026-07-23 20:31:50.610
!MESSAGE port: COM12

!ENTRY com.st.stm32cube.ide.mpu.remote.serial 1 1 2026-07-23 20:31:50.611
!MESSAGE port: COM13

!ENTRY com.st.stm32cube.ide.mpu.remote.serial 1 1 2026-07-23 20:31:50.611
!MESSAGE port: COM16

!ENTRY com.st.stm32cube.ide.mpu.remote.serial 1 1 2026-07-23 20:31:50.612
!MESSAGE port: COM7

!ENTRY com.st.stm32cube.ide.mpu.remote.serial 1 1 2026-07-23 20:32:23.800
!MESSAGE Executed PowerShell command powershell.exe -Command "Get-CimInstance -ClassName Win32_SerialPort | Select-Object -ExpandProperty DeviceID":
COM4
COM5
COM6
COM8
COM17
COM3
COM9
COM10
COM11
COM12
COM13
COM16


!ENTRY com.st.stm32cube.ide.mpu.remote.serial 1 1 2026-07-23 20:32:23.800
!MESSAGE port: COM4

!ENTRY com.st.stm32cube.ide.mpu.remote.serial 1 1 2026-07-23 20:32:23.802
!MESSAGE port: COM5

!ENTRY com.st.stm32cube.ide.mpu.remote.serial 1 1 2026-07-23 20:32:23.803
!MESSAGE port: COM6

!ENTRY com.st.stm32cube.ide.mpu.remote.serial 1 1 2026-07-23 20:32:23.803
!MESSAGE port: COM8

!ENTRY com.st.stm32cube.ide.mpu.remote.serial 1 1 2026-07-23 20:32:23.804
!MESSAGE port: COM17

!ENTRY com.st.stm32cube.ide.mpu.remote.serial 1 1 2026-07-23 20:32:23.805
!MESSAGE port: COM3

!ENTRY com.st.stm32cube.ide.mpu.remote.serial 1 1 2026-07-23 20:32:23.805
!MESSAGE port: COM9

!ENTRY com.st.stm32cube.ide.mpu.remote.serial 1 1 2026-07-23 20:32:23.806
!MESSAGE port: COM10

!ENTRY com.st.stm32cube.ide.mpu.remote.serial 1 1 2026-07-23 20:32:23.806
!MESSAGE port: COM11

!ENTRY com.st.stm32cube.ide.mpu.remote.serial 1 1 2026-07-23 20:32:23.808
!MESSAGE port: COM12

!ENTRY com.st.stm32cube.ide.mpu.remote.serial 1 1 2026-07-23 20:32:23.808
!MESSAGE port: COM13

!ENTRY com.st.stm32cube.ide.mpu.remote.serial 1 1 2026-07-23 20:32:23.809
!MESSAGE port: COM16

!ENTRY com.st.stm32cube.ide.mpu.remote.serial 1 1 2026-07-23 20:36:03.996
!MESSAGE Executed PowerShell command powershell.exe -Command "Get-CimInstance -ClassName Win32_SerialPort | Select-Object -ExpandProperty DeviceID":
COM4
COM5
COM6
COM8
COM17
COM3
COM9
COM10
COM11
COM12
COM13
COM16
COM7


!ENTRY com.st.stm32cube.ide.mpu.remote.serial 1 1 2026-07-23 20:36:03.999
!MESSAGE port: COM4

!ENTRY com.st.stm32cube.ide.mpu.remote.serial 1 1 2026-07-23 20:36:03.999
!MESSAGE port: COM5

!ENTRY com.st.stm32cube.ide.mpu.remote.serial 1 1 2026-07-23 20:36:04.001
!MESSAGE port: COM6

!ENTRY com.st.stm32cube.ide.mpu.remote.serial 1 1 2026-07-23 20:36:04.002
!MESSAGE port: COM8

!ENTRY com.st.stm32cube.ide.mpu.remote.serial 1 1 2026-07-23 20:36:04.002
!MESSAGE port: COM17

!ENTRY com.st.stm32cube.ide.mpu.remote.serial 1 1 2026-07-23 20:36:04.003
!MESSAGE port: COM3

!ENTRY com.st.stm32cube.ide.mpu.remote.serial 1 1 2026-07-23 20:36:04.004
!MESSAGE port: COM9

!ENTRY com.st.stm32cube.ide.mpu.remote.serial 1 1 2026-07-23 20:36:04.004
!MESSAGE port: COM10

!ENTRY com.st.stm32cube.ide.mpu.remote.serial 1 1 2026-07-23 20:36:04.005
!MESSAGE port: COM11

!ENTRY com.st.stm32cube.ide.mpu.remote.serial 1 1 2026-07-23 20:36:04.007
!MESSAGE port: COM12

!ENTRY com.st.stm32cube.ide.mpu.remote.serial 1 1 2026-07-23 20:36:04.008
!MESSAGE port: COM13

!ENTRY com.st.stm32cube.ide.mpu.remote.serial 1 1 2026-07-23 20:36:04.008
!MESSAGE port: COM16

!ENTRY com.st.stm32cube.ide.mpu.remote.serial 1 1 2026-07-23 20:36:04.009
!MESSAGE port: COM7

!ENTRY com.st.stm32cube.ide.mpu.remote.serial 1 1 2026-07-23 20:36:50.982
!MESSAGE Executed PowerShell command powershell.exe -Command "Get-CimInstance -ClassName Win32_SerialPort | Select-Object -ExpandProperty DeviceID":
COM4
COM5
COM6
COM8
COM17
COM3
COM9
COM10
COM11
COM12
COM13
COM16


!ENTRY com.st.stm32cube.ide.mpu.remote.serial 1 1 2026-07-23 20:36:50.983
!MESSAGE port: COM4

!ENTRY com.st.stm32cube.ide.mpu.remote.serial 1 1 2026-07-23 20:36:50.983
!MESSAGE port: COM5

!ENTRY com.st.stm32cube.ide.mpu.remote.serial 1 1 2026-07-23 20:36:50.984
!MESSAGE port: COM6

!ENTRY com.st.stm32cube.ide.mpu.remote.serial 1 1 2026-07-23 20:36:50.985
!MESSAGE port: COM8

!ENTRY com.st.stm32cube.ide.mpu.remote.serial 1 1 2026-07-23 20:36:50.985
!MESSAGE port: COM17

!ENTRY com.st.stm32cube.ide.mpu.remote.serial 1 1 2026-07-23 20:36:50.987
!MESSAGE port: COM3

!ENTRY com.st.stm32cube.ide.mpu.remote.serial 1 1 2026-07-23 20:36:50.988
!MESSAGE port: COM9

!ENTRY com.st.stm32cube.ide.mpu.remote.serial 1 1 2026-07-23 20:36:50.988
!MESSAGE port: COM10

!ENTRY com.st.stm32cube.ide.mpu.remote.serial 1 1 2026-07-23 20:36:50.989
!MESSAGE port: COM11

!ENTRY com.st.stm32cube.ide.mpu.remote.serial 1 1 2026-07-23 20:36:50.989
!MESSAGE port: COM12

!ENTRY com.st.stm32cube.ide.mpu.remote.serial 1 1 2026-07-23 20:36:50.990
!MESSAGE port: COM13

!ENTRY com.st.stm32cube.ide.mpu.remote.serial 1 1 2026-07-23 20:36:50.990
!MESSAGE port: COM16

!ENTRY com.st.stm32cube.ide.mpu.remote.serial 1 1 2026-07-23 20:38:30.806
!MESSAGE Executed PowerShell command powershell.exe -Command "Get-CimInstance -ClassName Win32_SerialPort | Select-Object -ExpandProperty DeviceID":
COM4
COM5
COM6
COM8
COM17
COM3
COM9
COM10
COM11
COM12
COM13
COM16


!ENTRY com.st.stm32cube.ide.mpu.remote.serial 1 1 2026-07-23 20:38:30.807
!MESSAGE port: COM4

!ENTRY com.st.stm32cube.ide.mpu.remote.serial 1 1 2026-07-23 20:38:30.808
!MESSAGE port: COM5

!ENTRY com.st.stm32cube.ide.mpu.remote.serial 1 1 2026-07-23 20:38:30.810
!MESSAGE port: COM6

!ENTRY com.st.stm32cube.ide.mpu.remote.serial 1 1 2026-07-23 20:38:30.810
!MESSAGE port: COM8

!ENTRY com.st.stm32cube.ide.mpu.remote.serial 1 1 2026-07-23 20:38:30.811
!MESSAGE port: COM17

!ENTRY com.st.stm32cube.ide.mpu.remote.serial 1 1 2026-07-23 20:38:30.811
!MESSAGE port: COM3

!ENTRY com.st.stm32cube.ide.mpu.remote.serial 1 1 2026-07-23 20:38:30.811
!MESSAGE port: COM9

!ENTRY com.st.stm32cube.ide.mpu.remote.serial 1 1 2026-07-23 20:38:30.812
!MESSAGE port: COM10

!ENTRY com.st.stm32cube.ide.mpu.remote.serial 1 1 2026-07-23 20:38:30.813
!MESSAGE port: COM11

!ENTRY com.st.stm32cube.ide.mpu.remote.serial 1 1 2026-07-23 20:38:30.814
!MESSAGE port: COM12

!ENTRY com.st.stm32cube.ide.mpu.remote.serial 1 1 2026-07-23 20:38:30.814
!MESSAGE port: COM13

!ENTRY com.st.stm32cube.ide.mpu.remote.serial 1 1 2026-07-23 20:38:30.814
!MESSAGE port: COM16

!ENTRY com.st.stm32cube.ide.mpu.remote.serial 1 1 2026-07-23 20:39:02.115
!MESSAGE Executed PowerShell command powershell.exe -Command "Get-CimInstance -ClassName Win32_SerialPort | Select-Object -ExpandProperty DeviceID":
COM4
COM5
COM6
COM8
COM17
COM3
COM9
COM10
COM11
COM12
COM13
COM16


!ENTRY com.st.stm32cube.ide.mpu.remote.serial 1 1 2026-07-23 20:39:02.116
!MESSAGE port: COM4

!ENTRY com.st.stm32cube.ide.mpu.remote.serial 1 1 2026-07-23 20:39:02.117
!MESSAGE port: COM5

!ENTRY com.st.stm32cube.ide.mpu.remote.serial 1 1 2026-07-23 20:39:02.117
!MESSAGE port: COM6

!ENTRY com.st.stm32cube.ide.mpu.remote.serial 1 1 2026-07-23 20:39:02.119
!MESSAGE port: COM8

!ENTRY com.st.stm32cube.ide.mpu.remote.serial 1 1 2026-07-23 20:39:02.119
!MESSAGE port: COM17

!ENTRY com.st.stm32cube.ide.mpu.remote.serial 1 1 2026-07-23 20:39:02.120
!MESSAGE port: COM3

!ENTRY com.st.stm32cube.ide.mpu.remote.serial 1 1 2026-07-23 20:39:02.120
!MESSAGE port: COM9

!ENTRY com.st.stm32cube.ide.mpu.remote.serial 1 1 2026-07-23 20:39:02.121
!MESSAGE port: COM10

!ENTRY com.st.stm32cube.ide.mpu.remote.serial 1 1 2026-07-23 20:39:02.121
!MESSAGE port: COM11

!ENTRY com.st.stm32cube.ide.mpu.remote.serial 1 1 2026-07-23 20:39:02.122
!MESSAGE port: COM12

!ENTRY com.st.stm32cube.ide.mpu.remote.serial 1 1 2026-07-23 20:39:02.123
!MESSAGE port: COM13

!ENTRY com.st.stm32cube.ide.mpu.remote.serial 1 1 2026-07-23 20:39:02.123
!MESSAGE port: COM16

!ENTRY com.st.stm32cube.ide.mpu.remote.serial 1 1 2026-07-23 22:14:56.399
!MESSAGE Executed PowerShell command powershell.exe -Command "Get-CimInstance -ClassName Win32_SerialPort | Select-Object -ExpandProperty DeviceID":
COM4
COM5
COM6
COM8
COM17
COM3
COM9
COM10
COM11
COM12
COM13
COM16
COM7


!ENTRY com.st.stm32cube.ide.mpu.remote.serial 1 1 2026-07-23 22:14:56.401
!MESSAGE port: COM4

!ENTRY com.st.stm32cube.ide.mpu.remote.serial 1 1 2026-07-23 22:14:56.401
!MESSAGE port: COM5

!ENTRY com.st.stm32cube.ide.mpu.remote.serial 1 1 2026-07-23 22:14:56.401
!MESSAGE port: COM6

!ENTRY com.st.stm32cube.ide.mpu.remote.serial 1 1 2026-07-23 22:14:56.401
!MESSAGE port: COM8

!ENTRY com.st.stm32cube.ide.mpu.remote.serial 1 1 2026-07-23 22:14:56.410
!MESSAGE port: COM17

!ENTRY com.st.stm32cube.ide.mpu.remote.serial 1 1 2026-07-23 22:14:56.412
!MESSAGE port: COM3

!ENTRY com.st.stm32cube.ide.mpu.remote.serial 1 1 2026-07-23 22:14:56.413
!MESSAGE port: COM9

!ENTRY com.st.stm32cube.ide.mpu.remote.serial 1 1 2026-07-23 22:14:56.413
!MESSAGE port: COM10

!ENTRY com.st.stm32cube.ide.mpu.remote.serial 1 1 2026-07-23 22:14:56.413
!MESSAGE port: COM11

!ENTRY com.st.stm32cube.ide.mpu.remote.serial 1 1 2026-07-23 22:14:56.415
!MESSAGE port: COM12

!ENTRY com.st.stm32cube.ide.mpu.remote.serial 1 1 2026-07-23 22:14:56.417
!MESSAGE port: COM13

!ENTRY com.st.stm32cube.ide.mpu.remote.serial 1 1 2026-07-23 22:14:56.417
!MESSAGE port: COM16

!ENTRY com.st.stm32cube.ide.mpu.remote.serial 1 1 2026-07-23 22:14:56.419
!MESSAGE port: COM7

!ENTRY com.st.stm32cube.ide.mpu.remote.serial 1 1 2026-07-23 22:16:23.739
!MESSAGE Executed PowerShell command powershell.exe -Command "Get-CimInstance -ClassName Win32_SerialPort | Select-Object -ExpandProperty DeviceID":
COM4
COM5
COM6
COM8
COM17
COM3
COM9
COM10
COM11
COM12
COM13
COM16


!ENTRY com.st.stm32cube.ide.mpu.remote.serial 1 1 2026-07-23 22:16:23.749
!MESSAGE port: COM4

!ENTRY com.st.stm32cube.ide.mpu.remote.serial 1 1 2026-07-23 22:16:23.751
!MESSAGE port: COM5

!ENTRY com.st.stm32cube.ide.mpu.remote.serial 1 1 2026-07-23 22:16:23.754
!MESSAGE port: COM6

!ENTRY com.st.stm32cube.ide.mpu.remote.serial 1 1 2026-07-23 22:16:23.754
!MESSAGE port: COM8

!ENTRY com.st.stm32cube.ide.mpu.remote.serial 1 1 2026-07-23 22:16:23.756
!MESSAGE port: COM17

!ENTRY com.st.stm32cube.ide.mpu.remote.serial 1 1 2026-07-23 22:16:23.757
!MESSAGE port: COM3

!ENTRY com.st.stm32cube.ide.mpu.remote.serial 1 1 2026-07-23 22:16:23.757
!MESSAGE port: COM9

!ENTRY com.st.stm32cube.ide.mpu.remote.serial 1 1 2026-07-23 22:16:23.759
!MESSAGE port: COM10

!ENTRY com.st.stm32cube.ide.mpu.remote.serial 1 1 2026-07-23 22:16:23.759
!MESSAGE port: COM11

!ENTRY com.st.stm32cube.ide.mpu.remote.serial 1 1 2026-07-23 22:16:23.759
!MESSAGE port: COM12

!ENTRY com.st.stm32cube.ide.mpu.remote.serial 1 1 2026-07-23 22:16:23.759
!MESSAGE port: COM13

!ENTRY com.st.stm32cube.ide.mpu.remote.serial 1 1 2026-07-23 22:16:23.759
!MESSAGE port: COM16

!ENTRY com.st.stm32cube.ide.mpu.remote.serial 1 1 2026-07-23 22:17:05.416
!MESSAGE Executed PowerShell command powershell.exe -Command "Get-CimInstance -ClassName Win32_SerialPort | Select-Object -ExpandProperty DeviceID":
COM4
COM5
COM6
COM8
COM17
COM3
COM9
COM10
COM11
COM12
COM13
COM16
COM7


!ENTRY com.st.stm32cube.ide.mpu.remote.serial 1 1 2026-07-23 22:17:05.418
!MESSAGE port: COM4

!ENTRY com.st.stm32cube.ide.mpu.remote.serial 1 1 2026-07-23 22:17:05.419
!MESSAGE port: COM5

!ENTRY com.st.stm32cube.ide.mpu.remote.serial 1 1 2026-07-23 22:17:05.420
!MESSAGE port: COM6

!ENTRY com.st.stm32cube.ide.mpu.remote.serial 1 1 2026-07-23 22:17:05.421
!MESSAGE port: COM8

!ENTRY com.st.stm32cube.ide.mpu.remote.serial 1 1 2026-07-23 22:17:05.422
!MESSAGE port: COM17

!ENTRY com.st.stm32cube.ide.mpu.remote.serial 1 1 2026-07-23 22:17:05.424
!MESSAGE port: COM3

!ENTRY com.st.stm32cube.ide.mpu.remote.serial 1 1 2026-07-23 22:17:05.425
!MESSAGE port: COM9

!ENTRY com.st.stm32cube.ide.mpu.remote.serial 1 1 2026-07-23 22:17:05.425
!MESSAGE port: COM10

!ENTRY com.st.stm32cube.ide.mpu.remote.serial 1 1 2026-07-23 22:17:05.427
!MESSAGE port: COM11

!ENTRY com.st.stm32cube.ide.mpu.remote.serial 1 1 2026-07-23 22:17:05.429
!MESSAGE port: COM12

!ENTRY com.st.stm32cube.ide.mpu.remote.serial 1 1 2026-07-23 22:17:05.430
!MESSAGE port: COM13

!ENTRY com.st.stm32cube.ide.mpu.remote.serial 1 1 2026-07-23 22:17:05.430
!MESSAGE port: COM16

!ENTRY com.st.stm32cube.ide.mpu.remote.serial 1 1 2026-07-23 22:17:05.432
!MESSAGE port: COM7

!ENTRY com.st.stm32cube.ide.mpu.remote.serial 1 1 2026-07-23 22:18:11.083
!MESSAGE Executed PowerShell command powershell.exe -Command "Get-CimInstance -ClassName Win32_SerialPort | Select-Object -ExpandProperty DeviceID":
COM4
COM5
COM6
COM8
COM17
COM3
COM9
COM10
COM11
COM12
COM13
COM16


!ENTRY com.st.stm32cube.ide.mpu.remote.serial 1 1 2026-07-23 22:18:11.085
!MESSAGE port: COM4

!ENTRY com.st.stm32cube.ide.mpu.remote.serial 1 1 2026-07-23 22:18:11.086
!MESSAGE port: COM5

!ENTRY com.st.stm32cube.ide.mpu.remote.serial 1 1 2026-07-23 22:18:11.087
!MESSAGE port: COM6

!ENTRY com.st.stm32cube.ide.mpu.remote.serial 1 1 2026-07-23 22:18:11.089
!MESSAGE port: COM8

!ENTRY com.st.stm32cube.ide.mpu.remote.serial 1 1 2026-07-23 22:18:11.090
!MESSAGE port: COM17

!ENTRY com.st.stm32cube.ide.mpu.remote.serial 1 1 2026-07-23 22:18:11.092
!MESSAGE port: COM3

!ENTRY com.st.stm32cube.ide.mpu.remote.serial 1 1 2026-07-23 22:18:11.093
!MESSAGE port: COM9

!ENTRY com.st.stm32cube.ide.mpu.remote.serial 1 1 2026-07-23 22:18:11.095
!MESSAGE port: COM10

!ENTRY com.st.stm32cube.ide.mpu.remote.serial 1 1 2026-07-23 22:18:11.096
!MESSAGE port: COM11

!ENTRY com.st.stm32cube.ide.mpu.remote.serial 1 1 2026-07-23 22:18:11.098
!MESSAGE port: COM12

!ENTRY com.st.stm32cube.ide.mpu.remote.serial 1 1 2026-07-23 22:18:11.099
!MESSAGE port: COM13

!ENTRY com.st.stm32cube.ide.mpu.remote.serial 1 1 2026-07-23 22:18:11.100
!MESSAGE port: COM16

!ENTRY com.st.stm32cube.ide.mpu.remote.serial 1 1 2026-07-23 22:19:37.433
!MESSAGE Executed PowerShell command powershell.exe -Command "Get-CimInstance -ClassName Win32_SerialPort | Select-Object -ExpandProperty DeviceID":
COM4
COM5
COM6
COM8
COM17
COM3
COM9
COM10
COM11
COM12
COM13
COM16


!ENTRY com.st.stm32cube.ide.mpu.remote.serial 1 1 2026-07-23 22:19:37.439
!MESSAGE port: COM4

!ENTRY com.st.stm32cube.ide.mpu.remote.serial 1 1 2026-07-23 22:19:37.440
!MESSAGE port: COM5

!ENTRY com.st.stm32cube.ide.mpu.remote.serial 1 1 2026-07-23 22:19:37.441
!MESSAGE port: COM6

!ENTRY com.st.stm32cube.ide.mpu.remote.serial 1 1 2026-07-23 22:19:37.441
!MESSAGE port: COM8

!ENTRY com.st.stm32cube.ide.mpu.remote.serial 1 1 2026-07-23 22:19:37.441
!MESSAGE port: COM17

!ENTRY com.st.stm32cube.ide.mpu.remote.serial 1 1 2026-07-23 22:19:37.445
!MESSAGE port: COM3

!ENTRY com.st.stm32cube.ide.mpu.remote.serial 1 1 2026-07-23 22:19:37.447
!MESSAGE port: COM9

!ENTRY com.st.stm32cube.ide.mpu.remote.serial 1 1 2026-07-23 22:19:37.447
!MESSAGE port: COM10

!ENTRY com.st.stm32cube.ide.mpu.remote.serial 1 1 2026-07-23 22:19:37.449
!MESSAGE port: COM11

!ENTRY com.st.stm32cube.ide.mpu.remote.serial 1 1 2026-07-23 22:19:37.450
!MESSAGE port: COM12

!ENTRY com.st.stm32cube.ide.mpu.remote.serial 1 1 2026-07-23 22:19:37.450
!MESSAGE port: COM13

!ENTRY com.st.stm32cube.ide.mpu.remote.serial 1 1 2026-07-23 22:19:37.450
!MESSAGE port: COM16

!ENTRY com.st.stm32cube.ide.mpu.remote.serial 1 1 2026-07-23 22:20:09.078
!MESSAGE Executed PowerShell command powershell.exe -Command "Get-CimInstance -ClassName Win32_SerialPort | Select-Object -ExpandProperty DeviceID":
COM4
COM5
COM6
COM8
COM17
COM3
COM9
COM10
COM11
COM12
COM13
COM16


!ENTRY com.st.stm32cube.ide.mpu.remote.serial 1 1 2026-07-23 22:20:09.079
!MESSAGE port: COM4

!ENTRY com.st.stm32cube.ide.mpu.remote.serial 1 1 2026-07-23 22:20:09.081
!MESSAGE port: COM5

!ENTRY com.st.stm32cube.ide.mpu.remote.serial 1 1 2026-07-23 22:20:09.082
!MESSAGE port: COM6

!ENTRY com.st.stm32cube.ide.mpu.remote.serial 1 1 2026-07-23 22:20:09.084
!MESSAGE port: COM8

!ENTRY com.st.stm32cube.ide.mpu.remote.serial 1 1 2026-07-23 22:20:09.085
!MESSAGE port: COM17

!ENTRY com.st.stm32cube.ide.mpu.remote.serial 1 1 2026-07-23 22:20:09.087
!MESSAGE port: COM3

!ENTRY com.st.stm32cube.ide.mpu.remote.serial 1 1 2026-07-23 22:20:09.088
!MESSAGE port: COM9

!ENTRY com.st.stm32cube.ide.mpu.remote.serial 1 1 2026-07-23 22:20:09.089
!MESSAGE port: COM10

!ENTRY com.st.stm32cube.ide.mpu.remote.serial 1 1 2026-07-23 22:20:09.091
!MESSAGE port: COM11

!ENTRY com.st.stm32cube.ide.mpu.remote.serial 1 1 2026-07-23 22:20:09.093
!MESSAGE port: COM12

!ENTRY com.st.stm32cube.ide.mpu.remote.serial 1 1 2026-07-23 22:20:09.094
!MESSAGE port: COM13

!ENTRY com.st.stm32cube.ide.mpu.remote.serial 1 1 2026-07-23 22:20:09.096
!MESSAGE port: COM16

!ENTRY com.st.stm32cube.ide.mpu.remote.serial 1 1 2026-07-23 22:21:03.744
!MESSAGE Executed PowerShell command powershell.exe -Command "Get-CimInstance -ClassName Win32_SerialPort | Select-Object -ExpandProperty DeviceID":
COM4
COM5
COM6
COM8
COM17
COM3
COM9
COM10
COM11
COM12
COM13
COM16


!ENTRY com.st.stm32cube.ide.mpu.remote.serial 1 1 2026-07-23 22:21:03.746
!MESSAGE port: COM4

!ENTRY com.st.stm32cube.ide.mpu.remote.serial 1 1 2026-07-23 22:21:03.747
!MESSAGE port: COM5

!ENTRY com.st.stm32cube.ide.mpu.remote.serial 1 1 2026-07-23 22:21:03.748
!MESSAGE port: COM6

!ENTRY com.st.stm32cube.ide.mpu.remote.serial 1 1 2026-07-23 22:21:03.749
!MESSAGE port: COM8

!ENTRY com.st.stm32cube.ide.mpu.remote.serial 1 1 2026-07-23 22:21:03.750
!MESSAGE port: COM17

!ENTRY com.st.stm32cube.ide.mpu.remote.serial 1 1 2026-07-23 22:21:03.751
!MESSAGE port: COM3

!ENTRY com.st.stm32cube.ide.mpu.remote.serial 1 1 2026-07-23 22:21:03.752
!MESSAGE port: COM9

!ENTRY com.st.stm32cube.ide.mpu.remote.serial 1 1 2026-07-23 22:21:03.753
!MESSAGE port: COM10

!ENTRY com.st.stm32cube.ide.mpu.remote.serial 1 1 2026-07-23 22:21:03.754
!MESSAGE port: COM11

!ENTRY com.st.stm32cube.ide.mpu.remote.serial 1 1 2026-07-23 22:21:03.756
!MESSAGE port: COM12

!ENTRY com.st.stm32cube.ide.mpu.remote.serial 1 1 2026-07-23 22:21:03.757
!MESSAGE port: COM13

!ENTRY com.st.stm32cube.ide.mpu.remote.serial 1 1 2026-07-23 22:21:03.758
!MESSAGE port: COM16

!ENTRY com.st.stm32cube.ide.mpu.remote.serial 1 1 2026-07-23 22:21:35.389
!MESSAGE Executed PowerShell command powershell.exe -Command "Get-CimInstance -ClassName Win32_SerialPort | Select-Object -ExpandProperty DeviceID":
COM4
COM5
COM6
COM8
COM17
COM3
COM9
COM10
COM11
COM12
COM13
COM16


!ENTRY com.st.stm32cube.ide.mpu.remote.serial 1 1 2026-07-23 22:21:35.391
!MESSAGE port: COM4

!ENTRY com.st.stm32cube.ide.mpu.remote.serial 1 1 2026-07-23 22:21:35.392
!MESSAGE port: COM5

!ENTRY com.st.stm32cube.ide.mpu.remote.serial 1 1 2026-07-23 22:21:35.392
!MESSAGE port: COM6

!ENTRY com.st.stm32cube.ide.mpu.remote.serial 1 1 2026-07-23 22:21:35.394
!MESSAGE port: COM8

!ENTRY com.st.stm32cube.ide.mpu.remote.serial 1 1 2026-07-23 22:21:35.396
!MESSAGE port: COM17

!ENTRY com.st.stm32cube.ide.mpu.remote.serial 1 1 2026-07-23 22:21:35.397
!MESSAGE port: COM3

!ENTRY com.st.stm32cube.ide.mpu.remote.serial 1 1 2026-07-23 22:21:35.398
!MESSAGE port: COM9

!ENTRY com.st.stm32cube.ide.mpu.remote.serial 1 1 2026-07-23 22:21:35.398
!MESSAGE port: COM10

!ENTRY com.st.stm32cube.ide.mpu.remote.serial 1 1 2026-07-23 22:21:35.399
!MESSAGE port: COM11

!ENTRY com.st.stm32cube.ide.mpu.remote.serial 1 1 2026-07-23 22:21:35.401
!MESSAGE port: COM12

!ENTRY com.st.stm32cube.ide.mpu.remote.serial 1 1 2026-07-23 22:21:35.402
!MESSAGE port: COM13

!ENTRY com.st.stm32cube.ide.mpu.remote.serial 1 1 2026-07-23 22:21:35.404
!MESSAGE port: COM16

!ENTRY com.st.stm32cube.ide.mpu.remote.serial 1 1 2026-07-23 22:22:07.124
!MESSAGE Executed PowerShell command powershell.exe -Command "Get-CimInstance -ClassName Win32_SerialPort | Select-Object -ExpandProperty DeviceID":
COM4
COM5
COM6
COM8
COM17
COM3
COM9
COM10
COM11
COM12
COM13
COM16


!ENTRY com.st.stm32cube.ide.mpu.remote.serial 1 1 2026-07-23 22:22:07.126
!MESSAGE port: COM4

!ENTRY com.st.stm32cube.ide.mpu.remote.serial 1 1 2026-07-23 22:22:07.127
!MESSAGE port: COM5

!ENTRY com.st.stm32cube.ide.mpu.remote.serial 1 1 2026-07-23 22:22:07.127
!MESSAGE port: COM6

!ENTRY com.st.stm32cube.ide.mpu.remote.serial 1 1 2026-07-23 22:22:07.129
!MESSAGE port: COM8

!ENTRY com.st.stm32cube.ide.mpu.remote.serial 1 1 2026-07-23 22:22:07.131
!MESSAGE port: COM17

!ENTRY com.st.stm32cube.ide.mpu.remote.serial 1 1 2026-07-23 22:22:07.132
!MESSAGE port: COM3

!ENTRY com.st.stm32cube.ide.mpu.remote.serial 1 1 2026-07-23 22:22:07.132
!MESSAGE port: COM9

!ENTRY com.st.stm32cube.ide.mpu.remote.serial 1 1 2026-07-23 22:22:07.132
!MESSAGE port: COM10

!ENTRY com.st.stm32cube.ide.mpu.remote.serial 1 1 2026-07-23 22:22:07.132
!MESSAGE port: COM11

!ENTRY com.st.stm32cube.ide.mpu.remote.serial 1 1 2026-07-23 22:22:07.137
!MESSAGE port: COM12

!ENTRY com.st.stm32cube.ide.mpu.remote.serial 1 1 2026-07-23 22:22:07.139
!MESSAGE port: COM13

!ENTRY com.st.stm32cube.ide.mpu.remote.serial 1 1 2026-07-23 22:22:07.139
!MESSAGE port: COM16

!ENTRY com.st.stm32cube.ide.mpu.remote.serial 1 1 2026-07-23 22:22:39.199
!MESSAGE Executed PowerShell command powershell.exe -Command "Get-CimInstance -ClassName Win32_SerialPort | Select-Object -ExpandProperty DeviceID":
COM4
COM5
COM6
COM8
COM17
COM3
COM9
COM10
COM11
COM12
COM13
COM16


!ENTRY com.st.stm32cube.ide.mpu.remote.serial 1 1 2026-07-23 22:22:39.200
!MESSAGE port: COM4

!ENTRY com.st.stm32cube.ide.mpu.remote.serial 1 1 2026-07-23 22:22:39.202
!MESSAGE port: COM5

!ENTRY com.st.stm32cube.ide.mpu.remote.serial 1 1 2026-07-23 22:22:39.204
!MESSAGE port: COM6

!ENTRY com.st.stm32cube.ide.mpu.remote.serial 1 1 2026-07-23 22:22:39.206
!MESSAGE port: COM8

!ENTRY com.st.stm32cube.ide.mpu.remote.serial 1 1 2026-07-23 22:22:39.209
!MESSAGE port: COM17

!ENTRY com.st.stm32cube.ide.mpu.remote.serial 1 1 2026-07-23 22:22:39.209
!MESSAGE port: COM3

!ENTRY com.st.stm32cube.ide.mpu.remote.serial 1 1 2026-07-23 22:22:39.211
!MESSAGE port: COM9

!ENTRY com.st.stm32cube.ide.mpu.remote.serial 1 1 2026-07-23 22:22:39.211
!MESSAGE port: COM10

!ENTRY com.st.stm32cube.ide.mpu.remote.serial 1 1 2026-07-23 22:22:39.211
!MESSAGE port: COM11

!ENTRY com.st.stm32cube.ide.mpu.remote.serial 1 1 2026-07-23 22:22:39.216
!MESSAGE port: COM12

!ENTRY com.st.stm32cube.ide.mpu.remote.serial 1 1 2026-07-23 22:22:39.219
!MESSAGE port: COM13

!ENTRY com.st.stm32cube.ide.mpu.remote.serial 1 1 2026-07-23 22:22:39.221
!MESSAGE port: COM16

!ENTRY com.st.stm32cube.ide.mpu.remote.serial 1 1 2026-07-23 22:23:11.122
!MESSAGE Executed PowerShell command powershell.exe -Command "Get-CimInstance -ClassName Win32_SerialPort | Select-Object -ExpandProperty DeviceID":
COM4
COM5
COM6
COM8
COM17
COM3
COM9
COM10
COM11
COM12
COM13
COM16
COM7


!ENTRY com.st.stm32cube.ide.mpu.remote.serial 1 1 2026-07-23 22:23:11.124
!MESSAGE port: COM4

!ENTRY com.st.stm32cube.ide.mpu.remote.serial 1 1 2026-07-23 22:23:11.124
!MESSAGE port: COM5

!ENTRY com.st.stm32cube.ide.mpu.remote.serial 1 1 2026-07-23 22:23:11.125
!MESSAGE port: COM6

!ENTRY com.st.stm32cube.ide.mpu.remote.serial 1 1 2026-07-23 22:23:11.126
!MESSAGE port: COM8

!ENTRY com.st.stm32cube.ide.mpu.remote.serial 1 1 2026-07-23 22:23:11.128
!MESSAGE port: COM17

!ENTRY com.st.stm32cube.ide.mpu.remote.serial 1 1 2026-07-23 22:23:11.129
!MESSAGE port: COM3

!ENTRY com.st.stm32cube.ide.mpu.remote.serial 1 1 2026-07-23 22:23:11.130
!MESSAGE port: COM9

!ENTRY com.st.stm32cube.ide.mpu.remote.serial 1 1 2026-07-23 22:23:11.131
!MESSAGE port: COM10

!ENTRY com.st.stm32cube.ide.mpu.remote.serial 1 1 2026-07-23 22:23:11.131
!MESSAGE port: COM11

!ENTRY com.st.stm32cube.ide.mpu.remote.serial 1 1 2026-07-23 22:23:11.132
!MESSAGE port: COM12

!ENTRY com.st.stm32cube.ide.mpu.remote.serial 1 1 2026-07-23 22:23:11.133
!MESSAGE port: COM13

!ENTRY com.st.stm32cube.ide.mpu.remote.serial 1 1 2026-07-23 22:23:11.135
!MESSAGE port: COM16

!ENTRY com.st.stm32cube.ide.mpu.remote.serial 1 1 2026-07-23 22:23:11.135
!MESSAGE port: COM7

!ENTRY com.st.stm32cube.ide.mpu.remote.serial 1 1 2026-07-23 22:24:03.856
!MESSAGE Executed PowerShell command powershell.exe -Command "Get-CimInstance -ClassName Win32_SerialPort | Select-Object -ExpandProperty DeviceID":
COM4
COM5
COM6
COM8
COM17
COM3
COM9
COM10
COM11
COM12
COM13
COM16


!ENTRY com.st.stm32cube.ide.mpu.remote.serial 1 1 2026-07-23 22:24:03.857
!MESSAGE port: COM4

!ENTRY com.st.stm32cube.ide.mpu.remote.serial 1 1 2026-07-23 22:24:03.858
!MESSAGE port: COM5

!ENTRY com.st.stm32cube.ide.mpu.remote.serial 1 1 2026-07-23 22:24:03.858
!MESSAGE port: COM6

!ENTRY com.st.stm32cube.ide.mpu.remote.serial 1 1 2026-07-23 22:24:03.858
!MESSAGE port: COM8

!ENTRY com.st.stm32cube.ide.mpu.remote.serial 1 1 2026-07-23 22:24:03.858
!MESSAGE port: COM17

!ENTRY com.st.stm32cube.ide.mpu.remote.serial 1 1 2026-07-23 22:24:03.862
!MESSAGE port: COM3

!ENTRY com.st.stm32cube.ide.mpu.remote.serial 1 1 2026-07-23 22:24:03.862
!MESSAGE port: COM9

!ENTRY com.st.stm32cube.ide.mpu.remote.serial 1 1 2026-07-23 22:24:03.862
!MESSAGE port: COM10

!ENTRY com.st.stm32cube.ide.mpu.remote.serial 1 1 2026-07-23 22:24:03.863
!MESSAGE port: COM11

!ENTRY com.st.stm32cube.ide.mpu.remote.serial 1 1 2026-07-23 22:24:03.863
!MESSAGE port: COM12

!ENTRY com.st.stm32cube.ide.mpu.remote.serial 1 1 2026-07-23 22:24:03.863
!MESSAGE port: COM13

!ENTRY com.st.stm32cube.ide.mpu.remote.serial 1 1 2026-07-23 22:24:03.863
!MESSAGE port: COM16

!ENTRY com.st.stm32cube.ide.mpu.remote.serial 1 1 2026-07-23 22:24:35.277
!MESSAGE Executed PowerShell command powershell.exe -Command "Get-CimInstance -ClassName Win32_SerialPort | Select-Object -ExpandProperty DeviceID":
COM4
COM5
COM6
COM8
COM17
COM3
COM9
COM10
COM11
COM12
COM13
COM16


!ENTRY com.st.stm32cube.ide.mpu.remote.serial 1 1 2026-07-23 22:24:35.277
!MESSAGE port: COM4

!ENTRY com.st.stm32cube.ide.mpu.remote.serial 1 1 2026-07-23 22:24:35.279
!MESSAGE port: COM5

!ENTRY com.st.stm32cube.ide.mpu.remote.serial 1 1 2026-07-23 22:24:35.279
!MESSAGE port: COM6

!ENTRY com.st.stm32cube.ide.mpu.remote.serial 1 1 2026-07-23 22:24:35.281
!MESSAGE port: COM8

!ENTRY com.st.stm32cube.ide.mpu.remote.serial 1 1 2026-07-23 22:24:35.281
!MESSAGE port: COM17

!ENTRY com.st.stm32cube.ide.mpu.remote.serial 1 1 2026-07-23 22:24:35.281
!MESSAGE port: COM3

!ENTRY com.st.stm32cube.ide.mpu.remote.serial 1 1 2026-07-23 22:24:35.283
!MESSAGE port: COM9

!ENTRY com.st.stm32cube.ide.mpu.remote.serial 1 1 2026-07-23 22:24:35.283
!MESSAGE port: COM10

!ENTRY com.st.stm32cube.ide.mpu.remote.serial 1 1 2026-07-23 22:24:35.283
!MESSAGE port: COM11

!ENTRY com.st.stm32cube.ide.mpu.remote.serial 1 1 2026-07-23 22:24:35.283
!MESSAGE port: COM12

!ENTRY com.st.stm32cube.ide.mpu.remote.serial 1 1 2026-07-23 22:24:35.285
!MESSAGE port: COM13

!ENTRY com.st.stm32cube.ide.mpu.remote.serial 1 1 2026-07-23 22:24:35.285
!MESSAGE port: COM16

!ENTRY com.st.stm32cube.ide.mpu.remote.serial 1 1 2026-07-23 22:25:06.627
!MESSAGE Executed PowerShell command powershell.exe -Command "Get-CimInstance -ClassName Win32_SerialPort | Select-Object -ExpandProperty DeviceID":
COM4
COM5
COM6
COM8
COM17
COM3
COM9
COM10
COM11
COM12
COM13
COM16


!ENTRY com.st.stm32cube.ide.mpu.remote.serial 1 1 2026-07-23 22:25:06.629
!MESSAGE port: COM4

!ENTRY com.st.stm32cube.ide.mpu.remote.serial 1 1 2026-07-23 22:25:06.629
!MESSAGE port: COM5

!ENTRY com.st.stm32cube.ide.mpu.remote.serial 1 1 2026-07-23 22:25:06.629
!MESSAGE port: COM6

!ENTRY com.st.stm32cube.ide.mpu.remote.serial 1 1 2026-07-23 22:25:06.629
!MESSAGE port: COM8

!ENTRY com.st.stm32cube.ide.mpu.remote.serial 1 1 2026-07-23 22:25:06.632
!MESSAGE port: COM17

!ENTRY com.st.stm32cube.ide.mpu.remote.serial 1 1 2026-07-23 22:25:06.632
!MESSAGE port: COM3

!ENTRY com.st.stm32cube.ide.mpu.remote.serial 1 1 2026-07-23 22:25:06.633
!MESSAGE port: COM9

!ENTRY com.st.stm32cube.ide.mpu.remote.serial 1 1 2026-07-23 22:25:06.633
!MESSAGE port: COM10

!ENTRY com.st.stm32cube.ide.mpu.remote.serial 1 1 2026-07-23 22:25:06.633
!MESSAGE port: COM11

!ENTRY com.st.stm32cube.ide.mpu.remote.serial 1 1 2026-07-23 22:25:06.635
!MESSAGE port: COM12

!ENTRY com.st.stm32cube.ide.mpu.remote.serial 1 1 2026-07-23 22:25:06.635
!MESSAGE port: COM13

!ENTRY com.st.stm32cube.ide.mpu.remote.serial 1 1 2026-07-23 22:25:06.637
!MESSAGE port: COM16

!ENTRY com.st.stm32cube.ide.mpu.remote.serial 1 1 2026-07-23 22:27:42.172
!MESSAGE Executed PowerShell command powershell.exe -Command "Get-CimInstance -ClassName Win32_SerialPort | Select-Object -ExpandProperty DeviceID":
COM4
COM5
COM6
COM8
COM17
COM3
COM9
COM10
COM11
COM12
COM13
COM16


!ENTRY com.st.stm32cube.ide.mpu.remote.serial 1 1 2026-07-23 22:27:42.173
!MESSAGE port: COM4

!ENTRY com.st.stm32cube.ide.mpu.remote.serial 1 1 2026-07-23 22:27:42.174
!MESSAGE port: COM5

!ENTRY com.st.stm32cube.ide.mpu.remote.serial 1 1 2026-07-23 22:27:42.175
!MESSAGE port: COM6

!ENTRY com.st.stm32cube.ide.mpu.remote.serial 1 1 2026-07-23 22:27:42.176
!MESSAGE port: COM8

!ENTRY com.st.stm32cube.ide.mpu.remote.serial 1 1 2026-07-23 22:27:42.177
!MESSAGE port: COM17

!ENTRY com.st.stm32cube.ide.mpu.remote.serial 1 1 2026-07-23 22:27:42.178
!MESSAGE port: COM3

!ENTRY com.st.stm32cube.ide.mpu.remote.serial 1 1 2026-07-23 22:27:42.179
!MESSAGE port: COM9

!ENTRY com.st.stm32cube.ide.mpu.remote.serial 1 1 2026-07-23 22:27:42.180
!MESSAGE port: COM10

!ENTRY com.st.stm32cube.ide.mpu.remote.serial 1 1 2026-07-23 22:27:42.181
!MESSAGE port: COM11

!ENTRY com.st.stm32cube.ide.mpu.remote.serial 1 1 2026-07-23 22:27:42.181
!MESSAGE port: COM12

!ENTRY com.st.stm32cube.ide.mpu.remote.serial 1 1 2026-07-23 22:27:42.182
!MESSAGE port: COM13

!ENTRY com.st.stm32cube.ide.mpu.remote.serial 1 1 2026-07-23 22:27:42.183
!MESSAGE port: COM16

!ENTRY com.st.stm32cube.ide.mpu.remote.serial 1 1 2026-07-23 22:28:13.656
!MESSAGE Executed PowerShell command powershell.exe -Command "Get-CimInstance -ClassName Win32_SerialPort | Select-Object -ExpandProperty DeviceID":
COM4
COM5
COM6
COM8
COM17
COM3
COM9
COM10
COM11
COM12
COM13
COM16


!ENTRY com.st.stm32cube.ide.mpu.remote.serial 1 1 2026-07-23 22:28:13.657
!MESSAGE port: COM4

!ENTRY com.st.stm32cube.ide.mpu.remote.serial 1 1 2026-07-23 22:28:13.658
!MESSAGE port: COM5

!ENTRY com.st.stm32cube.ide.mpu.remote.serial 1 1 2026-07-23 22:28:13.659
!MESSAGE port: COM6

!ENTRY com.st.stm32cube.ide.mpu.remote.serial 1 1 2026-07-23 22:28:13.660
!MESSAGE port: COM8

!ENTRY com.st.stm32cube.ide.mpu.remote.serial 1 1 2026-07-23 22:28:13.660
!MESSAGE port: COM17

!ENTRY com.st.stm32cube.ide.mpu.remote.serial 1 1 2026-07-23 22:28:13.662
!MESSAGE port: COM3

!ENTRY com.st.stm32cube.ide.mpu.remote.serial 1 1 2026-07-23 22:28:13.662
!MESSAGE port: COM9

!ENTRY com.st.stm32cube.ide.mpu.remote.serial 1 1 2026-07-23 22:28:13.663
!MESSAGE port: COM10

!ENTRY com.st.stm32cube.ide.mpu.remote.serial 1 1 2026-07-23 22:28:13.663
!MESSAGE port: COM11

!ENTRY com.st.stm32cube.ide.mpu.remote.serial 1 1 2026-07-23 22:28:13.664
!MESSAGE port: COM12

!ENTRY com.st.stm32cube.ide.mpu.remote.serial 1 1 2026-07-23 22:28:13.664
!MESSAGE port: COM13

!ENTRY com.st.stm32cube.ide.mpu.remote.serial 1 1 2026-07-23 22:28:13.665
!MESSAGE port: COM16

!ENTRY com.st.stm32cube.ide.mpu.remote.serial 1 1 2026-07-23 22:30:09.458
!MESSAGE Executed PowerShell command powershell.exe -Command "Get-CimInstance -ClassName Win32_SerialPort | Select-Object -ExpandProperty DeviceID":
COM4
COM5
COM6
COM8
COM17
COM3
COM9
COM10
COM11
COM12
COM13
COM16


!ENTRY com.st.stm32cube.ide.mpu.remote.serial 1 1 2026-07-23 22:30:09.460
!MESSAGE port: COM4

!ENTRY com.st.stm32cube.ide.mpu.remote.serial 1 1 2026-07-23 22:30:09.460
!MESSAGE port: COM5

!ENTRY com.st.stm32cube.ide.mpu.remote.serial 1 1 2026-07-23 22:30:09.460
!MESSAGE port: COM6

!ENTRY com.st.stm32cube.ide.mpu.remote.serial 1 1 2026-07-23 22:30:09.462
!MESSAGE port: COM8

!ENTRY com.st.stm32cube.ide.mpu.remote.serial 1 1 2026-07-23 22:30:09.462
!MESSAGE port: COM17

!ENTRY com.st.stm32cube.ide.mpu.remote.serial 1 1 2026-07-23 22:30:09.462
!MESSAGE port: COM3

!ENTRY com.st.stm32cube.ide.mpu.remote.serial 1 1 2026-07-23 22:30:09.462
!MESSAGE port: COM9

!ENTRY com.st.stm32cube.ide.mpu.remote.serial 1 1 2026-07-23 22:30:09.466
!MESSAGE port: COM10

!ENTRY com.st.stm32cube.ide.mpu.remote.serial 1 1 2026-07-23 22:30:09.467
!MESSAGE port: COM11

!ENTRY com.st.stm32cube.ide.mpu.remote.serial 1 1 2026-07-23 22:30:09.467
!MESSAGE port: COM12

!ENTRY com.st.stm32cube.ide.mpu.remote.serial 1 1 2026-07-23 22:30:09.467
!MESSAGE port: COM13

!ENTRY com.st.stm32cube.ide.mpu.remote.serial 1 1 2026-07-23 22:30:09.467
!MESSAGE port: COM16

!ENTRY com.st.stm32cube.ide.mpu.remote.serial 1 1 2026-07-23 22:30:40.867
!MESSAGE Executed PowerShell command powershell.exe -Command "Get-CimInstance -ClassName Win32_SerialPort | Select-Object -ExpandProperty DeviceID":
COM4
COM5
COM6
COM8
COM17
COM3
COM9
COM10
COM11
COM12
COM13
COM16


!ENTRY com.st.stm32cube.ide.mpu.remote.serial 1 1 2026-07-23 22:30:40.868
!MESSAGE port: COM4

!ENTRY com.st.stm32cube.ide.mpu.remote.serial 1 1 2026-07-23 22:30:40.869
!MESSAGE port: COM5

!ENTRY com.st.stm32cube.ide.mpu.remote.serial 1 1 2026-07-23 22:30:40.871
!MESSAGE port: COM6

!ENTRY com.st.stm32cube.ide.mpu.remote.serial 1 1 2026-07-23 22:30:40.872
!MESSAGE port: COM8

!ENTRY com.st.stm32cube.ide.mpu.remote.serial 1 1 2026-07-23 22:30:40.874
!MESSAGE port: COM17

!ENTRY com.st.stm32cube.ide.mpu.remote.serial 1 1 2026-07-23 22:30:40.874
!MESSAGE port: COM3

!ENTRY com.st.stm32cube.ide.mpu.remote.serial 1 1 2026-07-23 22:30:40.875
!MESSAGE port: COM9

!ENTRY com.st.stm32cube.ide.mpu.remote.serial 1 1 2026-07-23 22:30:40.876
!MESSAGE port: COM10

!ENTRY com.st.stm32cube.ide.mpu.remote.serial 1 1 2026-07-23 22:30:40.876
!MESSAGE port: COM11

!ENTRY com.st.stm32cube.ide.mpu.remote.serial 1 1 2026-07-23 22:30:40.877
!MESSAGE port: COM12

!ENTRY com.st.stm32cube.ide.mpu.remote.serial 1 1 2026-07-23 22:30:40.877
!MESSAGE port: COM13

!ENTRY com.st.stm32cube.ide.mpu.remote.serial 1 1 2026-07-23 22:30:40.878
!MESSAGE port: COM16

!ENTRY com.st.stm32cube.ide.mpu.remote.serial 1 1 2026-07-23 22:32:11.966
!MESSAGE Executed PowerShell command powershell.exe -Command "Get-CimInstance -ClassName Win32_SerialPort | Select-Object -ExpandProperty DeviceID":
COM4
COM5
COM6
COM8
COM17
COM3
COM9
COM10
COM11
COM12
COM13
COM16
COM7


!ENTRY com.st.stm32cube.ide.mpu.remote.serial 1 1 2026-07-23 22:32:11.972
!MESSAGE port: COM4

!ENTRY com.st.stm32cube.ide.mpu.remote.serial 1 1 2026-07-23 22:32:11.973
!MESSAGE port: COM5

!ENTRY com.st.stm32cube.ide.mpu.remote.serial 1 1 2026-07-23 22:32:11.974
!MESSAGE port: COM6

!ENTRY com.st.stm32cube.ide.mpu.remote.serial 1 1 2026-07-23 22:32:11.974
!MESSAGE port: COM8

!ENTRY com.st.stm32cube.ide.mpu.remote.serial 1 1 2026-07-23 22:32:11.975
!MESSAGE port: COM17

!ENTRY com.st.stm32cube.ide.mpu.remote.serial 1 1 2026-07-23 22:32:11.976
!MESSAGE port: COM3

!ENTRY com.st.stm32cube.ide.mpu.remote.serial 1 1 2026-07-23 22:32:11.977
!MESSAGE port: COM9

!ENTRY com.st.stm32cube.ide.mpu.remote.serial 1 1 2026-07-23 22:32:11.978
!MESSAGE port: COM10

!ENTRY com.st.stm32cube.ide.mpu.remote.serial 1 1 2026-07-23 22:32:11.978
!MESSAGE port: COM11

!ENTRY com.st.stm32cube.ide.mpu.remote.serial 1 1 2026-07-23 22:32:11.979
!MESSAGE port: COM12

!ENTRY com.st.stm32cube.ide.mpu.remote.serial 1 1 2026-07-23 22:32:11.979
!MESSAGE port: COM13

!ENTRY com.st.stm32cube.ide.mpu.remote.serial 1 1 2026-07-23 22:32:11.981
!MESSAGE port: COM16

!ENTRY com.st.stm32cube.ide.mpu.remote.serial 1 1 2026-07-23 22:32:11.981
!MESSAGE port: COM7

!ENTRY com.st.stm32cube.ide.mpu.remote.serial 1 1 2026-07-23 22:33:57.583
!MESSAGE Executed PowerShell command powershell.exe -Command "Get-CimInstance -ClassName Win32_SerialPort | Select-Object -ExpandProperty DeviceID":
COM4
COM5
COM6
COM8
COM17
COM3
COM9
COM10
COM11
COM12
COM13
COM16


!ENTRY com.st.stm32cube.ide.mpu.remote.serial 1 1 2026-07-23 22:33:57.583
!MESSAGE port: COM4

!ENTRY com.st.stm32cube.ide.mpu.remote.serial 1 1 2026-07-23 22:33:57.583
!MESSAGE port: COM5

!ENTRY com.st.stm32cube.ide.mpu.remote.serial 1 1 2026-07-23 22:33:57.583
!MESSAGE port: COM6

!ENTRY com.st.stm32cube.ide.mpu.remote.serial 1 1 2026-07-23 22:33:57.586
!MESSAGE port: COM8

!ENTRY com.st.stm32cube.ide.mpu.remote.serial 1 1 2026-07-23 22:33:57.587
!MESSAGE port: COM17

!ENTRY com.st.stm32cube.ide.mpu.remote.serial 1 1 2026-07-23 22:33:57.587
!MESSAGE port: COM3

!ENTRY com.st.stm32cube.ide.mpu.remote.serial 1 1 2026-07-23 22:33:57.587
!MESSAGE port: COM9

!ENTRY com.st.stm32cube.ide.mpu.remote.serial 1 1 2026-07-23 22:33:57.589
!MESSAGE port: COM10

!ENTRY com.st.stm32cube.ide.mpu.remote.serial 1 1 2026-07-23 22:33:57.589
!MESSAGE port: COM11

!ENTRY com.st.stm32cube.ide.mpu.remote.serial 1 1 2026-07-23 22:33:57.589
!MESSAGE port: COM12

!ENTRY com.st.stm32cube.ide.mpu.remote.serial 1 1 2026-07-23 22:33:57.591
!MESSAGE port: COM13

!ENTRY com.st.stm32cube.ide.mpu.remote.serial 1 1 2026-07-23 22:33:57.591
!MESSAGE port: COM16

!ENTRY com.st.stm32cube.ide.mpu.remote.serial 1 1 2026-07-23 22:36:55.057
!MESSAGE Executed PowerShell command powershell.exe -Command "Get-CimInstance -ClassName Win32_SerialPort | Select-Object -ExpandProperty DeviceID":
COM4
COM5
COM6
COM8
COM17
COM3
COM9
COM10
COM11
COM12
COM13
COM16
COM7


!ENTRY com.st.stm32cube.ide.mpu.remote.serial 1 1 2026-07-23 22:36:55.061
!MESSAGE port: COM4

!ENTRY com.st.stm32cube.ide.mpu.remote.serial 1 1 2026-07-23 22:36:55.062
!MESSAGE port: COM5

!ENTRY com.st.stm32cube.ide.mpu.remote.serial 1 1 2026-07-23 22:36:55.062
!MESSAGE port: COM6

!ENTRY com.st.stm32cube.ide.mpu.remote.serial 1 1 2026-07-23 22:36:55.063
!MESSAGE port: COM8

!ENTRY com.st.stm32cube.ide.mpu.remote.serial 1 1 2026-07-23 22:36:55.063
!MESSAGE port: COM17

!ENTRY com.st.stm32cube.ide.mpu.remote.serial 1 1 2026-07-23 22:36:55.065
!MESSAGE port: COM3

!ENTRY com.st.stm32cube.ide.mpu.remote.serial 1 1 2026-07-23 22:36:55.065
!MESSAGE port: COM9

!ENTRY com.st.stm32cube.ide.mpu.remote.serial 1 1 2026-07-23 22:36:55.066
!MESSAGE port: COM10

!ENTRY com.st.stm32cube.ide.mpu.remote.serial 1 1 2026-07-23 22:36:55.067
!MESSAGE port: COM11

!ENTRY com.st.stm32cube.ide.mpu.remote.serial 1 1 2026-07-23 22:36:55.068
!MESSAGE port: COM12

!ENTRY com.st.stm32cube.ide.mpu.remote.serial 1 1 2026-07-23 22:36:55.068
!MESSAGE port: COM13

!ENTRY com.st.stm32cube.ide.mpu.remote.serial 1 1 2026-07-23 22:36:55.068
!MESSAGE port: COM16

!ENTRY com.st.stm32cube.ide.mpu.remote.serial 1 1 2026-07-23 22:36:55.070
!MESSAGE port: COM7

!ENTRY com.st.stm32cube.ide.mpu.remote.serial 1 1 2026-07-23 22:38:09.901
!MESSAGE Executed PowerShell command powershell.exe -Command "Get-CimInstance -ClassName Win32_SerialPort | Select-Object -ExpandProperty DeviceID":
COM4
COM5
COM6
COM8
COM17
COM3
COM9
COM10
COM11
COM12
COM13
COM16


!ENTRY com.st.stm32cube.ide.mpu.remote.serial 1 1 2026-07-23 22:38:09.902
!MESSAGE port: COM4

!ENTRY com.st.stm32cube.ide.mpu.remote.serial 1 1 2026-07-23 22:38:09.903
!MESSAGE port: COM5

!ENTRY com.st.stm32cube.ide.mpu.remote.serial 1 1 2026-07-23 22:38:09.904
!MESSAGE port: COM6

!ENTRY com.st.stm32cube.ide.mpu.remote.serial 1 1 2026-07-23 22:38:09.904
!MESSAGE port: COM8

!ENTRY com.st.stm32cube.ide.mpu.remote.serial 1 1 2026-07-23 22:38:09.906
!MESSAGE port: COM17

!ENTRY com.st.stm32cube.ide.mpu.remote.serial 1 1 2026-07-23 22:38:09.907
!MESSAGE port: COM3

!ENTRY com.st.stm32cube.ide.mpu.remote.serial 1 1 2026-07-23 22:38:09.907
!MESSAGE port: COM9

!ENTRY com.st.stm32cube.ide.mpu.remote.serial 1 1 2026-07-23 22:38:09.908
!MESSAGE port: COM10

!ENTRY com.st.stm32cube.ide.mpu.remote.serial 1 1 2026-07-23 22:38:09.908
!MESSAGE port: COM11

!ENTRY com.st.stm32cube.ide.mpu.remote.serial 1 1 2026-07-23 22:38:09.909
!MESSAGE port: COM12

!ENTRY com.st.stm32cube.ide.mpu.remote.serial 1 1 2026-07-23 22:38:09.909
!MESSAGE port: COM13

!ENTRY com.st.stm32cube.ide.mpu.remote.serial 1 1 2026-07-23 22:38:09.910
!MESSAGE port: COM16

!ENTRY com.st.stm32cube.ide.mpu.remote.serial 1 1 2026-07-23 22:42:49.086
!MESSAGE Executed PowerShell command powershell.exe -Command "Get-CimInstance -ClassName Win32_SerialPort | Select-Object -ExpandProperty DeviceID":
COM4
COM5
COM6
COM8
COM17
COM3
COM9
COM10
COM11
COM12
COM13
COM16
COM7


!ENTRY com.st.stm32cube.ide.mpu.remote.serial 1 1 2026-07-23 22:42:49.087
!MESSAGE port: COM4

!ENTRY com.st.stm32cube.ide.mpu.remote.serial 1 1 2026-07-23 22:42:49.088
!MESSAGE port: COM5

!ENTRY com.st.stm32cube.ide.mpu.remote.serial 1 1 2026-07-23 22:42:49.088
!MESSAGE port: COM6

!ENTRY com.st.stm32cube.ide.mpu.remote.serial 1 1 2026-07-23 22:42:49.089
!MESSAGE port: COM8

!ENTRY com.st.stm32cube.ide.mpu.remote.serial 1 1 2026-07-23 22:42:49.089
!MESSAGE port: COM17

!ENTRY com.st.stm32cube.ide.mpu.remote.serial 1 1 2026-07-23 22:42:49.090
!MESSAGE port: COM3

!ENTRY com.st.stm32cube.ide.mpu.remote.serial 1 1 2026-07-23 22:42:49.090
!MESSAGE port: COM9

!ENTRY com.st.stm32cube.ide.mpu.remote.serial 1 1 2026-07-23 22:42:49.092
!MESSAGE port: COM10

!ENTRY com.st.stm32cube.ide.mpu.remote.serial 1 1 2026-07-23 22:42:49.092
!MESSAGE port: COM11

!ENTRY com.st.stm32cube.ide.mpu.remote.serial 1 1 2026-07-23 22:42:49.093
!MESSAGE port: COM12

!ENTRY com.st.stm32cube.ide.mpu.remote.serial 1 1 2026-07-23 22:42:49.093
!MESSAGE port: COM13

!ENTRY com.st.stm32cube.ide.mpu.remote.serial 1 1 2026-07-23 22:42:49.093
!MESSAGE port: COM16

!ENTRY com.st.stm32cube.ide.mpu.remote.serial 1 1 2026-07-23 22:42:49.095
!MESSAGE port: COM7

!ENTRY com.st.stm32cube.ide.mpu.remote.serial 1 1 2026-07-23 22:43:25.156
!MESSAGE Executed PowerShell command powershell.exe -Command "Get-CimInstance -ClassName Win32_SerialPort | Select-Object -ExpandProperty DeviceID":
COM4
COM5
COM6
COM8
COM17
COM3
COM9
COM10
COM11
COM12
COM13
COM16


!ENTRY com.st.stm32cube.ide.mpu.remote.serial 1 1 2026-07-23 22:43:25.157
!MESSAGE port: COM4

!ENTRY com.st.stm32cube.ide.mpu.remote.serial 1 1 2026-07-23 22:43:25.157
!MESSAGE port: COM5

!ENTRY com.st.stm32cube.ide.mpu.remote.serial 1 1 2026-07-23 22:43:25.158
!MESSAGE port: COM6

!ENTRY com.st.stm32cube.ide.mpu.remote.serial 1 1 2026-07-23 22:43:25.159
!MESSAGE port: COM8

!ENTRY com.st.stm32cube.ide.mpu.remote.serial 1 1 2026-07-23 22:43:25.159
!MESSAGE port: COM17

!ENTRY com.st.stm32cube.ide.mpu.remote.serial 1 1 2026-07-23 22:43:25.160
!MESSAGE port: COM3

!ENTRY com.st.stm32cube.ide.mpu.remote.serial 1 1 2026-07-23 22:43:25.160
!MESSAGE port: COM9

!ENTRY com.st.stm32cube.ide.mpu.remote.serial 1 1 2026-07-23 22:43:25.162
!MESSAGE port: COM10

!ENTRY com.st.stm32cube.ide.mpu.remote.serial 1 1 2026-07-23 22:43:25.162
!MESSAGE port: COM11

!ENTRY com.st.stm32cube.ide.mpu.remote.serial 1 1 2026-07-23 22:43:25.162
!MESSAGE port: COM12

!ENTRY com.st.stm32cube.ide.mpu.remote.serial 1 1 2026-07-23 22:43:25.163
!MESSAGE port: COM13

!ENTRY com.st.stm32cube.ide.mpu.remote.serial 1 1 2026-07-23 22:43:25.163
!MESSAGE port: COM16

!ENTRY com.st.stm32cube.ide.mpu.remote.serial 1 1 2026-07-23 22:45:17.078
!MESSAGE Executed PowerShell command powershell.exe -Command "Get-CimInstance -ClassName Win32_SerialPort | Select-Object -ExpandProperty DeviceID":
COM4
COM5
COM6
COM8
COM17
COM3
COM9
COM10
COM11
COM12
COM13
COM16


!ENTRY com.st.stm32cube.ide.mpu.remote.serial 1 1 2026-07-23 22:45:17.079
!MESSAGE port: COM4

!ENTRY com.st.stm32cube.ide.mpu.remote.serial 1 1 2026-07-23 22:45:17.079
!MESSAGE port: COM5

!ENTRY com.st.stm32cube.ide.mpu.remote.serial 1 1 2026-07-23 22:45:17.081
!MESSAGE port: COM6

!ENTRY com.st.stm32cube.ide.mpu.remote.serial 1 1 2026-07-23 22:45:17.081
!MESSAGE port: COM8

!ENTRY com.st.stm32cube.ide.mpu.remote.serial 1 1 2026-07-23 22:45:17.082
!MESSAGE port: COM17

!ENTRY com.st.stm32cube.ide.mpu.remote.serial 1 1 2026-07-23 22:45:17.084
!MESSAGE port: COM3

!ENTRY com.st.stm32cube.ide.mpu.remote.serial 1 1 2026-07-23 22:45:17.085
!MESSAGE port: COM9

!ENTRY com.st.stm32cube.ide.mpu.remote.serial 1 1 2026-07-23 22:45:17.085
!MESSAGE port: COM10

!ENTRY com.st.stm32cube.ide.mpu.remote.serial 1 1 2026-07-23 22:45:17.086
!MESSAGE port: COM11

!ENTRY com.st.stm32cube.ide.mpu.remote.serial 1 1 2026-07-23 22:45:17.087
!MESSAGE port: COM12

!ENTRY com.st.stm32cube.ide.mpu.remote.serial 1 1 2026-07-23 22:45:17.087
!MESSAGE port: COM13

!ENTRY com.st.stm32cube.ide.mpu.remote.serial 1 1 2026-07-23 22:45:17.087
!MESSAGE port: COM16

!ENTRY com.st.stm32cube.ide.mpu.remote.serial 1 1 2026-07-23 22:45:48.410
!MESSAGE Executed PowerShell command powershell.exe -Command "Get-CimInstance -ClassName Win32_SerialPort | Select-Object -ExpandProperty DeviceID":
COM4
COM5
COM6
COM8
COM17
COM3
COM9
COM10
COM11
COM12
COM13
COM16


!ENTRY com.st.stm32cube.ide.mpu.remote.serial 1 1 2026-07-23 22:45:48.412
!MESSAGE port: COM4

!ENTRY com.st.stm32cube.ide.mpu.remote.serial 1 1 2026-07-23 22:45:48.412
!MESSAGE port: COM5

!ENTRY com.st.stm32cube.ide.mpu.remote.serial 1 1 2026-07-23 22:45:48.414
!MESSAGE port: COM6

!ENTRY com.st.stm32cube.ide.mpu.remote.serial 1 1 2026-07-23 22:45:48.415
!MESSAGE port: COM8

!ENTRY com.st.stm32cube.ide.mpu.remote.serial 1 1 2026-07-23 22:45:48.415
!MESSAGE port: COM17

!ENTRY com.st.stm32cube.ide.mpu.remote.serial 1 1 2026-07-23 22:45:48.415
!MESSAGE port: COM3

!ENTRY com.st.stm32cube.ide.mpu.remote.serial 1 1 2026-07-23 22:45:48.417
!MESSAGE port: COM9

!ENTRY com.st.stm32cube.ide.mpu.remote.serial 1 1 2026-07-23 22:45:48.418
!MESSAGE port: COM10

!ENTRY com.st.stm32cube.ide.mpu.remote.serial 1 1 2026-07-23 22:45:48.418
!MESSAGE port: COM11

!ENTRY com.st.stm32cube.ide.mpu.remote.serial 1 1 2026-07-23 22:45:48.419
!MESSAGE port: COM12

!ENTRY com.st.stm32cube.ide.mpu.remote.serial 1 1 2026-07-23 22:45:48.419
!MESSAGE port: COM13

!ENTRY com.st.stm32cube.ide.mpu.remote.serial 1 1 2026-07-23 22:45:48.421
!MESSAGE port: COM16
!SESSION 2026-07-30 21:36:36.667 -----------------------------------------------
eclipse.buildId=Version 2.2.0
java.version=21.0.10
java.vendor=Eclipse Adoptium
BootLoader constants: OS=win32, ARCH=x86_64, WS=win32, NL=es_AR
Command-line arguments:  -os win32 -ws win32 -arch x86_64

!ENTRY com.st.stm32cube.ide.mcu.informationcenter 1 1 2026-07-30 21:37:33.694
!MESSAGE Log4j2 initialized with config file C:\Users\mechi\OneDrive\FIUBA\2026_1C\TdSEpf\tdse-pf_workspace\.metadata\.log4j2.xml

!ENTRY com.st.stm32cube.ide.mcu.ide 1 1 2026-07-30 21:37:52.874
!MESSAGE Started RMI Server, listening on port 41337

!ENTRY com.st.stm32cube.ide.mpu.remote.serial 1 1 2026-07-30 21:38:21.522
!MESSAGE Executed PowerShell command powershell.exe -Command "Get-CimInstance -ClassName Win32_SerialPort | Select-Object -ExpandProperty DeviceID":
COM4
COM5
COM6
COM8
COM17
COM3
COM9
COM10
COM11
COM12
COM13
COM16


!ENTRY com.st.stm32cube.ide.mpu.remote.serial 1 1 2026-07-30 21:38:21.524
!MESSAGE port: COM4

!ENTRY com.st.stm32cube.ide.mpu.remote.serial 1 1 2026-07-30 21:38:21.525
!MESSAGE port: COM5

!ENTRY com.st.stm32cube.ide.mpu.remote.serial 1 1 2026-07-30 21:38:21.526
!MESSAGE port: COM6

!ENTRY com.st.stm32cube.ide.mpu.remote.serial 1 1 2026-07-30 21:38:21.526
!MESSAGE port: COM8

!ENTRY com.st.stm32cube.ide.mpu.remote.serial 1 1 2026-07-30 21:38:21.527
!MESSAGE port: COM17

!ENTRY com.st.stm32cube.ide.mpu.remote.serial 1 1 2026-07-30 21:38:21.528
!MESSAGE port: COM3

!ENTRY com.st.stm32cube.ide.mpu.remote.serial 1 1 2026-07-30 21:38:21.529
!MESSAGE port: COM9

!ENTRY com.st.stm32cube.ide.mpu.remote.serial 1 1 2026-07-30 21:38:21.529
!MESSAGE port: COM10

!ENTRY com.st.stm32cube.ide.mpu.remote.serial 1 1 2026-07-30 21:38:21.530
!MESSAGE port: COM11

!ENTRY com.st.stm32cube.ide.mpu.remote.serial 1 1 2026-07-30 21:38:21.531
!MESSAGE port: COM12

!ENTRY com.st.stm32cube.ide.mpu.remote.serial 1 1 2026-07-30 21:38:21.532
!MESSAGE port: COM13

!ENTRY com.st.stm32cube.ide.mpu.remote.serial 1 1 2026-07-30 21:38:21.533
!MESSAGE port: COM16

!ENTRY com.st.stm32cube.ide.mpu.remote.serial 1 1 2026-07-30 21:41:05.538
!MESSAGE Executed PowerShell command powershell.exe -Command "Get-CimInstance -ClassName Win32_SerialPort | Select-Object -ExpandProperty DeviceID":
COM4
COM5
COM6
COM8
COM17
COM3
COM9
COM10
COM11
COM12
COM13
COM16
COM7


!ENTRY com.st.stm32cube.ide.mpu.remote.serial 1 1 2026-07-30 21:41:05.540
!MESSAGE port: COM4

!ENTRY com.st.stm32cube.ide.mpu.remote.serial 1 1 2026-07-30 21:41:05.541
!MESSAGE port: COM5

!ENTRY com.st.stm32cube.ide.mpu.remote.serial 1 1 2026-07-30 21:41:05.541
!MESSAGE port: COM6

!ENTRY com.st.stm32cube.ide.mpu.remote.serial 1 1 2026-07-30 21:41:05.542
!MESSAGE port: COM8

!ENTRY com.st.stm32cube.ide.mpu.remote.serial 1 1 2026-07-30 21:41:05.542
!MESSAGE port: COM17

!ENTRY com.st.stm32cube.ide.mpu.remote.serial 1 1 2026-07-30 21:41:05.543
!MESSAGE port: COM3

!ENTRY com.st.stm32cube.ide.mpu.remote.serial 1 1 2026-07-30 21:41:05.543
!MESSAGE port: COM9

!ENTRY com.st.stm32cube.ide.mpu.remote.serial 1 1 2026-07-30 21:41:05.544
!MESSAGE port: COM10

!ENTRY com.st.stm32cube.ide.mpu.remote.serial 1 1 2026-07-30 21:41:05.545
!MESSAGE port: COM11

!ENTRY com.st.stm32cube.ide.mpu.remote.serial 1 1 2026-07-30 21:41:05.546
!MESSAGE port: COM12

!ENTRY com.st.stm32cube.ide.mpu.remote.serial 1 1 2026-07-30 21:41:05.546
!MESSAGE port: COM13

!ENTRY com.st.stm32cube.ide.mpu.remote.serial 1 1 2026-07-30 21:41:05.547
!MESSAGE port: COM16

!ENTRY com.st.stm32cube.ide.mpu.remote.serial 1 1 2026-07-30 21:41:05.548
!MESSAGE port: COM7

!ENTRY com.st.stm32cube.ide.mpu.remote.serial 1 1 2026-07-30 21:41:40.868
!MESSAGE Executed PowerShell command powershell.exe -Command "Get-CimInstance -ClassName Win32_SerialPort | Select-Object -ExpandProperty DeviceID":
COM4
COM5
COM6
COM8
COM17
COM3
COM9
COM10
COM11
COM12
COM13
COM16


!ENTRY com.st.stm32cube.ide.mpu.remote.serial 1 1 2026-07-30 21:41:40.869
!MESSAGE port: COM4

!ENTRY com.st.stm32cube.ide.mpu.remote.serial 1 1 2026-07-30 21:41:40.869
!MESSAGE port: COM5

!ENTRY com.st.stm32cube.ide.mpu.remote.serial 1 1 2026-07-30 21:41:40.870
!MESSAGE port: COM6

!ENTRY com.st.stm32cube.ide.mpu.remote.serial 1 1 2026-07-30 21:41:40.871
!MESSAGE port: COM8

!ENTRY com.st.stm32cube.ide.mpu.remote.serial 1 1 2026-07-30 21:41:40.872
!MESSAGE port: COM17

!ENTRY com.st.stm32cube.ide.mpu.remote.serial 1 1 2026-07-30 21:41:40.872
!MESSAGE port: COM3

!ENTRY com.st.stm32cube.ide.mpu.remote.serial 1 1 2026-07-30 21:41:40.873
!MESSAGE port: COM9

!ENTRY com.st.stm32cube.ide.mpu.remote.serial 1 1 2026-07-30 21:41:40.873
!MESSAGE port: COM10

!ENTRY com.st.stm32cube.ide.mpu.remote.serial 1 1 2026-07-30 21:41:40.874
!MESSAGE port: COM11

!ENTRY com.st.stm32cube.ide.mpu.remote.serial 1 1 2026-07-30 21:41:40.874
!MESSAGE port: COM12

!ENTRY com.st.stm32cube.ide.mpu.remote.serial 1 1 2026-07-30 21:41:40.876
!MESSAGE port: COM13

!ENTRY com.st.stm32cube.ide.mpu.remote.serial 1 1 2026-07-30 21:41:40.876
!MESSAGE port: COM16

!ENTRY com.st.stm32cube.ide.mpu.remote.serial 1 1 2026-07-30 21:48:46.278
!MESSAGE Executed PowerShell command powershell.exe -Command "Get-CimInstance -ClassName Win32_SerialPort | Select-Object -ExpandProperty DeviceID":
COM4
COM5
COM6
COM8
COM17
COM3
COM9
COM10
COM11
COM12
COM13
COM16


!ENTRY com.st.stm32cube.ide.mpu.remote.serial 1 1 2026-07-30 21:48:46.280
!MESSAGE port: COM4

!ENTRY com.st.stm32cube.ide.mpu.remote.serial 1 1 2026-07-30 21:48:46.281
!MESSAGE port: COM5

!ENTRY com.st.stm32cube.ide.mpu.remote.serial 1 1 2026-07-30 21:48:46.282
!MESSAGE port: COM6

!ENTRY com.st.stm32cube.ide.mpu.remote.serial 1 1 2026-07-30 21:48:46.282
!MESSAGE port: COM8

!ENTRY com.st.stm32cube.ide.mpu.remote.serial 1 1 2026-07-30 21:48:46.282
!MESSAGE port: COM17

!ENTRY com.st.stm32cube.ide.mpu.remote.serial 1 1 2026-07-30 21:48:46.283
!MESSAGE port: COM3

!ENTRY com.st.stm32cube.ide.mpu.remote.serial 1 1 2026-07-30 21:48:46.283
!MESSAGE port: COM9

!ENTRY com.st.stm32cube.ide.mpu.remote.serial 1 1 2026-07-30 21:48:46.285
!MESSAGE port: COM10

!ENTRY com.st.stm32cube.ide.mpu.remote.serial 1 1 2026-07-30 21:48:46.286
!MESSAGE port: COM11

!ENTRY com.st.stm32cube.ide.mpu.remote.serial 1 1 2026-07-30 21:48:46.286
!MESSAGE port: COM12

!ENTRY com.st.stm32cube.ide.mpu.remote.serial 1 1 2026-07-30 21:48:46.287
!MESSAGE port: COM13

!ENTRY com.st.stm32cube.ide.mpu.remote.serial 1 1 2026-07-30 21:48:46.288
!MESSAGE port: COM16

!ENTRY com.st.stm32cube.ide.mpu.remote.serial 1 1 2026-07-30 21:49:17.618
!MESSAGE Executed PowerShell command powershell.exe -Command "Get-CimInstance -ClassName Win32_SerialPort | Select-Object -ExpandProperty DeviceID":
COM4
COM5
COM6
COM8
COM17
COM3
COM9
COM10
COM11
COM12
COM13
COM16


!ENTRY com.st.stm32cube.ide.mpu.remote.serial 1 1 2026-07-30 21:49:17.619
!MESSAGE port: COM4

!ENTRY com.st.stm32cube.ide.mpu.remote.serial 1 1 2026-07-30 21:49:17.620
!MESSAGE port: COM5

!ENTRY com.st.stm32cube.ide.mpu.remote.serial 1 1 2026-07-30 21:49:17.622
!MESSAGE port: COM6

!ENTRY com.st.stm32cube.ide.mpu.remote.serial 1 1 2026-07-30 21:49:17.623
!MESSAGE port: COM8

!ENTRY com.st.stm32cube.ide.mpu.remote.serial 1 1 2026-07-30 21:49:17.624
!MESSAGE port: COM17

!ENTRY com.st.stm32cube.ide.mpu.remote.serial 1 1 2026-07-30 21:49:17.625
!MESSAGE port: COM3

!ENTRY com.st.stm32cube.ide.mpu.remote.serial 1 1 2026-07-30 21:49:17.627
!MESSAGE port: COM9

!ENTRY com.st.stm32cube.ide.mpu.remote.serial 1 1 2026-07-30 21:49:17.628
!MESSAGE port: COM10

!ENTRY com.st.stm32cube.ide.mpu.remote.serial 1 1 2026-07-30 21:49:17.629
!MESSAGE port: COM11

!ENTRY com.st.stm32cube.ide.mpu.remote.serial 1 1 2026-07-30 21:49:17.631
!MESSAGE port: COM12

!ENTRY com.st.stm32cube.ide.mpu.remote.serial 1 1 2026-07-30 21:49:17.632
!MESSAGE port: COM13

!ENTRY com.st.stm32cube.ide.mpu.remote.serial 1 1 2026-07-30 21:49:17.633
!MESSAGE port: COM16

!ENTRY com.st.stm32cube.ide.mpu.remote.serial 1 1 2026-07-30 21:55:16.726
!MESSAGE Executed PowerShell command powershell.exe -Command "Get-CimInstance -ClassName Win32_SerialPort | Select-Object -ExpandProperty DeviceID":
COM4
COM5
COM6
COM8
COM17
COM3
COM9
COM10
COM11
COM12
COM13
COM16


!ENTRY com.st.stm32cube.ide.mpu.remote.serial 1 1 2026-07-30 21:55:16.728
!MESSAGE port: COM4

!ENTRY com.st.stm32cube.ide.mpu.remote.serial 1 1 2026-07-30 21:55:16.729
!MESSAGE port: COM5

!ENTRY com.st.stm32cube.ide.mpu.remote.serial 1 1 2026-07-30 21:55:16.730
!MESSAGE port: COM6

!ENTRY com.st.stm32cube.ide.mpu.remote.serial 1 1 2026-07-30 21:55:16.731
!MESSAGE port: COM8

!ENTRY com.st.stm32cube.ide.mpu.remote.serial 1 1 2026-07-30 21:55:16.732
!MESSAGE port: COM17

!ENTRY com.st.stm32cube.ide.mpu.remote.serial 1 1 2026-07-30 21:55:16.733
!MESSAGE port: COM3

!ENTRY com.st.stm32cube.ide.mpu.remote.serial 1 1 2026-07-30 21:55:16.734
!MESSAGE port: COM9

!ENTRY com.st.stm32cube.ide.mpu.remote.serial 1 1 2026-07-30 21:55:16.735
!MESSAGE port: COM10

!ENTRY com.st.stm32cube.ide.mpu.remote.serial 1 1 2026-07-30 21:55:16.736
!MESSAGE port: COM11

!ENTRY com.st.stm32cube.ide.mpu.remote.serial 1 1 2026-07-30 21:55:16.738
!MESSAGE port: COM12

!ENTRY com.st.stm32cube.ide.mpu.remote.serial 1 1 2026-07-30 21:55:16.739
!MESSAGE port: COM13

!ENTRY com.st.stm32cube.ide.mpu.remote.serial 1 1 2026-07-30 21:55:16.740
!MESSAGE port: COM16

!ENTRY com.st.stm32cube.ide.mpu.remote.serial 1 1 2026-07-30 21:55:48.332
!MESSAGE Executed PowerShell command powershell.exe -Command "Get-CimInstance -ClassName Win32_SerialPort | Select-Object -ExpandProperty DeviceID":
COM4
COM5
COM6
COM8
COM17
COM3
COM9
COM10
COM11
COM12
COM13
COM16


!ENTRY com.st.stm32cube.ide.mpu.remote.serial 1 1 2026-07-30 21:55:48.332
!MESSAGE port: COM4

!ENTRY com.st.stm32cube.ide.mpu.remote.serial 1 1 2026-07-30 21:55:48.333
!MESSAGE port: COM5

!ENTRY com.st.stm32cube.ide.mpu.remote.serial 1 1 2026-07-30 21:55:48.334
!MESSAGE port: COM6

!ENTRY com.st.stm32cube.ide.mpu.remote.serial 1 1 2026-07-30 21:55:48.334
!MESSAGE port: COM8

!ENTRY com.st.stm32cube.ide.mpu.remote.serial 1 1 2026-07-30 21:55:48.335
!MESSAGE port: COM17

!ENTRY com.st.stm32cube.ide.mpu.remote.serial 1 1 2026-07-30 21:55:48.335
!MESSAGE port: COM3

!ENTRY com.st.stm32cube.ide.mpu.remote.serial 1 1 2026-07-30 21:55:48.336
!MESSAGE port: COM9

!ENTRY com.st.stm32cube.ide.mpu.remote.serial 1 1 2026-07-30 21:55:48.336
!MESSAGE port: COM10

!ENTRY com.st.stm32cube.ide.mpu.remote.serial 1 1 2026-07-30 21:55:48.337
!MESSAGE port: COM11

!ENTRY com.st.stm32cube.ide.mpu.remote.serial 1 1 2026-07-30 21:55:48.337
!MESSAGE port: COM12

!ENTRY com.st.stm32cube.ide.mpu.remote.serial 1 1 2026-07-30 21:55:48.338
!MESSAGE port: COM13

!ENTRY com.st.stm32cube.ide.mpu.remote.serial 1 1 2026-07-30 21:55:48.338
!MESSAGE port: COM16

!ENTRY com.st.stm32cube.ide.mpu.remote.serial 1 1 2026-07-30 21:57:57.583
!MESSAGE Executed PowerShell command powershell.exe -Command "Get-CimInstance -ClassName Win32_SerialPort | Select-Object -ExpandProperty DeviceID":
COM4
COM5
COM6
COM8
COM17
COM3
COM9
COM10
COM11
COM12
COM13
COM16


!ENTRY com.st.stm32cube.ide.mpu.remote.serial 1 1 2026-07-30 21:57:57.584
!MESSAGE port: COM4

!ENTRY com.st.stm32cube.ide.mpu.remote.serial 1 1 2026-07-30 21:57:57.585
!MESSAGE port: COM5

!ENTRY com.st.stm32cube.ide.mpu.remote.serial 1 1 2026-07-30 21:57:57.585
!MESSAGE port: COM6

!ENTRY com.st.stm32cube.ide.mpu.remote.serial 1 1 2026-07-30 21:57:57.586
!MESSAGE port: COM8

!ENTRY com.st.stm32cube.ide.mpu.remote.serial 1 1 2026-07-30 21:57:57.586
!MESSAGE port: COM17

!ENTRY com.st.stm32cube.ide.mpu.remote.serial 1 1 2026-07-30 21:57:57.587
!MESSAGE port: COM3

!ENTRY com.st.stm32cube.ide.mpu.remote.serial 1 1 2026-07-30 21:57:57.587
!MESSAGE port: COM9

!ENTRY com.st.stm32cube.ide.mpu.remote.serial 1 1 2026-07-30 21:57:57.589
!MESSAGE port: COM10

!ENTRY com.st.stm32cube.ide.mpu.remote.serial 1 1 2026-07-30 21:57:57.589
!MESSAGE port: COM11

!ENTRY com.st.stm32cube.ide.mpu.remote.serial 1 1 2026-07-30 21:57:57.590
!MESSAGE port: COM12

!ENTRY com.st.stm32cube.ide.mpu.remote.serial 1 1 2026-07-30 21:57:57.590
!MESSAGE port: COM13

!ENTRY com.st.stm32cube.ide.mpu.remote.serial 1 1 2026-07-30 21:57:57.591
!MESSAGE port: COM16

!ENTRY com.st.stm32cube.ide.mpu.remote.serial 1 1 2026-07-30 21:58:28.905
!MESSAGE Executed PowerShell command powershell.exe -Command "Get-CimInstance -ClassName Win32_SerialPort | Select-Object -ExpandProperty DeviceID":
COM4
COM5
COM6
COM8
COM17
COM3
COM9
COM10
COM11
COM12
COM13
COM16


!ENTRY com.st.stm32cube.ide.mpu.remote.serial 1 1 2026-07-30 21:58:28.906
!MESSAGE port: COM4

!ENTRY com.st.stm32cube.ide.mpu.remote.serial 1 1 2026-07-30 21:58:28.906
!MESSAGE port: COM5

!ENTRY com.st.stm32cube.ide.mpu.remote.serial 1 1 2026-07-30 21:58:28.907
!MESSAGE port: COM6

!ENTRY com.st.stm32cube.ide.mpu.remote.serial 1 1 2026-07-30 21:58:28.908
!MESSAGE port: COM8

!ENTRY com.st.stm32cube.ide.mpu.remote.serial 1 1 2026-07-30 21:58:28.908
!MESSAGE port: COM17

!ENTRY com.st.stm32cube.ide.mpu.remote.serial 1 1 2026-07-30 21:58:28.909
!MESSAGE port: COM3

!ENTRY com.st.stm32cube.ide.mpu.remote.serial 1 1 2026-07-30 21:58:28.909
!MESSAGE port: COM9

!ENTRY com.st.stm32cube.ide.mpu.remote.serial 1 1 2026-07-30 21:58:28.910
!MESSAGE port: COM10

!ENTRY com.st.stm32cube.ide.mpu.remote.serial 1 1 2026-07-30 21:58:28.911
!MESSAGE port: COM11

!ENTRY com.st.stm32cube.ide.mpu.remote.serial 1 1 2026-07-30 21:58:28.911
!MESSAGE port: COM12

!ENTRY com.st.stm32cube.ide.mpu.remote.serial 1 1 2026-07-30 21:58:28.912
!MESSAGE port: COM13

!ENTRY com.st.stm32cube.ide.mpu.remote.serial 1 1 2026-07-30 21:58:28.912
!MESSAGE port: COM16

!ENTRY com.st.stm32cube.ide.mpu.remote.serial 1 1 2026-07-30 22:01:06.862
!MESSAGE Executed PowerShell command powershell.exe -Command "Get-CimInstance -ClassName Win32_SerialPort | Select-Object -ExpandProperty DeviceID":
COM4
COM5
COM6
COM8
COM17
COM3
COM9
COM10
COM11
COM12
COM13
COM16
COM7


!ENTRY com.st.stm32cube.ide.mpu.remote.serial 1 1 2026-07-30 22:01:06.865
!MESSAGE port: COM4

!ENTRY com.st.stm32cube.ide.mpu.remote.serial 1 1 2026-07-30 22:01:06.865
!MESSAGE port: COM5

!ENTRY com.st.stm32cube.ide.mpu.remote.serial 1 1 2026-07-30 22:01:06.866
!MESSAGE port: COM6

!ENTRY com.st.stm32cube.ide.mpu.remote.serial 1 1 2026-07-30 22:01:06.867
!MESSAGE port: COM8

!ENTRY com.st.stm32cube.ide.mpu.remote.serial 1 1 2026-07-30 22:01:06.868
!MESSAGE port: COM17

!ENTRY com.st.stm32cube.ide.mpu.remote.serial 1 1 2026-07-30 22:01:06.868
!MESSAGE port: COM3

!ENTRY com.st.stm32cube.ide.mpu.remote.serial 1 1 2026-07-30 22:01:06.869
!MESSAGE port: COM9

!ENTRY com.st.stm32cube.ide.mpu.remote.serial 1 1 2026-07-30 22:01:06.870
!MESSAGE port: COM10

!ENTRY com.st.stm32cube.ide.mpu.remote.serial 1 1 2026-07-30 22:01:06.871
!MESSAGE port: COM11

!ENTRY com.st.stm32cube.ide.mpu.remote.serial 1 1 2026-07-30 22:01:06.872
!MESSAGE port: COM12

!ENTRY com.st.stm32cube.ide.mpu.remote.serial 1 1 2026-07-30 22:01:06.872
!MESSAGE port: COM13

!ENTRY com.st.stm32cube.ide.mpu.remote.serial 1 1 2026-07-30 22:01:06.873
!MESSAGE port: COM16

!ENTRY com.st.stm32cube.ide.mpu.remote.serial 1 1 2026-07-30 22:01:06.873
!MESSAGE port: COM7

!ENTRY com.st.stm32cube.ide.mpu.remote.serial 1 1 2026-07-30 22:01:39.410
!MESSAGE Executed PowerShell command powershell.exe -Command "Get-CimInstance -ClassName Win32_SerialPort | Select-Object -ExpandProperty DeviceID":
COM4
COM5
COM6
COM8
COM17
COM3
COM9
COM10
COM11
COM12
COM13
COM16


!ENTRY com.st.stm32cube.ide.mpu.remote.serial 1 1 2026-07-30 22:01:39.413
!MESSAGE port: COM4

!ENTRY com.st.stm32cube.ide.mpu.remote.serial 1 1 2026-07-30 22:01:39.413
!MESSAGE port: COM5

!ENTRY com.st.stm32cube.ide.mpu.remote.serial 1 1 2026-07-30 22:01:39.414
!MESSAGE port: COM6

!ENTRY com.st.stm32cube.ide.mpu.remote.serial 1 1 2026-07-30 22:01:39.414
!MESSAGE port: COM8

!ENTRY com.st.stm32cube.ide.mpu.remote.serial 1 1 2026-07-30 22:01:39.415
!MESSAGE port: COM17

!ENTRY com.st.stm32cube.ide.mpu.remote.serial 1 1 2026-07-30 22:01:39.416
!MESSAGE port: COM3

!ENTRY com.st.stm32cube.ide.mpu.remote.serial 1 1 2026-07-30 22:01:39.416
!MESSAGE port: COM9

!ENTRY com.st.stm32cube.ide.mpu.remote.serial 1 1 2026-07-30 22:01:39.416
!MESSAGE port: COM10

!ENTRY com.st.stm32cube.ide.mpu.remote.serial 1 1 2026-07-30 22:01:39.417
!MESSAGE port: COM11

!ENTRY com.st.stm32cube.ide.mpu.remote.serial 1 1 2026-07-30 22:01:39.417
!MESSAGE port: COM12

!ENTRY com.st.stm32cube.ide.mpu.remote.serial 1 1 2026-07-30 22:01:39.418
!MESSAGE port: COM13

!ENTRY com.st.stm32cube.ide.mpu.remote.serial 1 1 2026-07-30 22:01:39.418
!MESSAGE port: COM16

!ENTRY com.st.stm32cube.ide.mpu.remote.serial 1 1 2026-07-30 22:05:43.872
!MESSAGE Executed PowerShell command powershell.exe -Command "Get-CimInstance -ClassName Win32_SerialPort | Select-Object -ExpandProperty DeviceID":
COM4
COM5
COM6
COM8
COM17
COM3
COM9
COM10
COM11
COM12
COM13
COM16
COM7


!ENTRY com.st.stm32cube.ide.mpu.remote.serial 1 1 2026-07-30 22:05:43.873
!MESSAGE port: COM4

!ENTRY com.st.stm32cube.ide.mpu.remote.serial 1 1 2026-07-30 22:05:43.874
!MESSAGE port: COM5

!ENTRY com.st.stm32cube.ide.mpu.remote.serial 1 1 2026-07-30 22:05:43.874
!MESSAGE port: COM6

!ENTRY com.st.stm32cube.ide.mpu.remote.serial 1 1 2026-07-30 22:05:43.875
!MESSAGE port: COM8

!ENTRY com.st.stm32cube.ide.mpu.remote.serial 1 1 2026-07-30 22:05:43.877
!MESSAGE port: COM17

!ENTRY com.st.stm32cube.ide.mpu.remote.serial 1 1 2026-07-30 22:05:43.878
!MESSAGE port: COM3

!ENTRY com.st.stm32cube.ide.mpu.remote.serial 1 1 2026-07-30 22:05:43.879
!MESSAGE port: COM9

!ENTRY com.st.stm32cube.ide.mpu.remote.serial 1 1 2026-07-30 22:05:43.880
!MESSAGE port: COM10

!ENTRY com.st.stm32cube.ide.mpu.remote.serial 1 1 2026-07-30 22:05:43.881
!MESSAGE port: COM11

!ENTRY com.st.stm32cube.ide.mpu.remote.serial 1 1 2026-07-30 22:05:43.881
!MESSAGE port: COM12

!ENTRY com.st.stm32cube.ide.mpu.remote.serial 1 1 2026-07-30 22:05:43.883
!MESSAGE port: COM13

!ENTRY com.st.stm32cube.ide.mpu.remote.serial 1 1 2026-07-30 22:05:43.883
!MESSAGE port: COM16

!ENTRY com.st.stm32cube.ide.mpu.remote.serial 1 1 2026-07-30 22:05:43.884
!MESSAGE port: COM7

!ENTRY com.st.stm32cube.ide.mpu.remote.serial 1 1 2026-07-30 22:06:53.446
!MESSAGE Executed PowerShell command powershell.exe -Command "Get-CimInstance -ClassName Win32_SerialPort | Select-Object -ExpandProperty DeviceID":
COM4
COM5
COM6
COM8
COM17
COM3
COM9
COM10
COM11
COM12
COM13
COM16


!ENTRY com.st.stm32cube.ide.mpu.remote.serial 1 1 2026-07-30 22:06:53.447
!MESSAGE port: COM4

!ENTRY com.st.stm32cube.ide.mpu.remote.serial 1 1 2026-07-30 22:06:53.448
!MESSAGE port: COM5

!ENTRY com.st.stm32cube.ide.mpu.remote.serial 1 1 2026-07-30 22:06:53.449
!MESSAGE port: COM6

!ENTRY com.st.stm32cube.ide.mpu.remote.serial 1 1 2026-07-30 22:06:53.449
!MESSAGE port: COM8

!ENTRY com.st.stm32cube.ide.mpu.remote.serial 1 1 2026-07-30 22:06:53.450
!MESSAGE port: COM17

!ENTRY com.st.stm32cube.ide.mpu.remote.serial 1 1 2026-07-30 22:06:53.450
!MESSAGE port: COM3

!ENTRY com.st.stm32cube.ide.mpu.remote.serial 1 1 2026-07-30 22:06:53.450
!MESSAGE port: COM9

!ENTRY com.st.stm32cube.ide.mpu.remote.serial 1 1 2026-07-30 22:06:53.451
!MESSAGE port: COM10

!ENTRY com.st.stm32cube.ide.mpu.remote.serial 1 1 2026-07-30 22:06:53.451
!MESSAGE port: COM11

!ENTRY com.st.stm32cube.ide.mpu.remote.serial 1 1 2026-07-30 22:06:53.451
!MESSAGE port: COM12

!ENTRY com.st.stm32cube.ide.mpu.remote.serial 1 1 2026-07-30 22:06:53.452
!MESSAGE port: COM13

!ENTRY com.st.stm32cube.ide.mpu.remote.serial 1 1 2026-07-30 22:06:53.452
!MESSAGE port: COM16

!ENTRY com.st.stm32cube.ide.mpu.remote.serial 1 1 2026-07-30 22:11:05.182
!MESSAGE Executed PowerShell command powershell.exe -Command "Get-CimInstance -ClassName Win32_SerialPort | Select-Object -ExpandProperty DeviceID":
COM4
COM5
COM6
COM8
COM17
COM3
COM9
COM10
COM11
COM12
COM13
COM16


!ENTRY com.st.stm32cube.ide.mpu.remote.serial 1 1 2026-07-30 22:11:05.186
!MESSAGE port: COM4

!ENTRY com.st.stm32cube.ide.mpu.remote.serial 1 1 2026-07-30 22:11:05.186
!MESSAGE port: COM5

!ENTRY com.st.stm32cube.ide.mpu.remote.serial 1 1 2026-07-30 22:11:05.187
!MESSAGE port: COM6

!ENTRY com.st.stm32cube.ide.mpu.remote.serial 1 1 2026-07-30 22:11:05.188
!MESSAGE port: COM8

!ENTRY com.st.stm32cube.ide.mpu.remote.serial 1 1 2026-07-30 22:11:05.189
!MESSAGE port: COM17

!ENTRY com.st.stm32cube.ide.mpu.remote.serial 1 1 2026-07-30 22:11:05.189
!MESSAGE port: COM3

!ENTRY com.st.stm32cube.ide.mpu.remote.serial 1 1 2026-07-30 22:11:05.190
!MESSAGE port: COM9

!ENTRY com.st.stm32cube.ide.mpu.remote.serial 1 1 2026-07-30 22:11:05.190
!MESSAGE port: COM10

!ENTRY com.st.stm32cube.ide.mpu.remote.serial 1 1 2026-07-30 22:11:05.191
!MESSAGE port: COM11

!ENTRY com.st.stm32cube.ide.mpu.remote.serial 1 1 2026-07-30 22:11:05.192
!MESSAGE port: COM12

!ENTRY com.st.stm32cube.ide.mpu.remote.serial 1 1 2026-07-30 22:11:05.192
!MESSAGE port: COM13

!ENTRY com.st.stm32cube.ide.mpu.remote.serial 1 1 2026-07-30 22:11:05.193
!MESSAGE port: COM16

!ENTRY com.st.stm32cube.ide.mpu.remote.serial 1 1 2026-07-30 22:11:36.467
!MESSAGE Executed PowerShell command powershell.exe -Command "Get-CimInstance -ClassName Win32_SerialPort | Select-Object -ExpandProperty DeviceID":
COM4
COM5
COM6
COM8
COM17
COM3
COM9
COM10
COM11
COM12
COM13
COM16


!ENTRY com.st.stm32cube.ide.mpu.remote.serial 1 1 2026-07-30 22:11:36.468
!MESSAGE port: COM4

!ENTRY com.st.stm32cube.ide.mpu.remote.serial 1 1 2026-07-30 22:11:36.468
!MESSAGE port: COM5

!ENTRY com.st.stm32cube.ide.mpu.remote.serial 1 1 2026-07-30 22:11:36.469
!MESSAGE port: COM6

!ENTRY com.st.stm32cube.ide.mpu.remote.serial 1 1 2026-07-30 22:11:36.469
!MESSAGE port: COM8

!ENTRY com.st.stm32cube.ide.mpu.remote.serial 1 1 2026-07-30 22:11:36.471
!MESSAGE port: COM17

!ENTRY com.st.stm32cube.ide.mpu.remote.serial 1 1 2026-07-30 22:11:36.471
!MESSAGE port: COM3

!ENTRY com.st.stm32cube.ide.mpu.remote.serial 1 1 2026-07-30 22:11:36.472
!MESSAGE port: COM9

!ENTRY com.st.stm32cube.ide.mpu.remote.serial 1 1 2026-07-30 22:11:36.473
!MESSAGE port: COM10

!ENTRY com.st.stm32cube.ide.mpu.remote.serial 1 1 2026-07-30 22:11:36.474
!MESSAGE port: COM11

!ENTRY com.st.stm32cube.ide.mpu.remote.serial 1 1 2026-07-30 22:11:36.475
!MESSAGE port: COM12

!ENTRY com.st.stm32cube.ide.mpu.remote.serial 1 1 2026-07-30 22:11:36.476
!MESSAGE port: COM13

!ENTRY com.st.stm32cube.ide.mpu.remote.serial 1 1 2026-07-30 22:11:36.476
!MESSAGE port: COM16

!ENTRY com.st.stm32cube.ide.mpu.remote.serial 1 1 2026-07-30 23:00:29.679
!MESSAGE Executed PowerShell command powershell.exe -Command "Get-CimInstance -ClassName Win32_SerialPort | Select-Object -ExpandProperty DeviceID":
COM4
COM5
COM6
COM8
COM17
COM3
COM9
COM10
COM11
COM12
COM13
COM16


!ENTRY com.st.stm32cube.ide.mpu.remote.serial 1 1 2026-07-30 23:00:29.681
!MESSAGE port: COM4

!ENTRY com.st.stm32cube.ide.mpu.remote.serial 1 1 2026-07-30 23:00:29.681
!MESSAGE port: COM5

!ENTRY com.st.stm32cube.ide.mpu.remote.serial 1 1 2026-07-30 23:00:29.681
!MESSAGE port: COM6

!ENTRY com.st.stm32cube.ide.mpu.remote.serial 1 1 2026-07-30 23:00:29.683
!MESSAGE port: COM8

!ENTRY com.st.stm32cube.ide.mpu.remote.serial 1 1 2026-07-30 23:00:29.684
!MESSAGE port: COM17

!ENTRY com.st.stm32cube.ide.mpu.remote.serial 1 1 2026-07-30 23:00:29.684
!MESSAGE port: COM3

!ENTRY com.st.stm32cube.ide.mpu.remote.serial 1 1 2026-07-30 23:00:29.685
!MESSAGE port: COM9

!ENTRY com.st.stm32cube.ide.mpu.remote.serial 1 1 2026-07-30 23:00:29.685
!MESSAGE port: COM10

!ENTRY com.st.stm32cube.ide.mpu.remote.serial 1 1 2026-07-30 23:00:29.686
!MESSAGE port: COM11

!ENTRY com.st.stm32cube.ide.mpu.remote.serial 1 1 2026-07-30 23:00:29.686
!MESSAGE port: COM12

!ENTRY com.st.stm32cube.ide.mpu.remote.serial 1 1 2026-07-30 23:00:29.687
!MESSAGE port: COM13

!ENTRY com.st.stm32cube.ide.mpu.remote.serial 1 1 2026-07-30 23:00:29.688
!MESSAGE port: COM16

!ENTRY com.st.stm32cube.ide.mpu.remote.serial 1 1 2026-07-30 23:01:01.013
!MESSAGE Executed PowerShell command powershell.exe -Command "Get-CimInstance -ClassName Win32_SerialPort | Select-Object -ExpandProperty DeviceID":
COM4
COM5
COM6
COM8
COM17
COM3
COM9
COM10
COM11
COM12
COM13
COM16


!ENTRY com.st.stm32cube.ide.mpu.remote.serial 1 1 2026-07-30 23:01:01.015
!MESSAGE port: COM4

!ENTRY com.st.stm32cube.ide.mpu.remote.serial 1 1 2026-07-30 23:01:01.015
!MESSAGE port: COM5

!ENTRY com.st.stm32cube.ide.mpu.remote.serial 1 1 2026-07-30 23:01:01.016
!MESSAGE port: COM6

!ENTRY com.st.stm32cube.ide.mpu.remote.serial 1 1 2026-07-30 23:01:01.017
!MESSAGE port: COM8

!ENTRY com.st.stm32cube.ide.mpu.remote.serial 1 1 2026-07-30 23:01:01.018
!MESSAGE port: COM17

!ENTRY com.st.stm32cube.ide.mpu.remote.serial 1 1 2026-07-30 23:01:01.019
!MESSAGE port: COM3

!ENTRY com.st.stm32cube.ide.mpu.remote.serial 1 1 2026-07-30 23:01:01.020
!MESSAGE port: COM9

!ENTRY com.st.stm32cube.ide.mpu.remote.serial 1 1 2026-07-30 23:01:01.021
!MESSAGE port: COM10

!ENTRY com.st.stm32cube.ide.mpu.remote.serial 1 1 2026-07-30 23:01:01.022
!MESSAGE port: COM11

!ENTRY com.st.stm32cube.ide.mpu.remote.serial 1 1 2026-07-30 23:01:01.022
!MESSAGE port: COM12

!ENTRY com.st.stm32cube.ide.mpu.remote.serial 1 1 2026-07-30 23:01:01.023
!MESSAGE port: COM13

!ENTRY com.st.stm32cube.ide.mpu.remote.serial 1 1 2026-07-30 23:01:01.024
!MESSAGE port: COM16

!ENTRY com.st.stm32cube.ide.mpu.remote.serial 1 1 2026-07-30 23:04:02.390
!MESSAGE Executed PowerShell command powershell.exe -Command "Get-CimInstance -ClassName Win32_SerialPort | Select-Object -ExpandProperty DeviceID":
COM4
COM5
COM6
COM8
COM17
COM3
COM9
COM10
COM11
COM12
COM13
COM16
COM7


!ENTRY com.st.stm32cube.ide.mpu.remote.serial 1 1 2026-07-30 23:04:02.394
!MESSAGE port: COM4

!ENTRY com.st.stm32cube.ide.mpu.remote.serial 1 1 2026-07-30 23:04:02.395
!MESSAGE port: COM5

!ENTRY com.st.stm32cube.ide.mpu.remote.serial 1 1 2026-07-30 23:04:02.396
!MESSAGE port: COM6

!ENTRY com.st.stm32cube.ide.mpu.remote.serial 1 1 2026-07-30 23:04:02.396
!MESSAGE port: COM8

!ENTRY com.st.stm32cube.ide.mpu.remote.serial 1 1 2026-07-30 23:04:02.397
!MESSAGE port: COM17

!ENTRY com.st.stm32cube.ide.mpu.remote.serial 1 1 2026-07-30 23:04:02.398
!MESSAGE port: COM3

!ENTRY com.st.stm32cube.ide.mpu.remote.serial 1 1 2026-07-30 23:04:02.399
!MESSAGE port: COM9

!ENTRY com.st.stm32cube.ide.mpu.remote.serial 1 1 2026-07-30 23:04:02.399
!MESSAGE port: COM10

!ENTRY com.st.stm32cube.ide.mpu.remote.serial 1 1 2026-07-30 23:04:02.400
!MESSAGE port: COM11

!ENTRY com.st.stm32cube.ide.mpu.remote.serial 1 1 2026-07-30 23:04:02.401
!MESSAGE port: COM12

!ENTRY com.st.stm32cube.ide.mpu.remote.serial 1 1 2026-07-30 23:04:02.402
!MESSAGE port: COM13

!ENTRY com.st.stm32cube.ide.mpu.remote.serial 1 1 2026-07-30 23:04:02.402
!MESSAGE port: COM16

!ENTRY com.st.stm32cube.ide.mpu.remote.serial 1 1 2026-07-30 23:04:02.403
!MESSAGE port: COM7

!ENTRY com.st.stm32cube.ide.mpu.remote.serial 1 1 2026-07-30 23:06:13.906
!MESSAGE Executed PowerShell command powershell.exe -Command "Get-CimInstance -ClassName Win32_SerialPort | Select-Object -ExpandProperty DeviceID":
COM4
COM5
COM6
COM8
COM17
COM3
COM9
COM10
COM11
COM12
COM13
COM16


!ENTRY com.st.stm32cube.ide.mpu.remote.serial 1 1 2026-07-30 23:06:13.908
!MESSAGE port: COM4

!ENTRY com.st.stm32cube.ide.mpu.remote.serial 1 1 2026-07-30 23:06:13.908
!MESSAGE port: COM5

!ENTRY com.st.stm32cube.ide.mpu.remote.serial 1 1 2026-07-30 23:06:13.909
!MESSAGE port: COM6

!ENTRY com.st.stm32cube.ide.mpu.remote.serial 1 1 2026-07-30 23:06:13.910
!MESSAGE port: COM8

!ENTRY com.st.stm32cube.ide.mpu.remote.serial 1 1 2026-07-30 23:06:13.910
!MESSAGE port: COM17

!ENTRY com.st.stm32cube.ide.mpu.remote.serial 1 1 2026-07-30 23:06:13.911
!MESSAGE port: COM3

!ENTRY com.st.stm32cube.ide.mpu.remote.serial 1 1 2026-07-30 23:06:13.912
!MESSAGE port: COM9

!ENTRY com.st.stm32cube.ide.mpu.remote.serial 1 1 2026-07-30 23:06:13.914
!MESSAGE port: COM10

!ENTRY com.st.stm32cube.ide.mpu.remote.serial 1 1 2026-07-30 23:06:13.915
!MESSAGE port: COM11

!ENTRY com.st.stm32cube.ide.mpu.remote.serial 1 1 2026-07-30 23:06:13.915
!MESSAGE port: COM12

!ENTRY com.st.stm32cube.ide.mpu.remote.serial 1 1 2026-07-30 23:06:13.917
!MESSAGE port: COM13

!ENTRY com.st.stm32cube.ide.mpu.remote.serial 1 1 2026-07-30 23:06:13.918
!MESSAGE port: COM16

!ENTRY com.st.stm32cube.ide.mpu.remote.serial 1 1 2026-07-30 23:07:03.717
!MESSAGE Executed PowerShell command powershell.exe -Command "Get-CimInstance -ClassName Win32_SerialPort | Select-Object -ExpandProperty DeviceID":
COM4
COM5
COM6
COM8
COM17
COM3
COM9
COM10
COM11
COM12
COM13
COM16


!ENTRY com.st.stm32cube.ide.mpu.remote.serial 1 1 2026-07-30 23:07:03.720
!MESSAGE port: COM4

!ENTRY com.st.stm32cube.ide.mpu.remote.serial 1 1 2026-07-30 23:07:03.721
!MESSAGE port: COM5

!ENTRY com.st.stm32cube.ide.mpu.remote.serial 1 1 2026-07-30 23:07:03.722
!MESSAGE port: COM6

!ENTRY com.st.stm32cube.ide.mpu.remote.serial 1 1 2026-07-30 23:07:03.723
!MESSAGE port: COM8

!ENTRY com.st.stm32cube.ide.mpu.remote.serial 1 1 2026-07-30 23:07:03.726
!MESSAGE port: COM17

!ENTRY com.st.stm32cube.ide.mpu.remote.serial 1 1 2026-07-30 23:07:03.728
!MESSAGE port: COM3

!ENTRY com.st.stm32cube.ide.mpu.remote.serial 1 1 2026-07-30 23:07:03.731
!MESSAGE port: COM9

!ENTRY com.st.stm32cube.ide.mpu.remote.serial 1 1 2026-07-30 23:07:03.732
!MESSAGE port: COM10

!ENTRY com.st.stm32cube.ide.mpu.remote.serial 1 1 2026-07-30 23:07:03.735
!MESSAGE port: COM11

!ENTRY com.st.stm32cube.ide.mpu.remote.serial 1 1 2026-07-30 23:07:03.736
!MESSAGE port: COM12

!ENTRY com.st.stm32cube.ide.mpu.remote.serial 1 1 2026-07-30 23:07:03.737
!MESSAGE port: COM13

!ENTRY com.st.stm32cube.ide.mpu.remote.serial 1 1 2026-07-30 23:07:03.738
!MESSAGE port: COM16

!ENTRY com.st.stm32cube.ide.mpu.remote.serial 1 1 2026-07-30 23:07:35.098
!MESSAGE Executed PowerShell command powershell.exe -Command "Get-CimInstance -ClassName Win32_SerialPort | Select-Object -ExpandProperty DeviceID":
COM4
COM5
COM6
COM8
COM17
COM3
COM9
COM10
COM11
COM12
COM13
COM16


!ENTRY com.st.stm32cube.ide.mpu.remote.serial 1 1 2026-07-30 23:07:35.099
!MESSAGE port: COM4

!ENTRY com.st.stm32cube.ide.mpu.remote.serial 1 1 2026-07-30 23:07:35.102
!MESSAGE port: COM5

!ENTRY com.st.stm32cube.ide.mpu.remote.serial 1 1 2026-07-30 23:07:35.103
!MESSAGE port: COM6

!ENTRY com.st.stm32cube.ide.mpu.remote.serial 1 1 2026-07-30 23:07:35.104
!MESSAGE port: COM8

!ENTRY com.st.stm32cube.ide.mpu.remote.serial 1 1 2026-07-30 23:07:35.105
!MESSAGE port: COM17

!ENTRY com.st.stm32cube.ide.mpu.remote.serial 1 1 2026-07-30 23:07:35.106
!MESSAGE port: COM3

!ENTRY com.st.stm32cube.ide.mpu.remote.serial 1 1 2026-07-30 23:07:35.106
!MESSAGE port: COM9

!ENTRY com.st.stm32cube.ide.mpu.remote.serial 1 1 2026-07-30 23:07:35.107
!MESSAGE port: COM10

!ENTRY com.st.stm32cube.ide.mpu.remote.serial 1 1 2026-07-30 23:07:35.111
!MESSAGE port: COM11

!ENTRY com.st.stm32cube.ide.mpu.remote.serial 1 1 2026-07-30 23:07:35.113
!MESSAGE port: COM12

!ENTRY com.st.stm32cube.ide.mpu.remote.serial 1 1 2026-07-30 23:07:35.114
!MESSAGE port: COM13

!ENTRY com.st.stm32cube.ide.mpu.remote.serial 1 1 2026-07-30 23:07:35.115
!MESSAGE port: COM16

!ENTRY com.st.stm32cube.ide.mpu.remote.serial 1 1 2026-07-30 23:14:03.816
!MESSAGE Executed PowerShell command powershell.exe -Command "Get-CimInstance -ClassName Win32_SerialPort | Select-Object -ExpandProperty DeviceID":
COM4
COM5
COM6
COM8
COM17
COM3
COM9
COM10
COM11
COM12
COM13
COM16


!ENTRY com.st.stm32cube.ide.mpu.remote.serial 1 1 2026-07-30 23:14:03.818
!MESSAGE port: COM4

!ENTRY com.st.stm32cube.ide.mpu.remote.serial 1 1 2026-07-30 23:14:03.818
!MESSAGE port: COM5

!ENTRY com.st.stm32cube.ide.mpu.remote.serial 1 1 2026-07-30 23:14:03.819
!MESSAGE port: COM6

!ENTRY com.st.stm32cube.ide.mpu.remote.serial 1 1 2026-07-30 23:14:03.820
!MESSAGE port: COM8

!ENTRY com.st.stm32cube.ide.mpu.remote.serial 1 1 2026-07-30 23:14:03.820
!MESSAGE port: COM17

!ENTRY com.st.stm32cube.ide.mpu.remote.serial 1 1 2026-07-30 23:14:03.821
!MESSAGE port: COM3

!ENTRY com.st.stm32cube.ide.mpu.remote.serial 1 1 2026-07-30 23:14:03.822
!MESSAGE port: COM9

!ENTRY com.st.stm32cube.ide.mpu.remote.serial 1 1 2026-07-30 23:14:03.823
!MESSAGE port: COM10

!ENTRY com.st.stm32cube.ide.mpu.remote.serial 1 1 2026-07-30 23:14:03.824
!MESSAGE port: COM11

!ENTRY com.st.stm32cube.ide.mpu.remote.serial 1 1 2026-07-30 23:14:03.824
!MESSAGE port: COM12

!ENTRY com.st.stm32cube.ide.mpu.remote.serial 1 1 2026-07-30 23:14:03.825
!MESSAGE port: COM13

!ENTRY com.st.stm32cube.ide.mpu.remote.serial 1 1 2026-07-30 23:14:03.825
!MESSAGE port: COM16

!ENTRY com.st.stm32cube.ide.mpu.remote.serial 1 1 2026-07-30 23:14:35.277
!MESSAGE Executed PowerShell command powershell.exe -Command "Get-CimInstance -ClassName Win32_SerialPort | Select-Object -ExpandProperty DeviceID":
COM4
COM5
COM6
COM8
COM17
COM3
COM9
COM10
COM11
COM12
COM13
COM16


!ENTRY com.st.stm32cube.ide.mpu.remote.serial 1 1 2026-07-30 23:14:35.280
!MESSAGE port: COM4

!ENTRY com.st.stm32cube.ide.mpu.remote.serial 1 1 2026-07-30 23:14:35.281
!MESSAGE port: COM5

!ENTRY com.st.stm32cube.ide.mpu.remote.serial 1 1 2026-07-30 23:14:35.282
!MESSAGE port: COM6

!ENTRY com.st.stm32cube.ide.mpu.remote.serial 1 1 2026-07-30 23:14:35.283
!MESSAGE port: COM8

!ENTRY com.st.stm32cube.ide.mpu.remote.serial 1 1 2026-07-30 23:14:35.284
!MESSAGE port: COM17

!ENTRY com.st.stm32cube.ide.mpu.remote.serial 1 1 2026-07-30 23:14:35.286
!MESSAGE port: COM3

!ENTRY com.st.stm32cube.ide.mpu.remote.serial 1 1 2026-07-30 23:14:35.287
!MESSAGE port: COM9

!ENTRY com.st.stm32cube.ide.mpu.remote.serial 1 1 2026-07-30 23:14:35.288
!MESSAGE port: COM10

!ENTRY com.st.stm32cube.ide.mpu.remote.serial 1 1 2026-07-30 23:14:35.290
!MESSAGE port: COM11

!ENTRY com.st.stm32cube.ide.mpu.remote.serial 1 1 2026-07-30 23:14:35.290
!MESSAGE port: COM12

!ENTRY com.st.stm32cube.ide.mpu.remote.serial 1 1 2026-07-30 23:14:35.291
!MESSAGE port: COM13

!ENTRY com.st.stm32cube.ide.mpu.remote.serial 1 1 2026-07-30 23:14:35.293
!MESSAGE port: COM16

!ENTRY com.st.stm32cube.ide.mpu.remote.serial 1 1 2026-07-30 23:17:16.089
!MESSAGE Executed PowerShell command powershell.exe -Command "Get-CimInstance -ClassName Win32_SerialPort | Select-Object -ExpandProperty DeviceID":
COM4
COM5
COM6
COM8
COM17
COM3
COM9
COM10
COM11
COM12
COM13
COM16


!ENTRY com.st.stm32cube.ide.mpu.remote.serial 1 1 2026-07-30 23:17:16.090
!MESSAGE port: COM4

!ENTRY com.st.stm32cube.ide.mpu.remote.serial 1 1 2026-07-30 23:17:16.092
!MESSAGE port: COM5

!ENTRY com.st.stm32cube.ide.mpu.remote.serial 1 1 2026-07-30 23:17:16.093
!MESSAGE port: COM6

!ENTRY com.st.stm32cube.ide.mpu.remote.serial 1 1 2026-07-30 23:17:16.094
!MESSAGE port: COM8

!ENTRY com.st.stm32cube.ide.mpu.remote.serial 1 1 2026-07-30 23:17:16.094
!MESSAGE port: COM17

!ENTRY com.st.stm32cube.ide.mpu.remote.serial 1 1 2026-07-30 23:17:16.095
!MESSAGE port: COM3

!ENTRY com.st.stm32cube.ide.mpu.remote.serial 1 1 2026-07-30 23:17:16.096
!MESSAGE port: COM9

!ENTRY com.st.stm32cube.ide.mpu.remote.serial 1 1 2026-07-30 23:17:16.097
!MESSAGE port: COM10

!ENTRY com.st.stm32cube.ide.mpu.remote.serial 1 1 2026-07-30 23:17:16.097
!MESSAGE port: COM11

!ENTRY com.st.stm32cube.ide.mpu.remote.serial 1 1 2026-07-30 23:17:16.098
!MESSAGE port: COM12

!ENTRY com.st.stm32cube.ide.mpu.remote.serial 1 1 2026-07-30 23:17:16.099
!MESSAGE port: COM13

!ENTRY com.st.stm32cube.ide.mpu.remote.serial 1 1 2026-07-30 23:17:16.100
!MESSAGE port: COM16

!ENTRY com.st.stm32cube.ide.mpu.remote.serial 1 1 2026-07-30 23:17:47.586
!MESSAGE Executed PowerShell command powershell.exe -Command "Get-CimInstance -ClassName Win32_SerialPort | Select-Object -ExpandProperty DeviceID":
COM4
COM5
COM6
COM8
COM17
COM3
COM9
COM10
COM11
COM12
COM13
COM16


!ENTRY com.st.stm32cube.ide.mpu.remote.serial 1 1 2026-07-30 23:17:47.587
!MESSAGE port: COM4

!ENTRY com.st.stm32cube.ide.mpu.remote.serial 1 1 2026-07-30 23:17:47.588
!MESSAGE port: COM5

!ENTRY com.st.stm32cube.ide.mpu.remote.serial 1 1 2026-07-30 23:17:47.589
!MESSAGE port: COM6

!ENTRY com.st.stm32cube.ide.mpu.remote.serial 1 1 2026-07-30 23:17:47.591
!MESSAGE port: COM8

!ENTRY com.st.stm32cube.ide.mpu.remote.serial 1 1 2026-07-30 23:17:47.592
!MESSAGE port: COM17

!ENTRY com.st.stm32cube.ide.mpu.remote.serial 1 1 2026-07-30 23:17:47.592
!MESSAGE port: COM3

!ENTRY com.st.stm32cube.ide.mpu.remote.serial 1 1 2026-07-30 23:17:47.593
!MESSAGE port: COM9

!ENTRY com.st.stm32cube.ide.mpu.remote.serial 1 1 2026-07-30 23:17:47.594
!MESSAGE port: COM10

!ENTRY com.st.stm32cube.ide.mpu.remote.serial 1 1 2026-07-30 23:17:47.596
!MESSAGE port: COM11

!ENTRY com.st.stm32cube.ide.mpu.remote.serial 1 1 2026-07-30 23:17:47.597
!MESSAGE port: COM12

!ENTRY com.st.stm32cube.ide.mpu.remote.serial 1 1 2026-07-30 23:17:47.598
!MESSAGE port: COM13

!ENTRY com.st.stm32cube.ide.mpu.remote.serial 1 1 2026-07-30 23:17:47.598
!MESSAGE port: COM16

!ENTRY com.st.stm32cube.ide.mpu.remote.serial 1 1 2026-07-30 23:18:19.065
!MESSAGE Executed PowerShell command powershell.exe -Command "Get-CimInstance -ClassName Win32_SerialPort | Select-Object -ExpandProperty DeviceID":
COM4
COM5
COM6
COM8
COM17
COM3
COM9
COM10
COM11
COM12
COM13
COM16


!ENTRY com.st.stm32cube.ide.mpu.remote.serial 1 1 2026-07-30 23:18:19.067
!MESSAGE port: COM4

!ENTRY com.st.stm32cube.ide.mpu.remote.serial 1 1 2026-07-30 23:18:19.068
!MESSAGE port: COM5

!ENTRY com.st.stm32cube.ide.mpu.remote.serial 1 1 2026-07-30 23:18:19.069
!MESSAGE port: COM6

!ENTRY com.st.stm32cube.ide.mpu.remote.serial 1 1 2026-07-30 23:18:19.070
!MESSAGE port: COM8

!ENTRY com.st.stm32cube.ide.mpu.remote.serial 1 1 2026-07-30 23:18:19.072
!MESSAGE port: COM17

!ENTRY com.st.stm32cube.ide.mpu.remote.serial 1 1 2026-07-30 23:18:19.073
!MESSAGE port: COM3

!ENTRY com.st.stm32cube.ide.mpu.remote.serial 1 1 2026-07-30 23:18:19.074
!MESSAGE port: COM9

!ENTRY com.st.stm32cube.ide.mpu.remote.serial 1 1 2026-07-30 23:18:19.075
!MESSAGE port: COM10

!ENTRY com.st.stm32cube.ide.mpu.remote.serial 1 1 2026-07-30 23:18:19.075
!MESSAGE port: COM11

!ENTRY com.st.stm32cube.ide.mpu.remote.serial 1 1 2026-07-30 23:18:19.076
!MESSAGE port: COM12

!ENTRY com.st.stm32cube.ide.mpu.remote.serial 1 1 2026-07-30 23:18:19.077
!MESSAGE port: COM13

!ENTRY com.st.stm32cube.ide.mpu.remote.serial 1 1 2026-07-30 23:18:19.078
!MESSAGE port: COM16

!ENTRY com.st.stm32cube.ide.mpu.remote.serial 1 1 2026-07-30 23:18:50.582
!MESSAGE Executed PowerShell command powershell.exe -Command "Get-CimInstance -ClassName Win32_SerialPort | Select-Object -ExpandProperty DeviceID":
COM4
COM5
COM6
COM8
COM17
COM3
COM9
COM10
COM11
COM12
COM13
COM16


!ENTRY com.st.stm32cube.ide.mpu.remote.serial 1 1 2026-07-30 23:18:50.586
!MESSAGE port: COM4

!ENTRY com.st.stm32cube.ide.mpu.remote.serial 1 1 2026-07-30 23:18:50.587
!MESSAGE port: COM5

!ENTRY com.st.stm32cube.ide.mpu.remote.serial 1 1 2026-07-30 23:18:50.588
!MESSAGE port: COM6

!ENTRY com.st.stm32cube.ide.mpu.remote.serial 1 1 2026-07-30 23:18:50.589
!MESSAGE port: COM8

!ENTRY com.st.stm32cube.ide.mpu.remote.serial 1 1 2026-07-30 23:18:50.590
!MESSAGE port: COM17

!ENTRY com.st.stm32cube.ide.mpu.remote.serial 1 1 2026-07-30 23:18:50.591
!MESSAGE port: COM3

!ENTRY com.st.stm32cube.ide.mpu.remote.serial 1 1 2026-07-30 23:18:50.591
!MESSAGE port: COM9

!ENTRY com.st.stm32cube.ide.mpu.remote.serial 1 1 2026-07-30 23:18:50.592
!MESSAGE port: COM10

!ENTRY com.st.stm32cube.ide.mpu.remote.serial 1 1 2026-07-30 23:18:50.593
!MESSAGE port: COM11

!ENTRY com.st.stm32cube.ide.mpu.remote.serial 1 1 2026-07-30 23:18:50.594
!MESSAGE port: COM12

!ENTRY com.st.stm32cube.ide.mpu.remote.serial 1 1 2026-07-30 23:18:50.594
!MESSAGE port: COM13

!ENTRY com.st.stm32cube.ide.mpu.remote.serial 1 1 2026-07-30 23:18:50.595
!MESSAGE port: COM16

!ENTRY com.st.stm32cube.ide.mpu.remote.serial 1 1 2026-07-30 23:20:10.910
!MESSAGE Executed PowerShell command powershell.exe -Command "Get-CimInstance -ClassName Win32_SerialPort | Select-Object -ExpandProperty DeviceID":
COM4
COM5
COM6
COM8
COM17
COM3
COM9
COM10
COM11
COM12
COM13
COM16
COM7


!ENTRY com.st.stm32cube.ide.mpu.remote.serial 1 1 2026-07-30 23:20:10.913
!MESSAGE port: COM4

!ENTRY com.st.stm32cube.ide.mpu.remote.serial 1 1 2026-07-30 23:20:10.914
!MESSAGE port: COM5

!ENTRY com.st.stm32cube.ide.mpu.remote.serial 1 1 2026-07-30 23:20:10.915
!MESSAGE port: COM6

!ENTRY com.st.stm32cube.ide.mpu.remote.serial 1 1 2026-07-30 23:20:10.917
!MESSAGE port: COM8

!ENTRY com.st.stm32cube.ide.mpu.remote.serial 1 1 2026-07-30 23:20:10.918
!MESSAGE port: COM17

!ENTRY com.st.stm32cube.ide.mpu.remote.serial 1 1 2026-07-30 23:20:10.919
!MESSAGE port: COM3

!ENTRY com.st.stm32cube.ide.mpu.remote.serial 1 1 2026-07-30 23:20:10.920
!MESSAGE port: COM9

!ENTRY com.st.stm32cube.ide.mpu.remote.serial 1 1 2026-07-30 23:20:10.922
!MESSAGE port: COM10

!ENTRY com.st.stm32cube.ide.mpu.remote.serial 1 1 2026-07-30 23:20:10.923
!MESSAGE port: COM11

!ENTRY com.st.stm32cube.ide.mpu.remote.serial 1 1 2026-07-30 23:20:10.925
!MESSAGE port: COM12

!ENTRY com.st.stm32cube.ide.mpu.remote.serial 1 1 2026-07-30 23:20:10.926
!MESSAGE port: COM13

!ENTRY com.st.stm32cube.ide.mpu.remote.serial 1 1 2026-07-30 23:20:10.927
!MESSAGE port: COM16

!ENTRY com.st.stm32cube.ide.mpu.remote.serial 1 1 2026-07-30 23:20:10.928
!MESSAGE port: COM7

!ENTRY com.st.stm32cube.ide.mpu.remote.serial 1 1 2026-07-30 23:20:54.953
!MESSAGE Executed PowerShell command powershell.exe -Command "Get-CimInstance -ClassName Win32_SerialPort | Select-Object -ExpandProperty DeviceID":
COM4
COM5
COM6
COM8
COM17
COM3
COM9
COM10
COM11
COM12
COM13
COM16


!ENTRY com.st.stm32cube.ide.mpu.remote.serial 1 1 2026-07-30 23:20:54.954
!MESSAGE port: COM4

!ENTRY com.st.stm32cube.ide.mpu.remote.serial 1 1 2026-07-30 23:20:54.955
!MESSAGE port: COM5

!ENTRY com.st.stm32cube.ide.mpu.remote.serial 1 1 2026-07-30 23:20:54.956
!MESSAGE port: COM6

!ENTRY com.st.stm32cube.ide.mpu.remote.serial 1 1 2026-07-30 23:20:54.957
!MESSAGE port: COM8

!ENTRY com.st.stm32cube.ide.mpu.remote.serial 1 1 2026-07-30 23:20:54.958
!MESSAGE port: COM17

!ENTRY com.st.stm32cube.ide.mpu.remote.serial 1 1 2026-07-30 23:20:54.958
!MESSAGE port: COM3

!ENTRY com.st.stm32cube.ide.mpu.remote.serial 1 1 2026-07-30 23:20:54.962
!MESSAGE port: COM9

!ENTRY com.st.stm32cube.ide.mpu.remote.serial 1 1 2026-07-30 23:20:54.963
!MESSAGE port: COM10

!ENTRY com.st.stm32cube.ide.mpu.remote.serial 1 1 2026-07-30 23:20:54.964
!MESSAGE port: COM11

!ENTRY com.st.stm32cube.ide.mpu.remote.serial 1 1 2026-07-30 23:20:54.965
!MESSAGE port: COM12

!ENTRY com.st.stm32cube.ide.mpu.remote.serial 1 1 2026-07-30 23:20:54.967
!MESSAGE port: COM13

!ENTRY com.st.stm32cube.ide.mpu.remote.serial 1 1 2026-07-30 23:20:54.967
!MESSAGE port: COM16

!ENTRY com.st.stm32cube.ide.mpu.remote.serial 1 1 2026-07-30 23:22:29.505
!MESSAGE Executed PowerShell command powershell.exe -Command "Get-CimInstance -ClassName Win32_SerialPort | Select-Object -ExpandProperty DeviceID":
COM4
COM5
COM6
COM8
COM17
COM3
COM9
COM10
COM11
COM12
COM13
COM16
COM7


!ENTRY com.st.stm32cube.ide.mpu.remote.serial 1 1 2026-07-30 23:22:29.507
!MESSAGE port: COM4

!ENTRY com.st.stm32cube.ide.mpu.remote.serial 1 1 2026-07-30 23:22:29.508
!MESSAGE port: COM5

!ENTRY com.st.stm32cube.ide.mpu.remote.serial 1 1 2026-07-30 23:22:29.509
!MESSAGE port: COM6

!ENTRY com.st.stm32cube.ide.mpu.remote.serial 1 1 2026-07-30 23:22:29.509
!MESSAGE port: COM8

!ENTRY com.st.stm32cube.ide.mpu.remote.serial 1 1 2026-07-30 23:22:29.511
!MESSAGE port: COM17

!ENTRY com.st.stm32cube.ide.mpu.remote.serial 1 1 2026-07-30 23:22:29.512
!MESSAGE port: COM3

!ENTRY com.st.stm32cube.ide.mpu.remote.serial 1 1 2026-07-30 23:22:29.513
!MESSAGE port: COM9

!ENTRY com.st.stm32cube.ide.mpu.remote.serial 1 1 2026-07-30 23:22:29.513
!MESSAGE port: COM10

!ENTRY com.st.stm32cube.ide.mpu.remote.serial 1 1 2026-07-30 23:22:29.514
!MESSAGE port: COM11

!ENTRY com.st.stm32cube.ide.mpu.remote.serial 1 1 2026-07-30 23:22:29.514
!MESSAGE port: COM12

!ENTRY com.st.stm32cube.ide.mpu.remote.serial 1 1 2026-07-30 23:22:29.515
!MESSAGE port: COM13

!ENTRY com.st.stm32cube.ide.mpu.remote.serial 1 1 2026-07-30 23:22:29.515
!MESSAGE port: COM16

!ENTRY com.st.stm32cube.ide.mpu.remote.serial 1 1 2026-07-30 23:22:29.516
!MESSAGE port: COM7

!ENTRY com.st.stm32cube.ide.mpu.remote.serial 1 1 2026-07-30 23:23:06.741
!MESSAGE Executed PowerShell command powershell.exe -Command "Get-CimInstance -ClassName Win32_SerialPort | Select-Object -ExpandProperty DeviceID":
COM4
COM5
COM6
COM8
COM17
COM3
COM9
COM10
COM11
COM12
COM13
COM16


!ENTRY com.st.stm32cube.ide.mpu.remote.serial 1 1 2026-07-30 23:23:06.742
!MESSAGE port: COM4

!ENTRY com.st.stm32cube.ide.mpu.remote.serial 1 1 2026-07-30 23:23:06.742
!MESSAGE port: COM5

!ENTRY com.st.stm32cube.ide.mpu.remote.serial 1 1 2026-07-30 23:23:06.743
!MESSAGE port: COM6

!ENTRY com.st.stm32cube.ide.mpu.remote.serial 1 1 2026-07-30 23:23:06.744
!MESSAGE port: COM8

!ENTRY com.st.stm32cube.ide.mpu.remote.serial 1 1 2026-07-30 23:23:06.745
!MESSAGE port: COM17

!ENTRY com.st.stm32cube.ide.mpu.remote.serial 1 1 2026-07-30 23:23:06.745
!MESSAGE port: COM3

!ENTRY com.st.stm32cube.ide.mpu.remote.serial 1 1 2026-07-30 23:23:06.746
!MESSAGE port: COM9

!ENTRY com.st.stm32cube.ide.mpu.remote.serial 1 1 2026-07-30 23:23:06.747
!MESSAGE port: COM10

!ENTRY com.st.stm32cube.ide.mpu.remote.serial 1 1 2026-07-30 23:23:06.748
!MESSAGE port: COM11

!ENTRY com.st.stm32cube.ide.mpu.remote.serial 1 1 2026-07-30 23:23:06.748
!MESSAGE port: COM12

!ENTRY com.st.stm32cube.ide.mpu.remote.serial 1 1 2026-07-30 23:23:06.750
!MESSAGE port: COM13

!ENTRY com.st.stm32cube.ide.mpu.remote.serial 1 1 2026-07-30 23:23:06.750
!MESSAGE port: COM16

!ENTRY com.st.stm32cube.ide.mpu.remote.serial 1 1 2026-07-30 23:40:44.901
!MESSAGE Executed PowerShell command powershell.exe -Command "Get-CimInstance -ClassName Win32_SerialPort | Select-Object -ExpandProperty DeviceID":
COM4
COM5
COM6
COM8
COM17
COM3
COM9
COM10
COM11
COM12
COM13
COM16
COM7


!ENTRY com.st.stm32cube.ide.mpu.remote.serial 1 1 2026-07-30 23:40:44.902
!MESSAGE port: COM4

!ENTRY com.st.stm32cube.ide.mpu.remote.serial 1 1 2026-07-30 23:40:44.903
!MESSAGE port: COM5

!ENTRY com.st.stm32cube.ide.mpu.remote.serial 1 1 2026-07-30 23:40:44.904
!MESSAGE port: COM6

!ENTRY com.st.stm32cube.ide.mpu.remote.serial 1 1 2026-07-30 23:40:44.905
!MESSAGE port: COM8

!ENTRY com.st.stm32cube.ide.mpu.remote.serial 1 1 2026-07-30 23:40:44.905
!MESSAGE port: COM17

!ENTRY com.st.stm32cube.ide.mpu.remote.serial 1 1 2026-07-30 23:40:44.907
!MESSAGE port: COM3

!ENTRY com.st.stm32cube.ide.mpu.remote.serial 1 1 2026-07-30 23:40:44.908
!MESSAGE port: COM9

!ENTRY com.st.stm32cube.ide.mpu.remote.serial 1 1 2026-07-30 23:40:44.908
!MESSAGE port: COM10

!ENTRY com.st.stm32cube.ide.mpu.remote.serial 1 1 2026-07-30 23:40:44.908
!MESSAGE port: COM11

!ENTRY com.st.stm32cube.ide.mpu.remote.serial 1 1 2026-07-30 23:40:44.908
!MESSAGE port: COM12

!ENTRY com.st.stm32cube.ide.mpu.remote.serial 1 1 2026-07-30 23:40:44.910
!MESSAGE port: COM13

!ENTRY com.st.stm32cube.ide.mpu.remote.serial 1 1 2026-07-30 23:40:44.911
!MESSAGE port: COM16

!ENTRY com.st.stm32cube.ide.mpu.remote.serial 1 1 2026-07-30 23:40:44.911
!MESSAGE port: COM7

!ENTRY com.st.stm32cube.ide.mpu.remote.serial 1 1 2026-07-30 23:41:31.688
!MESSAGE Executed PowerShell command powershell.exe -Command "Get-CimInstance -ClassName Win32_SerialPort | Select-Object -ExpandProperty DeviceID":
COM4
COM5
COM6
COM8
COM17
COM3
COM9
COM10
COM11
COM12
COM13
COM16


!ENTRY com.st.stm32cube.ide.mpu.remote.serial 1 1 2026-07-30 23:41:31.690
!MESSAGE port: COM4

!ENTRY com.st.stm32cube.ide.mpu.remote.serial 1 1 2026-07-30 23:41:31.690
!MESSAGE port: COM5

!ENTRY com.st.stm32cube.ide.mpu.remote.serial 1 1 2026-07-30 23:41:31.691
!MESSAGE port: COM6

!ENTRY com.st.stm32cube.ide.mpu.remote.serial 1 1 2026-07-30 23:41:31.693
!MESSAGE port: COM8

!ENTRY com.st.stm32cube.ide.mpu.remote.serial 1 1 2026-07-30 23:41:31.694
!MESSAGE port: COM17

!ENTRY com.st.stm32cube.ide.mpu.remote.serial 1 1 2026-07-30 23:41:31.695
!MESSAGE port: COM3

!ENTRY com.st.stm32cube.ide.mpu.remote.serial 1 1 2026-07-30 23:41:31.695
!MESSAGE port: COM9

!ENTRY com.st.stm32cube.ide.mpu.remote.serial 1 1 2026-07-30 23:41:31.696
!MESSAGE port: COM10

!ENTRY com.st.stm32cube.ide.mpu.remote.serial 1 1 2026-07-30 23:41:31.696
!MESSAGE port: COM11

!ENTRY com.st.stm32cube.ide.mpu.remote.serial 1 1 2026-07-30 23:41:31.696
!MESSAGE port: COM12

!ENTRY com.st.stm32cube.ide.mpu.remote.serial 1 1 2026-07-30 23:41:31.697
!MESSAGE port: COM13

!ENTRY com.st.stm32cube.ide.mpu.remote.serial 1 1 2026-07-30 23:41:31.697
!MESSAGE port: COM16

!ENTRY com.st.stm32cube.ide.mpu.remote.serial 1 1 2026-07-30 23:45:46.234
!MESSAGE Executed PowerShell command powershell.exe -Command "Get-CimInstance -ClassName Win32_SerialPort | Select-Object -ExpandProperty DeviceID":
COM4
COM5
COM6
COM8
COM17
COM3
COM9
COM10
COM11
COM12
COM13
COM16


!ENTRY com.st.stm32cube.ide.mpu.remote.serial 1 1 2026-07-30 23:45:46.236
!MESSAGE port: COM4

!ENTRY com.st.stm32cube.ide.mpu.remote.serial 1 1 2026-07-30 23:45:46.237
!MESSAGE port: COM5

!ENTRY com.st.stm32cube.ide.mpu.remote.serial 1 1 2026-07-30 23:45:46.237
!MESSAGE port: COM6

!ENTRY com.st.stm32cube.ide.mpu.remote.serial 1 1 2026-07-30 23:45:46.238
!MESSAGE port: COM8

!ENTRY com.st.stm32cube.ide.mpu.remote.serial 1 1 2026-07-30 23:45:46.238
!MESSAGE port: COM17

!ENTRY com.st.stm32cube.ide.mpu.remote.serial 1 1 2026-07-30 23:45:46.239
!MESSAGE port: COM3

!ENTRY com.st.stm32cube.ide.mpu.remote.serial 1 1 2026-07-30 23:45:46.239
!MESSAGE port: COM9

!ENTRY com.st.stm32cube.ide.mpu.remote.serial 1 1 2026-07-30 23:45:46.240
!MESSAGE port: COM10

!ENTRY com.st.stm32cube.ide.mpu.remote.serial 1 1 2026-07-30 23:45:46.240
!MESSAGE port: COM11

!ENTRY com.st.stm32cube.ide.mpu.remote.serial 1 1 2026-07-30 23:45:46.241
!MESSAGE port: COM12

!ENTRY com.st.stm32cube.ide.mpu.remote.serial 1 1 2026-07-30 23:45:46.242
!MESSAGE port: COM13

!ENTRY com.st.stm32cube.ide.mpu.remote.serial 1 1 2026-07-30 23:45:46.242
!MESSAGE port: COM16

!ENTRY com.st.stm32cube.ide.mpu.remote.serial 1 1 2026-07-30 23:46:17.759
!MESSAGE Executed PowerShell command powershell.exe -Command "Get-CimInstance -ClassName Win32_SerialPort | Select-Object -ExpandProperty DeviceID":
COM4
COM5
COM6
COM8
COM17
COM3
COM9
COM10
COM11
COM12
COM13
COM16


!ENTRY com.st.stm32cube.ide.mpu.remote.serial 1 1 2026-07-30 23:46:17.761
!MESSAGE port: COM4

!ENTRY com.st.stm32cube.ide.mpu.remote.serial 1 1 2026-07-30 23:46:17.761
!MESSAGE port: COM5

!ENTRY com.st.stm32cube.ide.mpu.remote.serial 1 1 2026-07-30 23:46:17.763
!MESSAGE port: COM6

!ENTRY com.st.stm32cube.ide.mpu.remote.serial 1 1 2026-07-30 23:46:17.765
!MESSAGE port: COM8

!ENTRY com.st.stm32cube.ide.mpu.remote.serial 1 1 2026-07-30 23:46:17.766
!MESSAGE port: COM17

!ENTRY com.st.stm32cube.ide.mpu.remote.serial 1 1 2026-07-30 23:46:17.767
!MESSAGE port: COM3

!ENTRY com.st.stm32cube.ide.mpu.remote.serial 1 1 2026-07-30 23:46:17.767
!MESSAGE port: COM9

!ENTRY com.st.stm32cube.ide.mpu.remote.serial 1 1 2026-07-30 23:46:17.768
!MESSAGE port: COM10

!ENTRY com.st.stm32cube.ide.mpu.remote.serial 1 1 2026-07-30 23:46:17.768
!MESSAGE port: COM11

!ENTRY com.st.stm32cube.ide.mpu.remote.serial 1 1 2026-07-30 23:46:17.769
!MESSAGE port: COM12

!ENTRY com.st.stm32cube.ide.mpu.remote.serial 1 1 2026-07-30 23:46:17.769
!MESSAGE port: COM13

!ENTRY com.st.stm32cube.ide.mpu.remote.serial 1 1 2026-07-30 23:46:17.769
!MESSAGE port: COM16

!ENTRY com.st.stm32cube.ide.mpu.remote.serial 1 1 2026-07-31 16:00:11.436
!MESSAGE Executed PowerShell command powershell.exe -Command "Get-CimInstance -ClassName Win32_SerialPort | Select-Object -ExpandProperty DeviceID":
COM4
COM5
COM6
COM8
COM17
COM3
COM9
COM10
COM11
COM12
COM13
COM16
COM7


!ENTRY com.st.stm32cube.ide.mpu.remote.serial 1 1 2026-07-31 16:00:11.449
!MESSAGE port: COM4

!ENTRY com.st.stm32cube.ide.mpu.remote.serial 1 1 2026-07-31 16:00:11.457
!MESSAGE port: COM5

!ENTRY com.st.stm32cube.ide.mpu.remote.serial 1 1 2026-07-31 16:00:11.457
!MESSAGE port: COM6

!ENTRY com.st.stm32cube.ide.mpu.remote.serial 1 1 2026-07-31 16:00:11.457
!MESSAGE port: COM8

!ENTRY com.st.stm32cube.ide.mpu.remote.serial 1 1 2026-07-31 16:00:11.457
!MESSAGE port: COM17

!ENTRY com.st.stm32cube.ide.mpu.remote.serial 1 1 2026-07-31 16:00:11.457
!MESSAGE port: COM3

!ENTRY com.st.stm32cube.ide.mpu.remote.serial 1 1 2026-07-31 16:00:11.457
!MESSAGE port: COM9

!ENTRY com.st.stm32cube.ide.mpu.remote.serial 1 1 2026-07-31 16:00:11.464
!MESSAGE port: COM10

!ENTRY com.st.stm32cube.ide.mpu.remote.serial 1 1 2026-07-31 16:00:11.464
!MESSAGE port: COM11

!ENTRY com.st.stm32cube.ide.mpu.remote.serial 1 1 2026-07-31 16:00:11.464
!MESSAGE port: COM12

!ENTRY com.st.stm32cube.ide.mpu.remote.serial 1 1 2026-07-31 16:00:11.464
!MESSAGE port: COM13

!ENTRY com.st.stm32cube.ide.mpu.remote.serial 1 1 2026-07-31 16:00:11.464
!MESSAGE port: COM16

!ENTRY com.st.stm32cube.ide.mpu.remote.serial 1 1 2026-07-31 16:00:11.464
!MESSAGE port: COM7

!ENTRY com.st.stm32cube.ide.mpu.remote.serial 1 1 2026-07-31 16:01:21.033
!MESSAGE Executed PowerShell command powershell.exe -Command "Get-CimInstance -ClassName Win32_SerialPort | Select-Object -ExpandProperty DeviceID":
COM4
COM5
COM6
COM8
COM17
COM3
COM9
COM10
COM11
COM12
COM13
COM16


!ENTRY com.st.stm32cube.ide.mpu.remote.serial 1 1 2026-07-31 16:01:21.036
!MESSAGE port: COM4

!ENTRY com.st.stm32cube.ide.mpu.remote.serial 1 1 2026-07-31 16:01:21.036
!MESSAGE port: COM5

!ENTRY com.st.stm32cube.ide.mpu.remote.serial 1 1 2026-07-31 16:01:21.036
!MESSAGE port: COM6

!ENTRY com.st.stm32cube.ide.mpu.remote.serial 1 1 2026-07-31 16:01:21.036
!MESSAGE port: COM8

!ENTRY com.st.stm32cube.ide.mpu.remote.serial 1 1 2026-07-31 16:01:21.036
!MESSAGE port: COM17

!ENTRY com.st.stm32cube.ide.mpu.remote.serial 1 1 2026-07-31 16:01:21.036
!MESSAGE port: COM3

!ENTRY com.st.stm32cube.ide.mpu.remote.serial 1 1 2026-07-31 16:01:21.036
!MESSAGE port: COM9

!ENTRY com.st.stm32cube.ide.mpu.remote.serial 1 1 2026-07-31 16:01:21.036
!MESSAGE port: COM10

!ENTRY com.st.stm32cube.ide.mpu.remote.serial 1 1 2026-07-31 16:01:21.036
!MESSAGE port: COM11

!ENTRY com.st.stm32cube.ide.mpu.remote.serial 1 1 2026-07-31 16:01:21.042
!MESSAGE port: COM12

!ENTRY com.st.stm32cube.ide.mpu.remote.serial 1 1 2026-07-31 16:01:21.042
!MESSAGE port: COM13

!ENTRY com.st.stm32cube.ide.mpu.remote.serial 1 1 2026-07-31 16:01:21.042
!MESSAGE port: COM16

!ENTRY com.st.stm32cube.ide.mpu.remote.serial 1 1 2026-07-31 16:04:39.700
!MESSAGE Executed PowerShell command powershell.exe -Command "Get-CimInstance -ClassName Win32_SerialPort | Select-Object -ExpandProperty DeviceID":
COM4
COM5
COM6
COM8
COM17
COM3
COM9
COM10
COM11
COM12
COM13
COM16
COM7


!ENTRY com.st.stm32cube.ide.mpu.remote.serial 1 1 2026-07-31 16:04:39.710
!MESSAGE port: COM4

!ENTRY com.st.stm32cube.ide.mpu.remote.serial 1 1 2026-07-31 16:04:39.711
!MESSAGE port: COM5

!ENTRY com.st.stm32cube.ide.mpu.remote.serial 1 1 2026-07-31 16:04:39.714
!MESSAGE port: COM6

!ENTRY com.st.stm32cube.ide.mpu.remote.serial 1 1 2026-07-31 16:04:39.715
!MESSAGE port: COM8

!ENTRY com.st.stm32cube.ide.mpu.remote.serial 1 1 2026-07-31 16:04:39.716
!MESSAGE port: COM17

!ENTRY com.st.stm32cube.ide.mpu.remote.serial 1 1 2026-07-31 16:04:39.717
!MESSAGE port: COM3

!ENTRY com.st.stm32cube.ide.mpu.remote.serial 1 1 2026-07-31 16:04:39.718
!MESSAGE port: COM9

!ENTRY com.st.stm32cube.ide.mpu.remote.serial 1 1 2026-07-31 16:04:39.722
!MESSAGE port: COM10

!ENTRY com.st.stm32cube.ide.mpu.remote.serial 1 1 2026-07-31 16:04:39.724
!MESSAGE port: COM11

!ENTRY com.st.stm32cube.ide.mpu.remote.serial 1 1 2026-07-31 16:04:39.725
!MESSAGE port: COM12

!ENTRY com.st.stm32cube.ide.mpu.remote.serial 1 1 2026-07-31 16:04:39.729
!MESSAGE port: COM13

!ENTRY com.st.stm32cube.ide.mpu.remote.serial 1 1 2026-07-31 16:04:39.731
!MESSAGE port: COM16

!ENTRY com.st.stm32cube.ide.mpu.remote.serial 1 1 2026-07-31 16:04:39.735
!MESSAGE port: COM7

!ENTRY com.st.stm32cube.ide.mpu.remote.serial 1 1 2026-07-31 16:05:15.002
!MESSAGE Executed PowerShell command powershell.exe -Command "Get-CimInstance -ClassName Win32_SerialPort | Select-Object -ExpandProperty DeviceID":
COM4
COM5
COM6
COM8
COM17
COM3
COM9
COM10
COM11
COM12
COM13
COM16


!ENTRY com.st.stm32cube.ide.mpu.remote.serial 1 1 2026-07-31 16:05:15.006
!MESSAGE port: COM4

!ENTRY com.st.stm32cube.ide.mpu.remote.serial 1 1 2026-07-31 16:05:15.009
!MESSAGE port: COM5

!ENTRY com.st.stm32cube.ide.mpu.remote.serial 1 1 2026-07-31 16:05:15.012
!MESSAGE port: COM6

!ENTRY com.st.stm32cube.ide.mpu.remote.serial 1 1 2026-07-31 16:05:15.014
!MESSAGE port: COM8

!ENTRY com.st.stm32cube.ide.mpu.remote.serial 1 1 2026-07-31 16:05:15.016
!MESSAGE port: COM17

!ENTRY com.st.stm32cube.ide.mpu.remote.serial 1 1 2026-07-31 16:05:15.019
!MESSAGE port: COM3

!ENTRY com.st.stm32cube.ide.mpu.remote.serial 1 1 2026-07-31 16:05:15.022
!MESSAGE port: COM9

!ENTRY com.st.stm32cube.ide.mpu.remote.serial 1 1 2026-07-31 16:05:15.024
!MESSAGE port: COM10

!ENTRY com.st.stm32cube.ide.mpu.remote.serial 1 1 2026-07-31 16:05:15.026
!MESSAGE port: COM11

!ENTRY com.st.stm32cube.ide.mpu.remote.serial 1 1 2026-07-31 16:05:15.027
!MESSAGE port: COM12

!ENTRY com.st.stm32cube.ide.mpu.remote.serial 1 1 2026-07-31 16:05:15.028
!MESSAGE port: COM13

!ENTRY com.st.stm32cube.ide.mpu.remote.serial 1 1 2026-07-31 16:05:15.030
!MESSAGE port: COM16

!ENTRY com.st.stm32cube.ide.mpu.remote.serial 1 1 2026-07-31 16:05:46.565
!MESSAGE Executed PowerShell command powershell.exe -Command "Get-CimInstance -ClassName Win32_SerialPort | Select-Object -ExpandProperty DeviceID":
COM4
COM5
COM6
COM8
COM17
COM3
COM9
COM10
COM11
COM12
COM13
COM16


!ENTRY com.st.stm32cube.ide.mpu.remote.serial 1 1 2026-07-31 16:05:46.569
!MESSAGE port: COM4

!ENTRY com.st.stm32cube.ide.mpu.remote.serial 1 1 2026-07-31 16:05:46.570
!MESSAGE port: COM5

!ENTRY com.st.stm32cube.ide.mpu.remote.serial 1 1 2026-07-31 16:05:46.571
!MESSAGE port: COM6

!ENTRY com.st.stm32cube.ide.mpu.remote.serial 1 1 2026-07-31 16:05:46.572
!MESSAGE port: COM8

!ENTRY com.st.stm32cube.ide.mpu.remote.serial 1 1 2026-07-31 16:05:46.575
!MESSAGE port: COM17

!ENTRY com.st.stm32cube.ide.mpu.remote.serial 1 1 2026-07-31 16:05:46.576
!MESSAGE port: COM3

!ENTRY com.st.stm32cube.ide.mpu.remote.serial 1 1 2026-07-31 16:05:46.576
!MESSAGE port: COM9

!ENTRY com.st.stm32cube.ide.mpu.remote.serial 1 1 2026-07-31 16:05:46.577
!MESSAGE port: COM10

!ENTRY com.st.stm32cube.ide.mpu.remote.serial 1 1 2026-07-31 16:05:46.578
!MESSAGE port: COM11

!ENTRY com.st.stm32cube.ide.mpu.remote.serial 1 1 2026-07-31 16:05:46.578
!MESSAGE port: COM12

!ENTRY com.st.stm32cube.ide.mpu.remote.serial 1 1 2026-07-31 16:05:46.579
!MESSAGE port: COM13

!ENTRY com.st.stm32cube.ide.mpu.remote.serial 1 1 2026-07-31 16:05:46.579
!MESSAGE port: COM16

!ENTRY com.st.stm32cube.ide.mpu.remote.serial 1 1 2026-07-31 16:06:18.040
!MESSAGE Executed PowerShell command powershell.exe -Command "Get-CimInstance -ClassName Win32_SerialPort | Select-Object -ExpandProperty DeviceID":
COM4
COM5
COM6
COM8
COM17
COM3
COM9
COM10
COM11
COM12
COM13
COM16


!ENTRY com.st.stm32cube.ide.mpu.remote.serial 1 1 2026-07-31 16:06:18.055
!MESSAGE port: COM4

!ENTRY com.st.stm32cube.ide.mpu.remote.serial 1 1 2026-07-31 16:06:18.055
!MESSAGE port: COM5

!ENTRY com.st.stm32cube.ide.mpu.remote.serial 1 1 2026-07-31 16:06:18.055
!MESSAGE port: COM6

!ENTRY com.st.stm32cube.ide.mpu.remote.serial 1 1 2026-07-31 16:06:18.055
!MESSAGE port: COM8

!ENTRY com.st.stm32cube.ide.mpu.remote.serial 1 1 2026-07-31 16:06:18.055
!MESSAGE port: COM17

!ENTRY com.st.stm32cube.ide.mpu.remote.serial 1 1 2026-07-31 16:06:18.059
!MESSAGE port: COM3

!ENTRY com.st.stm32cube.ide.mpu.remote.serial 1 1 2026-07-31 16:06:18.059
!MESSAGE port: COM9

!ENTRY com.st.stm32cube.ide.mpu.remote.serial 1 1 2026-07-31 16:06:18.061
!MESSAGE port: COM10

!ENTRY com.st.stm32cube.ide.mpu.remote.serial 1 1 2026-07-31 16:06:18.062
!MESSAGE port: COM11

!ENTRY com.st.stm32cube.ide.mpu.remote.serial 1 1 2026-07-31 16:06:18.062
!MESSAGE port: COM12

!ENTRY com.st.stm32cube.ide.mpu.remote.serial 1 1 2026-07-31 16:06:18.062
!MESSAGE port: COM13

!ENTRY com.st.stm32cube.ide.mpu.remote.serial 1 1 2026-07-31 16:06:18.062
!MESSAGE port: COM16

!ENTRY com.st.stm32cube.ide.mpu.remote.serial 1 1 2026-07-31 17:01:37.022
!MESSAGE Executed PowerShell command powershell.exe -Command "Get-CimInstance -ClassName Win32_SerialPort | Select-Object -ExpandProperty DeviceID":
COM4
COM5
COM6
COM8
COM17
COM3
COM9
COM10
COM11
COM12
COM13
COM16
COM7


!ENTRY com.st.stm32cube.ide.mpu.remote.serial 1 1 2026-07-31 17:01:37.032
!MESSAGE port: COM4

!ENTRY com.st.stm32cube.ide.mpu.remote.serial 1 1 2026-07-31 17:01:37.033
!MESSAGE port: COM5

!ENTRY com.st.stm32cube.ide.mpu.remote.serial 1 1 2026-07-31 17:01:37.033
!MESSAGE port: COM6

!ENTRY com.st.stm32cube.ide.mpu.remote.serial 1 1 2026-07-31 17:01:37.034
!MESSAGE port: COM8

!ENTRY com.st.stm32cube.ide.mpu.remote.serial 1 1 2026-07-31 17:01:37.035
!MESSAGE port: COM17

!ENTRY com.st.stm32cube.ide.mpu.remote.serial 1 1 2026-07-31 17:01:37.037
!MESSAGE port: COM3

!ENTRY com.st.stm32cube.ide.mpu.remote.serial 1 1 2026-07-31 17:01:37.037
!MESSAGE port: COM9

!ENTRY com.st.stm32cube.ide.mpu.remote.serial 1 1 2026-07-31 17:01:37.038
!MESSAGE port: COM10

!ENTRY com.st.stm32cube.ide.mpu.remote.serial 1 1 2026-07-31 17:01:37.040
!MESSAGE port: COM11

!ENTRY com.st.stm32cube.ide.mpu.remote.serial 1 1 2026-07-31 17:01:37.040
!MESSAGE port: COM12

!ENTRY com.st.stm32cube.ide.mpu.remote.serial 1 1 2026-07-31 17:01:37.042
!MESSAGE port: COM13

!ENTRY com.st.stm32cube.ide.mpu.remote.serial 1 1 2026-07-31 17:01:37.043
!MESSAGE port: COM16

!ENTRY com.st.stm32cube.ide.mpu.remote.serial 1 1 2026-07-31 17:01:37.043
!MESSAGE port: COM7

!ENTRY com.st.stm32cube.ide.mpu.remote.serial 1 1 2026-07-31 17:09:31.400
!MESSAGE Executed PowerShell command powershell.exe -Command "Get-CimInstance -ClassName Win32_SerialPort | Select-Object -ExpandProperty DeviceID":
COM4
COM5
COM6
COM8
COM17
COM3
COM9
COM10
COM11
COM12
COM13
COM16


!ENTRY com.st.stm32cube.ide.mpu.remote.serial 1 1 2026-07-31 17:09:31.407
!MESSAGE port: COM4

!ENTRY com.st.stm32cube.ide.mpu.remote.serial 1 1 2026-07-31 17:09:31.407
!MESSAGE port: COM5

!ENTRY com.st.stm32cube.ide.mpu.remote.serial 1 1 2026-07-31 17:09:31.408
!MESSAGE port: COM6

!ENTRY com.st.stm32cube.ide.mpu.remote.serial 1 1 2026-07-31 17:09:31.408
!MESSAGE port: COM8

!ENTRY com.st.stm32cube.ide.mpu.remote.serial 1 1 2026-07-31 17:09:31.409
!MESSAGE port: COM17

!ENTRY com.st.stm32cube.ide.mpu.remote.serial 1 1 2026-07-31 17:09:31.410
!MESSAGE port: COM3

!ENTRY com.st.stm32cube.ide.mpu.remote.serial 1 1 2026-07-31 17:09:31.412
!MESSAGE port: COM9

!ENTRY com.st.stm32cube.ide.mpu.remote.serial 1 1 2026-07-31 17:09:31.412
!MESSAGE port: COM10

!ENTRY com.st.stm32cube.ide.mpu.remote.serial 1 1 2026-07-31 17:09:31.414
!MESSAGE port: COM11

!ENTRY com.st.stm32cube.ide.mpu.remote.serial 1 1 2026-07-31 17:09:31.415
!MESSAGE port: COM12

!ENTRY com.st.stm32cube.ide.mpu.remote.serial 1 1 2026-07-31 17:09:31.415
!MESSAGE port: COM13

!ENTRY com.st.stm32cube.ide.mpu.remote.serial 1 1 2026-07-31 17:09:31.416
!MESSAGE port: COM16

!ENTRY com.st.stm32cube.ide.mpu.remote.serial 1 1 2026-07-31 17:40:48.409
!MESSAGE Executed PowerShell command powershell.exe -Command "Get-CimInstance -ClassName Win32_SerialPort | Select-Object -ExpandProperty DeviceID":
COM4
COM5
COM6
COM8
COM17
COM3
COM9
COM10
COM11
COM12
COM13
COM16
COM7


!ENTRY com.st.stm32cube.ide.mpu.remote.serial 1 1 2026-07-31 17:40:48.412
!MESSAGE port: COM4

!ENTRY com.st.stm32cube.ide.mpu.remote.serial 1 1 2026-07-31 17:40:48.413
!MESSAGE port: COM5

!ENTRY com.st.stm32cube.ide.mpu.remote.serial 1 1 2026-07-31 17:40:48.415
!MESSAGE port: COM6

!ENTRY com.st.stm32cube.ide.mpu.remote.serial 1 1 2026-07-31 17:40:48.415
!MESSAGE port: COM8

!ENTRY com.st.stm32cube.ide.mpu.remote.serial 1 1 2026-07-31 17:40:48.416
!MESSAGE port: COM17

!ENTRY com.st.stm32cube.ide.mpu.remote.serial 1 1 2026-07-31 17:40:48.418
!MESSAGE port: COM3

!ENTRY com.st.stm32cube.ide.mpu.remote.serial 1 1 2026-07-31 17:40:48.418
!MESSAGE port: COM9

!ENTRY com.st.stm32cube.ide.mpu.remote.serial 1 1 2026-07-31 17:40:48.419
!MESSAGE port: COM10

!ENTRY com.st.stm32cube.ide.mpu.remote.serial 1 1 2026-07-31 17:40:48.421
!MESSAGE port: COM11

!ENTRY com.st.stm32cube.ide.mpu.remote.serial 1 1 2026-07-31 17:40:48.422
!MESSAGE port: COM12

!ENTRY com.st.stm32cube.ide.mpu.remote.serial 1 1 2026-07-31 17:40:48.423
!MESSAGE port: COM13

!ENTRY com.st.stm32cube.ide.mpu.remote.serial 1 1 2026-07-31 17:40:48.425
!MESSAGE port: COM16

!ENTRY com.st.stm32cube.ide.mpu.remote.serial 1 1 2026-07-31 17:40:48.426
!MESSAGE port: COM7

!ENTRY com.st.stm32cube.ide.mpu.remote.serial 1 1 2026-07-31 17:41:37.447
!MESSAGE Executed PowerShell command powershell.exe -Command "Get-CimInstance -ClassName Win32_SerialPort | Select-Object -ExpandProperty DeviceID":
COM4
COM5
COM6
COM8
COM17
COM3
COM9
COM10
COM11
COM12
COM13
COM16


!ENTRY com.st.stm32cube.ide.mpu.remote.serial 1 1 2026-07-31 17:41:37.447
!MESSAGE port: COM4

!ENTRY com.st.stm32cube.ide.mpu.remote.serial 1 1 2026-07-31 17:41:37.447
!MESSAGE port: COM5

!ENTRY com.st.stm32cube.ide.mpu.remote.serial 1 1 2026-07-31 17:41:37.447
!MESSAGE port: COM6

!ENTRY com.st.stm32cube.ide.mpu.remote.serial 1 1 2026-07-31 17:41:37.447
!MESSAGE port: COM8

!ENTRY com.st.stm32cube.ide.mpu.remote.serial 1 1 2026-07-31 17:41:37.447
!MESSAGE port: COM17

!ENTRY com.st.stm32cube.ide.mpu.remote.serial 1 1 2026-07-31 17:41:37.447
!MESSAGE port: COM3

!ENTRY com.st.stm32cube.ide.mpu.remote.serial 1 1 2026-07-31 17:41:37.455
!MESSAGE port: COM9

!ENTRY com.st.stm32cube.ide.mpu.remote.serial 1 1 2026-07-31 17:41:37.457
!MESSAGE port: COM10

!ENTRY com.st.stm32cube.ide.mpu.remote.serial 1 1 2026-07-31 17:41:37.457
!MESSAGE port: COM11

!ENTRY com.st.stm32cube.ide.mpu.remote.serial 1 1 2026-07-31 17:41:37.457
!MESSAGE port: COM12

!ENTRY com.st.stm32cube.ide.mpu.remote.serial 1 1 2026-07-31 17:41:37.457
!MESSAGE port: COM13

!ENTRY com.st.stm32cube.ide.mpu.remote.serial 1 1 2026-07-31 17:41:37.457
!MESSAGE port: COM16

!ENTRY com.st.stm32cube.ide.mpu.remote.serial 1 1 2026-07-31 17:43:45.784
!MESSAGE Executed PowerShell command powershell.exe -Command "Get-CimInstance -ClassName Win32_SerialPort | Select-Object -ExpandProperty DeviceID":
COM4
COM5
COM6
COM8
COM17
COM3
COM9
COM10
COM11
COM12
COM13
COM16


!ENTRY com.st.stm32cube.ide.mpu.remote.serial 1 1 2026-07-31 17:43:45.785
!MESSAGE port: COM4

!ENTRY com.st.stm32cube.ide.mpu.remote.serial 1 1 2026-07-31 17:43:45.785
!MESSAGE port: COM5

!ENTRY com.st.stm32cube.ide.mpu.remote.serial 1 1 2026-07-31 17:43:45.787
!MESSAGE port: COM6

!ENTRY com.st.stm32cube.ide.mpu.remote.serial 1 1 2026-07-31 17:43:45.788
!MESSAGE port: COM8

!ENTRY com.st.stm32cube.ide.mpu.remote.serial 1 1 2026-07-31 17:43:45.788
!MESSAGE port: COM17

!ENTRY com.st.stm32cube.ide.mpu.remote.serial 1 1 2026-07-31 17:43:45.789
!MESSAGE port: COM3

!ENTRY com.st.stm32cube.ide.mpu.remote.serial 1 1 2026-07-31 17:43:45.789
!MESSAGE port: COM9

!ENTRY com.st.stm32cube.ide.mpu.remote.serial 1 1 2026-07-31 17:43:45.791
!MESSAGE port: COM10

!ENTRY com.st.stm32cube.ide.mpu.remote.serial 1 1 2026-07-31 17:43:45.791
!MESSAGE port: COM11

!ENTRY com.st.stm32cube.ide.mpu.remote.serial 1 1 2026-07-31 17:43:45.791
!MESSAGE port: COM12

!ENTRY com.st.stm32cube.ide.mpu.remote.serial 1 1 2026-07-31 17:43:45.793
!MESSAGE port: COM13

!ENTRY com.st.stm32cube.ide.mpu.remote.serial 1 1 2026-07-31 17:43:45.793
!MESSAGE port: COM16

!ENTRY com.st.stm32cube.ide.mpu.remote.serial 1 1 2026-07-31 17:44:17.166
!MESSAGE Executed PowerShell command powershell.exe -Command "Get-CimInstance -ClassName Win32_SerialPort | Select-Object -ExpandProperty DeviceID":
COM4
COM5
COM6
COM8
COM17
COM3
COM9
COM10
COM11
COM12
COM13
COM16


!ENTRY com.st.stm32cube.ide.mpu.remote.serial 1 1 2026-07-31 17:44:17.167
!MESSAGE port: COM4

!ENTRY com.st.stm32cube.ide.mpu.remote.serial 1 1 2026-07-31 17:44:17.168
!MESSAGE port: COM5

!ENTRY com.st.stm32cube.ide.mpu.remote.serial 1 1 2026-07-31 17:44:17.168
!MESSAGE port: COM6

!ENTRY com.st.stm32cube.ide.mpu.remote.serial 1 1 2026-07-31 17:44:17.169
!MESSAGE port: COM8

!ENTRY com.st.stm32cube.ide.mpu.remote.serial 1 1 2026-07-31 17:44:17.169
!MESSAGE port: COM17

!ENTRY com.st.stm32cube.ide.mpu.remote.serial 1 1 2026-07-31 17:44:17.171
!MESSAGE port: COM3

!ENTRY com.st.stm32cube.ide.mpu.remote.serial 1 1 2026-07-31 17:44:17.171
!MESSAGE port: COM9

!ENTRY com.st.stm32cube.ide.mpu.remote.serial 1 1 2026-07-31 17:44:17.172
!MESSAGE port: COM10

!ENTRY com.st.stm32cube.ide.mpu.remote.serial 1 1 2026-07-31 17:44:17.173
!MESSAGE port: COM11

!ENTRY com.st.stm32cube.ide.mpu.remote.serial 1 1 2026-07-31 17:44:17.173
!MESSAGE port: COM12

!ENTRY com.st.stm32cube.ide.mpu.remote.serial 1 1 2026-07-31 17:44:17.173
!MESSAGE port: COM13

!ENTRY com.st.stm32cube.ide.mpu.remote.serial 1 1 2026-07-31 17:44:17.174
!MESSAGE port: COM16

!ENTRY com.st.stm32cube.ide.mpu.remote.serial 1 1 2026-07-31 17:49:18.617
!MESSAGE Executed PowerShell command powershell.exe -Command "Get-CimInstance -ClassName Win32_SerialPort | Select-Object -ExpandProperty DeviceID":
COM4
COM5
COM6
COM8
COM17
COM3
COM9
COM10
COM11
COM12
COM13
COM16
COM7


!ENTRY com.st.stm32cube.ide.mpu.remote.serial 1 1 2026-07-31 17:49:18.620
!MESSAGE port: COM4

!ENTRY com.st.stm32cube.ide.mpu.remote.serial 1 1 2026-07-31 17:49:18.620
!MESSAGE port: COM5

!ENTRY com.st.stm32cube.ide.mpu.remote.serial 1 1 2026-07-31 17:49:18.621
!MESSAGE port: COM6

!ENTRY com.st.stm32cube.ide.mpu.remote.serial 1 1 2026-07-31 17:49:18.624
!MESSAGE port: COM8

!ENTRY com.st.stm32cube.ide.mpu.remote.serial 1 1 2026-07-31 17:49:18.625
!MESSAGE port: COM17

!ENTRY com.st.stm32cube.ide.mpu.remote.serial 1 1 2026-07-31 17:49:18.626
!MESSAGE port: COM3

!ENTRY com.st.stm32cube.ide.mpu.remote.serial 1 1 2026-07-31 17:49:18.626
!MESSAGE port: COM9

!ENTRY com.st.stm32cube.ide.mpu.remote.serial 1 1 2026-07-31 17:49:18.628
!MESSAGE port: COM10

!ENTRY com.st.stm32cube.ide.mpu.remote.serial 1 1 2026-07-31 17:49:18.629
!MESSAGE port: COM11

!ENTRY com.st.stm32cube.ide.mpu.remote.serial 1 1 2026-07-31 17:49:18.630
!MESSAGE port: COM12

!ENTRY com.st.stm32cube.ide.mpu.remote.serial 1 1 2026-07-31 17:49:18.632
!MESSAGE port: COM13

!ENTRY com.st.stm32cube.ide.mpu.remote.serial 1 1 2026-07-31 17:49:18.632
!MESSAGE port: COM16

!ENTRY com.st.stm32cube.ide.mpu.remote.serial 1 1 2026-07-31 17:49:18.634
!MESSAGE port: COM7

!ENTRY com.st.stm32cube.ide.mpu.remote.serial 1 1 2026-07-31 17:52:01.777
!MESSAGE Executed PowerShell command powershell.exe -Command "Get-CimInstance -ClassName Win32_SerialPort | Select-Object -ExpandProperty DeviceID":
COM4
COM5
COM6
COM8
COM17
COM3
COM9
COM10
COM11
COM12
COM13
COM16


!ENTRY com.st.stm32cube.ide.mpu.remote.serial 1 1 2026-07-31 17:52:01.780
!MESSAGE port: COM4

!ENTRY com.st.stm32cube.ide.mpu.remote.serial 1 1 2026-07-31 17:52:01.780
!MESSAGE port: COM5

!ENTRY com.st.stm32cube.ide.mpu.remote.serial 1 1 2026-07-31 17:52:01.781
!MESSAGE port: COM6

!ENTRY com.st.stm32cube.ide.mpu.remote.serial 1 1 2026-07-31 17:52:01.781
!MESSAGE port: COM8

!ENTRY com.st.stm32cube.ide.mpu.remote.serial 1 1 2026-07-31 17:52:01.782
!MESSAGE port: COM17

!ENTRY com.st.stm32cube.ide.mpu.remote.serial 1 1 2026-07-31 17:52:01.784
!MESSAGE port: COM3

!ENTRY com.st.stm32cube.ide.mpu.remote.serial 1 1 2026-07-31 17:52:01.784
!MESSAGE port: COM9

!ENTRY com.st.stm32cube.ide.mpu.remote.serial 1 1 2026-07-31 17:52:01.785
!MESSAGE port: COM10

!ENTRY com.st.stm32cube.ide.mpu.remote.serial 1 1 2026-07-31 17:52:01.785
!MESSAGE port: COM11

!ENTRY com.st.stm32cube.ide.mpu.remote.serial 1 1 2026-07-31 17:52:01.786
!MESSAGE port: COM12

!ENTRY com.st.stm32cube.ide.mpu.remote.serial 1 1 2026-07-31 17:52:01.786
!MESSAGE port: COM13

!ENTRY com.st.stm32cube.ide.mpu.remote.serial 1 1 2026-07-31 17:52:01.788
!MESSAGE port: COM16

!ENTRY com.st.stm32cube.ide.mpu.remote.serial 1 1 2026-07-31 17:54:01.836
!MESSAGE Executed PowerShell command powershell.exe -Command "Get-CimInstance -ClassName Win32_SerialPort | Select-Object -ExpandProperty DeviceID":
COM4
COM5
COM6
COM8
COM17
COM3
COM9
COM10
COM11
COM12
COM13
COM16


!ENTRY com.st.stm32cube.ide.mpu.remote.serial 1 1 2026-07-31 17:54:01.840
!MESSAGE port: COM4

!ENTRY com.st.stm32cube.ide.mpu.remote.serial 1 1 2026-07-31 17:54:01.841
!MESSAGE port: COM5

!ENTRY com.st.stm32cube.ide.mpu.remote.serial 1 1 2026-07-31 17:54:01.841
!MESSAGE port: COM6

!ENTRY com.st.stm32cube.ide.mpu.remote.serial 1 1 2026-07-31 17:54:01.842
!MESSAGE port: COM8

!ENTRY com.st.stm32cube.ide.mpu.remote.serial 1 1 2026-07-31 17:54:01.843
!MESSAGE port: COM17

!ENTRY com.st.stm32cube.ide.mpu.remote.serial 1 1 2026-07-31 17:54:01.843
!MESSAGE port: COM3

!ENTRY com.st.stm32cube.ide.mpu.remote.serial 1 1 2026-07-31 17:54:01.844
!MESSAGE port: COM9

!ENTRY com.st.stm32cube.ide.mpu.remote.serial 1 1 2026-07-31 17:54:01.845
!MESSAGE port: COM10

!ENTRY com.st.stm32cube.ide.mpu.remote.serial 1 1 2026-07-31 17:54:01.845
!MESSAGE port: COM11

!ENTRY com.st.stm32cube.ide.mpu.remote.serial 1 1 2026-07-31 17:54:01.846
!MESSAGE port: COM12

!ENTRY com.st.stm32cube.ide.mpu.remote.serial 1 1 2026-07-31 17:54:01.846
!MESSAGE port: COM13

!ENTRY com.st.stm32cube.ide.mpu.remote.serial 1 1 2026-07-31 17:54:01.847
!MESSAGE port: COM16

!ENTRY com.st.stm32cube.ide.mpu.remote.serial 1 1 2026-07-31 17:54:33.251
!MESSAGE Executed PowerShell command powershell.exe -Command "Get-CimInstance -ClassName Win32_SerialPort | Select-Object -ExpandProperty DeviceID":
COM4
COM5
COM6
COM8
COM17
COM3
COM9
COM10
COM11
COM12
COM13
COM16


!ENTRY com.st.stm32cube.ide.mpu.remote.serial 1 1 2026-07-31 17:54:33.253
!MESSAGE port: COM4

!ENTRY com.st.stm32cube.ide.mpu.remote.serial 1 1 2026-07-31 17:54:33.255
!MESSAGE port: COM5

!ENTRY com.st.stm32cube.ide.mpu.remote.serial 1 1 2026-07-31 17:54:33.255
!MESSAGE port: COM6

!ENTRY com.st.stm32cube.ide.mpu.remote.serial 1 1 2026-07-31 17:54:33.256
!MESSAGE port: COM8

!ENTRY com.st.stm32cube.ide.mpu.remote.serial 1 1 2026-07-31 17:54:33.257
!MESSAGE port: COM17

!ENTRY com.st.stm32cube.ide.mpu.remote.serial 1 1 2026-07-31 17:54:33.258
!MESSAGE port: COM3

!ENTRY com.st.stm32cube.ide.mpu.remote.serial 1 1 2026-07-31 17:54:33.258
!MESSAGE port: COM9

!ENTRY com.st.stm32cube.ide.mpu.remote.serial 1 1 2026-07-31 17:54:33.259
!MESSAGE port: COM10

!ENTRY com.st.stm32cube.ide.mpu.remote.serial 1 1 2026-07-31 17:54:33.259
!MESSAGE port: COM11

!ENTRY com.st.stm32cube.ide.mpu.remote.serial 1 1 2026-07-31 17:54:33.261
!MESSAGE port: COM12

!ENTRY com.st.stm32cube.ide.mpu.remote.serial 1 1 2026-07-31 17:54:33.261
!MESSAGE port: COM13

!ENTRY com.st.stm32cube.ide.mpu.remote.serial 1 1 2026-07-31 17:54:33.262
!MESSAGE port: COM16

!ENTRY com.st.stm32cube.ide.mpu.remote.serial 1 1 2026-07-31 17:58:36.882
!MESSAGE Executed PowerShell command powershell.exe -Command "Get-CimInstance -ClassName Win32_SerialPort | Select-Object -ExpandProperty DeviceID":
COM4
COM5
COM6
COM8
COM17
COM3
COM9
COM10
COM11
COM12
COM13
COM16


!ENTRY com.st.stm32cube.ide.mpu.remote.serial 1 1 2026-07-31 17:58:36.884
!MESSAGE port: COM4

!ENTRY com.st.stm32cube.ide.mpu.remote.serial 1 1 2026-07-31 17:58:36.885
!MESSAGE port: COM5

!ENTRY com.st.stm32cube.ide.mpu.remote.serial 1 1 2026-07-31 17:58:36.885
!MESSAGE port: COM6

!ENTRY com.st.stm32cube.ide.mpu.remote.serial 1 1 2026-07-31 17:58:36.887
!MESSAGE port: COM8

!ENTRY com.st.stm32cube.ide.mpu.remote.serial 1 1 2026-07-31 17:58:36.887
!MESSAGE port: COM17

!ENTRY com.st.stm32cube.ide.mpu.remote.serial 1 1 2026-07-31 17:58:36.889
!MESSAGE port: COM3

!ENTRY com.st.stm32cube.ide.mpu.remote.serial 1 1 2026-07-31 17:58:36.889
!MESSAGE port: COM9

!ENTRY com.st.stm32cube.ide.mpu.remote.serial 1 1 2026-07-31 17:58:36.889
!MESSAGE port: COM10

!ENTRY com.st.stm32cube.ide.mpu.remote.serial 1 1 2026-07-31 17:58:36.890
!MESSAGE port: COM11

!ENTRY com.st.stm32cube.ide.mpu.remote.serial 1 1 2026-07-31 17:58:36.890
!MESSAGE port: COM12

!ENTRY com.st.stm32cube.ide.mpu.remote.serial 1 1 2026-07-31 17:58:36.891
!MESSAGE port: COM13

!ENTRY com.st.stm32cube.ide.mpu.remote.serial 1 1 2026-07-31 17:58:36.893
!MESSAGE port: COM16

!ENTRY com.st.stm32cube.ide.mpu.remote.serial 1 1 2026-07-31 17:59:08.343
!MESSAGE Executed PowerShell command powershell.exe -Command "Get-CimInstance -ClassName Win32_SerialPort | Select-Object -ExpandProperty DeviceID":
COM4
COM5
COM6
COM8
COM17
COM3
COM9
COM10
COM11
COM12
COM13
COM16


!ENTRY com.st.stm32cube.ide.mpu.remote.serial 1 1 2026-07-31 17:59:08.347
!MESSAGE port: COM4

!ENTRY com.st.stm32cube.ide.mpu.remote.serial 1 1 2026-07-31 17:59:08.349
!MESSAGE port: COM5

!ENTRY com.st.stm32cube.ide.mpu.remote.serial 1 1 2026-07-31 17:59:08.351
!MESSAGE port: COM6

!ENTRY com.st.stm32cube.ide.mpu.remote.serial 1 1 2026-07-31 17:59:08.353
!MESSAGE port: COM8

!ENTRY com.st.stm32cube.ide.mpu.remote.serial 1 1 2026-07-31 17:59:08.355
!MESSAGE port: COM17

!ENTRY com.st.stm32cube.ide.mpu.remote.serial 1 1 2026-07-31 17:59:08.355
!MESSAGE port: COM3

!ENTRY com.st.stm32cube.ide.mpu.remote.serial 1 1 2026-07-31 17:59:08.359
!MESSAGE port: COM9

!ENTRY com.st.stm32cube.ide.mpu.remote.serial 1 1 2026-07-31 17:59:08.360
!MESSAGE port: COM10

!ENTRY com.st.stm32cube.ide.mpu.remote.serial 1 1 2026-07-31 17:59:08.360
!MESSAGE port: COM11

!ENTRY com.st.stm32cube.ide.mpu.remote.serial 1 1 2026-07-31 17:59:08.364
!MESSAGE port: COM12

!ENTRY com.st.stm32cube.ide.mpu.remote.serial 1 1 2026-07-31 17:59:08.365
!MESSAGE port: COM13

!ENTRY com.st.stm32cube.ide.mpu.remote.serial 1 1 2026-07-31 17:59:08.367
!MESSAGE port: COM16

!ENTRY com.st.stm32cube.ide.mpu.remote.serial 1 1 2026-07-31 18:01:26.744
!MESSAGE Executed PowerShell command powershell.exe -Command "Get-CimInstance -ClassName Win32_SerialPort | Select-Object -ExpandProperty DeviceID":
COM4
COM5
COM6
COM8
COM17
COM3
COM9
COM10
COM11
COM12
COM13
COM16
COM7


!ENTRY com.st.stm32cube.ide.mpu.remote.serial 1 1 2026-07-31 18:01:26.748
!MESSAGE port: COM4

!ENTRY com.st.stm32cube.ide.mpu.remote.serial 1 1 2026-07-31 18:01:26.750
!MESSAGE port: COM5

!ENTRY com.st.stm32cube.ide.mpu.remote.serial 1 1 2026-07-31 18:01:26.751
!MESSAGE port: COM6

!ENTRY com.st.stm32cube.ide.mpu.remote.serial 1 1 2026-07-31 18:01:26.752
!MESSAGE port: COM8

!ENTRY com.st.stm32cube.ide.mpu.remote.serial 1 1 2026-07-31 18:01:26.752
!MESSAGE port: COM17

!ENTRY com.st.stm32cube.ide.mpu.remote.serial 1 1 2026-07-31 18:01:26.755
!MESSAGE port: COM3

!ENTRY com.st.stm32cube.ide.mpu.remote.serial 1 1 2026-07-31 18:01:26.755
!MESSAGE port: COM9

!ENTRY com.st.stm32cube.ide.mpu.remote.serial 1 1 2026-07-31 18:01:26.756
!MESSAGE port: COM10

!ENTRY com.st.stm32cube.ide.mpu.remote.serial 1 1 2026-07-31 18:01:26.757
!MESSAGE port: COM11

!ENTRY com.st.stm32cube.ide.mpu.remote.serial 1 1 2026-07-31 18:01:26.759
!MESSAGE port: COM12

!ENTRY com.st.stm32cube.ide.mpu.remote.serial 1 1 2026-07-31 18:01:26.760
!MESSAGE port: COM13

!ENTRY com.st.stm32cube.ide.mpu.remote.serial 1 1 2026-07-31 18:01:26.761
!MESSAGE port: COM16

!ENTRY com.st.stm32cube.ide.mpu.remote.serial 1 1 2026-07-31 18:01:26.762
!MESSAGE port: COM7

!ENTRY com.st.stm32cube.ide.mpu.remote.serial 1 1 2026-07-31 18:02:18.962
!MESSAGE Executed PowerShell command powershell.exe -Command "Get-CimInstance -ClassName Win32_SerialPort | Select-Object -ExpandProperty DeviceID":
COM4
COM5
COM6
COM8
COM17
COM3
COM9
COM10
COM11
COM12
COM13
COM16


!ENTRY com.st.stm32cube.ide.mpu.remote.serial 1 1 2026-07-31 18:02:18.964
!MESSAGE port: COM4

!ENTRY com.st.stm32cube.ide.mpu.remote.serial 1 1 2026-07-31 18:02:18.965
!MESSAGE port: COM5

!ENTRY com.st.stm32cube.ide.mpu.remote.serial 1 1 2026-07-31 18:02:18.965
!MESSAGE port: COM6

!ENTRY com.st.stm32cube.ide.mpu.remote.serial 1 1 2026-07-31 18:02:18.968
!MESSAGE port: COM8

!ENTRY com.st.stm32cube.ide.mpu.remote.serial 1 1 2026-07-31 18:02:18.970
!MESSAGE port: COM17

!ENTRY com.st.stm32cube.ide.mpu.remote.serial 1 1 2026-07-31 18:02:18.971
!MESSAGE port: COM3

!ENTRY com.st.stm32cube.ide.mpu.remote.serial 1 1 2026-07-31 18:02:18.971
!MESSAGE port: COM9

!ENTRY com.st.stm32cube.ide.mpu.remote.serial 1 1 2026-07-31 18:02:18.972
!MESSAGE port: COM10

!ENTRY com.st.stm32cube.ide.mpu.remote.serial 1 1 2026-07-31 18:02:18.972
!MESSAGE port: COM11

!ENTRY com.st.stm32cube.ide.mpu.remote.serial 1 1 2026-07-31 18:02:18.974
!MESSAGE port: COM12

!ENTRY com.st.stm32cube.ide.mpu.remote.serial 1 1 2026-07-31 18:02:18.976
!MESSAGE port: COM13

!ENTRY com.st.stm32cube.ide.mpu.remote.serial 1 1 2026-07-31 18:02:18.977
!MESSAGE port: COM16

!ENTRY com.st.stm32cube.ide.mpu.remote.serial 1 1 2026-07-31 18:07:33.376
!MESSAGE Executed PowerShell command powershell.exe -Command "Get-CimInstance -ClassName Win32_SerialPort | Select-Object -ExpandProperty DeviceID":
COM4
COM5
COM6
COM8
COM17
COM3
COM9
COM10
COM11
COM12
COM13
COM16
COM7


!ENTRY com.st.stm32cube.ide.mpu.remote.serial 1 1 2026-07-31 18:07:33.378
!MESSAGE port: COM4

!ENTRY com.st.stm32cube.ide.mpu.remote.serial 1 1 2026-07-31 18:07:33.380
!MESSAGE port: COM5

!ENTRY com.st.stm32cube.ide.mpu.remote.serial 1 1 2026-07-31 18:07:33.381
!MESSAGE port: COM6

!ENTRY com.st.stm32cube.ide.mpu.remote.serial 1 1 2026-07-31 18:07:33.382
!MESSAGE port: COM8

!ENTRY com.st.stm32cube.ide.mpu.remote.serial 1 1 2026-07-31 18:07:33.383
!MESSAGE port: COM17

!ENTRY com.st.stm32cube.ide.mpu.remote.serial 1 1 2026-07-31 18:07:33.384
!MESSAGE port: COM3

!ENTRY com.st.stm32cube.ide.mpu.remote.serial 1 1 2026-07-31 18:07:33.386
!MESSAGE port: COM9

!ENTRY com.st.stm32cube.ide.mpu.remote.serial 1 1 2026-07-31 18:07:33.386
!MESSAGE port: COM10

!ENTRY com.st.stm32cube.ide.mpu.remote.serial 1 1 2026-07-31 18:07:33.387
!MESSAGE port: COM11

!ENTRY com.st.stm32cube.ide.mpu.remote.serial 1 1 2026-07-31 18:07:33.389
!MESSAGE port: COM12

!ENTRY com.st.stm32cube.ide.mpu.remote.serial 1 1 2026-07-31 18:07:33.390
!MESSAGE port: COM13

!ENTRY com.st.stm32cube.ide.mpu.remote.serial 1 1 2026-07-31 18:07:33.391
!MESSAGE port: COM16

!ENTRY com.st.stm32cube.ide.mpu.remote.serial 1 1 2026-07-31 18:07:33.392
!MESSAGE port: COM7

!ENTRY com.st.stm32cube.ide.mpu.remote.serial 1 1 2026-07-31 18:12:24.904
!MESSAGE Executed PowerShell command powershell.exe -Command "Get-CimInstance -ClassName Win32_SerialPort | Select-Object -ExpandProperty DeviceID":
COM4
COM5
COM6
COM8
COM17
COM3
COM9
COM10
COM11
COM12
COM13
COM16


!ENTRY com.st.stm32cube.ide.mpu.remote.serial 1 1 2026-07-31 18:12:24.908
!MESSAGE port: COM4

!ENTRY com.st.stm32cube.ide.mpu.remote.serial 1 1 2026-07-31 18:12:24.909
!MESSAGE port: COM5

!ENTRY com.st.stm32cube.ide.mpu.remote.serial 1 1 2026-07-31 18:12:24.909
!MESSAGE port: COM6

!ENTRY com.st.stm32cube.ide.mpu.remote.serial 1 1 2026-07-31 18:12:24.911
!MESSAGE port: COM8

!ENTRY com.st.stm32cube.ide.mpu.remote.serial 1 1 2026-07-31 18:12:24.911
!MESSAGE port: COM17

!ENTRY com.st.stm32cube.ide.mpu.remote.serial 1 1 2026-07-31 18:12:24.912
!MESSAGE port: COM3

!ENTRY com.st.stm32cube.ide.mpu.remote.serial 1 1 2026-07-31 18:12:24.912
!MESSAGE port: COM9

!ENTRY com.st.stm32cube.ide.mpu.remote.serial 1 1 2026-07-31 18:12:24.913
!MESSAGE port: COM10

!ENTRY com.st.stm32cube.ide.mpu.remote.serial 1 1 2026-07-31 18:12:24.913
!MESSAGE port: COM11

!ENTRY com.st.stm32cube.ide.mpu.remote.serial 1 1 2026-07-31 18:12:24.914
!MESSAGE port: COM12

!ENTRY com.st.stm32cube.ide.mpu.remote.serial 1 1 2026-07-31 18:12:24.914
!MESSAGE port: COM13

!ENTRY com.st.stm32cube.ide.mpu.remote.serial 1 1 2026-07-31 18:12:24.916
!MESSAGE port: COM16

!ENTRY com.st.stm32cube.ide.mpu.remote.serial 1 1 2026-07-31 18:15:34.526
!MESSAGE Executed PowerShell command powershell.exe -Command "Get-CimInstance -ClassName Win32_SerialPort | Select-Object -ExpandProperty DeviceID":
COM4
COM5
COM6
COM8
COM17
COM3
COM9
COM10
COM11
COM12
COM13
COM16


!ENTRY com.st.stm32cube.ide.mpu.remote.serial 1 1 2026-07-31 18:15:34.531
!MESSAGE port: COM4

!ENTRY com.st.stm32cube.ide.mpu.remote.serial 1 1 2026-07-31 18:15:34.532
!MESSAGE port: COM5

!ENTRY com.st.stm32cube.ide.mpu.remote.serial 1 1 2026-07-31 18:15:34.533
!MESSAGE port: COM6

!ENTRY com.st.stm32cube.ide.mpu.remote.serial 1 1 2026-07-31 18:15:34.535
!MESSAGE port: COM8

!ENTRY com.st.stm32cube.ide.mpu.remote.serial 1 1 2026-07-31 18:15:34.535
!MESSAGE port: COM17

!ENTRY com.st.stm32cube.ide.mpu.remote.serial 1 1 2026-07-31 18:15:34.536
!MESSAGE port: COM3

!ENTRY com.st.stm32cube.ide.mpu.remote.serial 1 1 2026-07-31 18:15:34.539
!MESSAGE port: COM9

!ENTRY com.st.stm32cube.ide.mpu.remote.serial 1 1 2026-07-31 18:15:34.540
!MESSAGE port: COM10

!ENTRY com.st.stm32cube.ide.mpu.remote.serial 1 1 2026-07-31 18:15:34.541
!MESSAGE port: COM11

!ENTRY com.st.stm32cube.ide.mpu.remote.serial 1 1 2026-07-31 18:15:34.542
!MESSAGE port: COM12

!ENTRY com.st.stm32cube.ide.mpu.remote.serial 1 1 2026-07-31 18:15:34.545
!MESSAGE port: COM13

!ENTRY com.st.stm32cube.ide.mpu.remote.serial 1 1 2026-07-31 18:15:34.547
!MESSAGE port: COM16

!ENTRY com.st.stm32cube.ide.mpu.remote.serial 1 1 2026-07-31 18:16:06.431
!MESSAGE Executed PowerShell command powershell.exe -Command "Get-CimInstance -ClassName Win32_SerialPort | Select-Object -ExpandProperty DeviceID":
COM4
COM5
COM6
COM8
COM17
COM3
COM9
COM10
COM11
COM12
COM13
COM16


!ENTRY com.st.stm32cube.ide.mpu.remote.serial 1 1 2026-07-31 18:16:06.433
!MESSAGE port: COM4

!ENTRY com.st.stm32cube.ide.mpu.remote.serial 1 1 2026-07-31 18:16:06.435
!MESSAGE port: COM5

!ENTRY com.st.stm32cube.ide.mpu.remote.serial 1 1 2026-07-31 18:16:06.436
!MESSAGE port: COM6

!ENTRY com.st.stm32cube.ide.mpu.remote.serial 1 1 2026-07-31 18:16:06.437
!MESSAGE port: COM8

!ENTRY com.st.stm32cube.ide.mpu.remote.serial 1 1 2026-07-31 18:16:06.438
!MESSAGE port: COM17

!ENTRY com.st.stm32cube.ide.mpu.remote.serial 1 1 2026-07-31 18:16:06.440
!MESSAGE port: COM3

!ENTRY com.st.stm32cube.ide.mpu.remote.serial 1 1 2026-07-31 18:16:06.442
!MESSAGE port: COM9

!ENTRY com.st.stm32cube.ide.mpu.remote.serial 1 1 2026-07-31 18:16:06.443
!MESSAGE port: COM10

!ENTRY com.st.stm32cube.ide.mpu.remote.serial 1 1 2026-07-31 18:16:06.444
!MESSAGE port: COM11

!ENTRY com.st.stm32cube.ide.mpu.remote.serial 1 1 2026-07-31 18:16:06.446
!MESSAGE port: COM12

!ENTRY com.st.stm32cube.ide.mpu.remote.serial 1 1 2026-07-31 18:16:06.447
!MESSAGE port: COM13

!ENTRY com.st.stm32cube.ide.mpu.remote.serial 1 1 2026-07-31 18:16:06.448
!MESSAGE port: COM16

!ENTRY com.st.stm32cube.ide.mpu.remote.serial 1 1 2026-07-31 18:18:01.106
!MESSAGE Executed PowerShell command powershell.exe -Command "Get-CimInstance -ClassName Win32_SerialPort | Select-Object -ExpandProperty DeviceID":
COM4
COM5
COM6
COM8
COM17
COM3
COM9
COM10
COM11
COM12
COM13
COM16


!ENTRY com.st.stm32cube.ide.mpu.remote.serial 1 1 2026-07-31 18:18:01.116
!MESSAGE port: COM4

!ENTRY com.st.stm32cube.ide.mpu.remote.serial 1 1 2026-07-31 18:18:01.117
!MESSAGE port: COM5

!ENTRY com.st.stm32cube.ide.mpu.remote.serial 1 1 2026-07-31 18:18:01.118
!MESSAGE port: COM6

!ENTRY com.st.stm32cube.ide.mpu.remote.serial 1 1 2026-07-31 18:18:01.119
!MESSAGE port: COM8

!ENTRY com.st.stm32cube.ide.mpu.remote.serial 1 1 2026-07-31 18:18:01.120
!MESSAGE port: COM17

!ENTRY com.st.stm32cube.ide.mpu.remote.serial 1 1 2026-07-31 18:18:01.121
!MESSAGE port: COM3

!ENTRY com.st.stm32cube.ide.mpu.remote.serial 1 1 2026-07-31 18:18:01.122
!MESSAGE port: COM9

!ENTRY com.st.stm32cube.ide.mpu.remote.serial 1 1 2026-07-31 18:18:01.123
!MESSAGE port: COM10

!ENTRY com.st.stm32cube.ide.mpu.remote.serial 1 1 2026-07-31 18:18:01.125
!MESSAGE port: COM11

!ENTRY com.st.stm32cube.ide.mpu.remote.serial 1 1 2026-07-31 18:18:01.126
!MESSAGE port: COM12

!ENTRY com.st.stm32cube.ide.mpu.remote.serial 1 1 2026-07-31 18:18:01.127
!MESSAGE port: COM13

!ENTRY com.st.stm32cube.ide.mpu.remote.serial 1 1 2026-07-31 18:18:01.128
!MESSAGE port: COM16

!ENTRY com.st.stm32cube.ide.mpu.remote.serial 1 1 2026-07-31 18:18:33.065
!MESSAGE Executed PowerShell command powershell.exe -Command "Get-CimInstance -ClassName Win32_SerialPort | Select-Object -ExpandProperty DeviceID":
COM4
COM5
COM6
COM8
COM17
COM3
COM9
COM10
COM11
COM12
COM13
COM16


!ENTRY com.st.stm32cube.ide.mpu.remote.serial 1 1 2026-07-31 18:18:33.068
!MESSAGE port: COM4

!ENTRY com.st.stm32cube.ide.mpu.remote.serial 1 1 2026-07-31 18:18:33.068
!MESSAGE port: COM5

!ENTRY com.st.stm32cube.ide.mpu.remote.serial 1 1 2026-07-31 18:18:33.069
!MESSAGE port: COM6

!ENTRY com.st.stm32cube.ide.mpu.remote.serial 1 1 2026-07-31 18:18:33.070
!MESSAGE port: COM8

!ENTRY com.st.stm32cube.ide.mpu.remote.serial 1 1 2026-07-31 18:18:33.072
!MESSAGE port: COM17

!ENTRY com.st.stm32cube.ide.mpu.remote.serial 1 1 2026-07-31 18:18:33.073
!MESSAGE port: COM3

!ENTRY com.st.stm32cube.ide.mpu.remote.serial 1 1 2026-07-31 18:18:33.074
!MESSAGE port: COM9

!ENTRY com.st.stm32cube.ide.mpu.remote.serial 1 1 2026-07-31 18:18:33.075
!MESSAGE port: COM10

!ENTRY com.st.stm32cube.ide.mpu.remote.serial 1 1 2026-07-31 18:18:33.076
!MESSAGE port: COM11

!ENTRY com.st.stm32cube.ide.mpu.remote.serial 1 1 2026-07-31 18:18:33.078
!MESSAGE port: COM12

!ENTRY com.st.stm32cube.ide.mpu.remote.serial 1 1 2026-07-31 18:18:33.082
!MESSAGE port: COM13

!ENTRY com.st.stm32cube.ide.mpu.remote.serial 1 1 2026-07-31 18:18:33.084
!MESSAGE port: COM16

!ENTRY com.st.stm32cube.ide.mpu.remote.serial 1 1 2026-07-31 18:47:08.138
!MESSAGE Executed PowerShell command powershell.exe -Command "Get-CimInstance -ClassName Win32_SerialPort | Select-Object -ExpandProperty DeviceID":
COM4
COM5
COM6
COM8
COM17
COM3
COM9
COM10
COM11
COM12
COM13
COM16
COM7


!ENTRY com.st.stm32cube.ide.mpu.remote.serial 1 1 2026-07-31 18:47:08.142
!MESSAGE port: COM4

!ENTRY com.st.stm32cube.ide.mpu.remote.serial 1 1 2026-07-31 18:47:08.143
!MESSAGE port: COM5

!ENTRY com.st.stm32cube.ide.mpu.remote.serial 1 1 2026-07-31 18:47:08.144
!MESSAGE port: COM6

!ENTRY com.st.stm32cube.ide.mpu.remote.serial 1 1 2026-07-31 18:47:08.144
!MESSAGE port: COM8

!ENTRY com.st.stm32cube.ide.mpu.remote.serial 1 1 2026-07-31 18:47:08.145
!MESSAGE port: COM17

!ENTRY com.st.stm32cube.ide.mpu.remote.serial 1 1 2026-07-31 18:47:08.145
!MESSAGE port: COM3

!ENTRY com.st.stm32cube.ide.mpu.remote.serial 1 1 2026-07-31 18:47:08.147
!MESSAGE port: COM9

!ENTRY com.st.stm32cube.ide.mpu.remote.serial 1 1 2026-07-31 18:47:08.147
!MESSAGE port: COM10

!ENTRY com.st.stm32cube.ide.mpu.remote.serial 1 1 2026-07-31 18:47:08.149
!MESSAGE port: COM11

!ENTRY com.st.stm32cube.ide.mpu.remote.serial 1 1 2026-07-31 18:47:08.149
!MESSAGE port: COM12

!ENTRY com.st.stm32cube.ide.mpu.remote.serial 1 1 2026-07-31 18:47:08.150
!MESSAGE port: COM13

!ENTRY com.st.stm32cube.ide.mpu.remote.serial 1 1 2026-07-31 18:47:08.150
!MESSAGE port: COM16

!ENTRY com.st.stm32cube.ide.mpu.remote.serial 1 1 2026-07-31 18:47:08.151
!MESSAGE port: COM7

!ENTRY com.st.stm32cube.ide.mpu.remote.serial 1 1 2026-07-31 18:47:53.810
!MESSAGE Executed PowerShell command powershell.exe -Command "Get-CimInstance -ClassName Win32_SerialPort | Select-Object -ExpandProperty DeviceID":
COM4
COM5
COM6
COM8
COM17
COM3
COM9
COM10
COM11
COM12
COM13
COM16


!ENTRY com.st.stm32cube.ide.mpu.remote.serial 1 1 2026-07-31 18:47:53.812
!MESSAGE port: COM4

!ENTRY com.st.stm32cube.ide.mpu.remote.serial 1 1 2026-07-31 18:47:53.813
!MESSAGE port: COM5

!ENTRY com.st.stm32cube.ide.mpu.remote.serial 1 1 2026-07-31 18:47:53.815
!MESSAGE port: COM6

!ENTRY com.st.stm32cube.ide.mpu.remote.serial 1 1 2026-07-31 18:47:53.815
!MESSAGE port: COM8

!ENTRY com.st.stm32cube.ide.mpu.remote.serial 1 1 2026-07-31 18:47:53.816
!MESSAGE port: COM17

!ENTRY com.st.stm32cube.ide.mpu.remote.serial 1 1 2026-07-31 18:47:53.816
!MESSAGE port: COM3

!ENTRY com.st.stm32cube.ide.mpu.remote.serial 1 1 2026-07-31 18:47:53.817
!MESSAGE port: COM9

!ENTRY com.st.stm32cube.ide.mpu.remote.serial 1 1 2026-07-31 18:47:53.818
!MESSAGE port: COM10

!ENTRY com.st.stm32cube.ide.mpu.remote.serial 1 1 2026-07-31 18:47:53.818
!MESSAGE port: COM11

!ENTRY com.st.stm32cube.ide.mpu.remote.serial 1 1 2026-07-31 18:47:53.819
!MESSAGE port: COM12

!ENTRY com.st.stm32cube.ide.mpu.remote.serial 1 1 2026-07-31 18:47:53.819
!MESSAGE port: COM13

!ENTRY com.st.stm32cube.ide.mpu.remote.serial 1 1 2026-07-31 18:47:53.821
!MESSAGE port: COM16

!ENTRY com.st.stm32cube.ide.mpu.remote.serial 1 1 2026-07-31 18:50:58.271
!MESSAGE Executed PowerShell command powershell.exe -Command "Get-CimInstance -ClassName Win32_SerialPort | Select-Object -ExpandProperty DeviceID":
COM4
COM5
COM6
COM8
COM17
COM3
COM9
COM10
COM11
COM12
COM13
COM16


!ENTRY com.st.stm32cube.ide.mpu.remote.serial 1 1 2026-07-31 18:50:58.274
!MESSAGE port: COM4

!ENTRY com.st.stm32cube.ide.mpu.remote.serial 1 1 2026-07-31 18:50:58.274
!MESSAGE port: COM5

!ENTRY com.st.stm32cube.ide.mpu.remote.serial 1 1 2026-07-31 18:50:58.275
!MESSAGE port: COM6

!ENTRY com.st.stm32cube.ide.mpu.remote.serial 1 1 2026-07-31 18:50:58.275
!MESSAGE port: COM8

!ENTRY com.st.stm32cube.ide.mpu.remote.serial 1 1 2026-07-31 18:50:58.275
!MESSAGE port: COM17

!ENTRY com.st.stm32cube.ide.mpu.remote.serial 1 1 2026-07-31 18:50:58.277
!MESSAGE port: COM3

!ENTRY com.st.stm32cube.ide.mpu.remote.serial 1 1 2026-07-31 18:50:58.278
!MESSAGE port: COM9

!ENTRY com.st.stm32cube.ide.mpu.remote.serial 1 1 2026-07-31 18:50:58.278
!MESSAGE port: COM10

!ENTRY com.st.stm32cube.ide.mpu.remote.serial 1 1 2026-07-31 18:50:58.278
!MESSAGE port: COM11

!ENTRY com.st.stm32cube.ide.mpu.remote.serial 1 1 2026-07-31 18:50:58.279
!MESSAGE port: COM12

!ENTRY com.st.stm32cube.ide.mpu.remote.serial 1 1 2026-07-31 18:50:58.280
!MESSAGE port: COM13

!ENTRY com.st.stm32cube.ide.mpu.remote.serial 1 1 2026-07-31 18:50:58.281
!MESSAGE port: COM16

!ENTRY com.st.stm32cube.ide.mpu.remote.serial 1 1 2026-07-31 18:51:29.787
!MESSAGE Executed PowerShell command powershell.exe -Command "Get-CimInstance -ClassName Win32_SerialPort | Select-Object -ExpandProperty DeviceID":
COM4
COM5
COM6
COM8
COM17
COM3
COM9
COM10
COM11
COM12
COM13
COM16


!ENTRY com.st.stm32cube.ide.mpu.remote.serial 1 1 2026-07-31 18:51:29.792
!MESSAGE port: COM4

!ENTRY com.st.stm32cube.ide.mpu.remote.serial 1 1 2026-07-31 18:51:29.794
!MESSAGE port: COM5

!ENTRY com.st.stm32cube.ide.mpu.remote.serial 1 1 2026-07-31 18:51:29.795
!MESSAGE port: COM6

!ENTRY com.st.stm32cube.ide.mpu.remote.serial 1 1 2026-07-31 18:51:29.795
!MESSAGE port: COM8

!ENTRY com.st.stm32cube.ide.mpu.remote.serial 1 1 2026-07-31 18:51:29.795
!MESSAGE port: COM17

!ENTRY com.st.stm32cube.ide.mpu.remote.serial 1 1 2026-07-31 18:51:29.796
!MESSAGE port: COM3

!ENTRY com.st.stm32cube.ide.mpu.remote.serial 1 1 2026-07-31 18:51:29.797
!MESSAGE port: COM9

!ENTRY com.st.stm32cube.ide.mpu.remote.serial 1 1 2026-07-31 18:51:29.798
!MESSAGE port: COM10

!ENTRY com.st.stm32cube.ide.mpu.remote.serial 1 1 2026-07-31 18:51:29.799
!MESSAGE port: COM11

!ENTRY com.st.stm32cube.ide.mpu.remote.serial 1 1 2026-07-31 18:51:29.799
!MESSAGE port: COM12

!ENTRY com.st.stm32cube.ide.mpu.remote.serial 1 1 2026-07-31 18:51:29.799
!MESSAGE port: COM13

!ENTRY com.st.stm32cube.ide.mpu.remote.serial 1 1 2026-07-31 18:51:29.801
!MESSAGE port: COM16

!ENTRY com.st.stm32cube.ide.mpu.remote.serial 1 1 2026-07-31 18:57:54.402
!MESSAGE Executed PowerShell command powershell.exe -Command "Get-CimInstance -ClassName Win32_SerialPort | Select-Object -ExpandProperty DeviceID":
COM4
COM5
COM6
COM8
COM17
COM3
COM9
COM10
COM11
COM12
COM13
COM16


!ENTRY com.st.stm32cube.ide.mpu.remote.serial 1 1 2026-07-31 18:57:54.405
!MESSAGE port: COM4

!ENTRY com.st.stm32cube.ide.mpu.remote.serial 1 1 2026-07-31 18:57:54.407
!MESSAGE port: COM5

!ENTRY com.st.stm32cube.ide.mpu.remote.serial 1 1 2026-07-31 18:57:54.408
!MESSAGE port: COM6

!ENTRY com.st.stm32cube.ide.mpu.remote.serial 1 1 2026-07-31 18:57:54.409
!MESSAGE port: COM8

!ENTRY com.st.stm32cube.ide.mpu.remote.serial 1 1 2026-07-31 18:57:54.411
!MESSAGE port: COM17

!ENTRY com.st.stm32cube.ide.mpu.remote.serial 1 1 2026-07-31 18:57:54.412
!MESSAGE port: COM3

!ENTRY com.st.stm32cube.ide.mpu.remote.serial 1 1 2026-07-31 18:57:54.413
!MESSAGE port: COM9

!ENTRY com.st.stm32cube.ide.mpu.remote.serial 1 1 2026-07-31 18:57:54.414
!MESSAGE port: COM10

!ENTRY com.st.stm32cube.ide.mpu.remote.serial 1 1 2026-07-31 18:57:54.415
!MESSAGE port: COM11

!ENTRY com.st.stm32cube.ide.mpu.remote.serial 1 1 2026-07-31 18:57:54.416
!MESSAGE port: COM12

!ENTRY com.st.stm32cube.ide.mpu.remote.serial 1 1 2026-07-31 18:57:54.417
!MESSAGE port: COM13

!ENTRY com.st.stm32cube.ide.mpu.remote.serial 1 1 2026-07-31 18:57:54.418
!MESSAGE port: COM16

!ENTRY com.st.stm32cube.ide.mpu.remote.serial 1 1 2026-07-31 18:58:26.951
!MESSAGE Executed PowerShell command powershell.exe -Command "Get-CimInstance -ClassName Win32_SerialPort | Select-Object -ExpandProperty DeviceID":
COM4
COM5
COM6
COM8
COM17
COM3
COM9
COM10
COM11
COM12
COM13
COM16


!ENTRY com.st.stm32cube.ide.mpu.remote.serial 1 1 2026-07-31 18:58:26.952
!MESSAGE port: COM4

!ENTRY com.st.stm32cube.ide.mpu.remote.serial 1 1 2026-07-31 18:58:26.953
!MESSAGE port: COM5

!ENTRY com.st.stm32cube.ide.mpu.remote.serial 1 1 2026-07-31 18:58:26.955
!MESSAGE port: COM6

!ENTRY com.st.stm32cube.ide.mpu.remote.serial 1 1 2026-07-31 18:58:26.955
!MESSAGE port: COM8

!ENTRY com.st.stm32cube.ide.mpu.remote.serial 1 1 2026-07-31 18:58:26.957
!MESSAGE port: COM17

!ENTRY com.st.stm32cube.ide.mpu.remote.serial 1 1 2026-07-31 18:58:26.958
!MESSAGE port: COM3

!ENTRY com.st.stm32cube.ide.mpu.remote.serial 1 1 2026-07-31 18:58:26.959
!MESSAGE port: COM9

!ENTRY com.st.stm32cube.ide.mpu.remote.serial 1 1 2026-07-31 18:58:26.961
!MESSAGE port: COM10

!ENTRY com.st.stm32cube.ide.mpu.remote.serial 1 1 2026-07-31 18:58:26.963
!MESSAGE port: COM11

!ENTRY com.st.stm32cube.ide.mpu.remote.serial 1 1 2026-07-31 18:58:26.964
!MESSAGE port: COM12

!ENTRY com.st.stm32cube.ide.mpu.remote.serial 1 1 2026-07-31 18:58:26.964
!MESSAGE port: COM13

!ENTRY com.st.stm32cube.ide.mpu.remote.serial 1 1 2026-07-31 18:58:26.966
!MESSAGE port: COM16

!ENTRY com.st.stm32cube.ide.mpu.remote.serial 1 1 2026-07-31 19:00:06.021
!MESSAGE Executed PowerShell command powershell.exe -Command "Get-CimInstance -ClassName Win32_SerialPort | Select-Object -ExpandProperty DeviceID":
COM4
COM5
COM6
COM8
COM17
COM3
COM9
COM10
COM11
COM12
COM13
COM16


!ENTRY com.st.stm32cube.ide.mpu.remote.serial 1 1 2026-07-31 19:00:06.023
!MESSAGE port: COM4

!ENTRY com.st.stm32cube.ide.mpu.remote.serial 1 1 2026-07-31 19:00:06.023
!MESSAGE port: COM5

!ENTRY com.st.stm32cube.ide.mpu.remote.serial 1 1 2026-07-31 19:00:06.023
!MESSAGE port: COM6

!ENTRY com.st.stm32cube.ide.mpu.remote.serial 1 1 2026-07-31 19:00:06.025
!MESSAGE port: COM8

!ENTRY com.st.stm32cube.ide.mpu.remote.serial 1 1 2026-07-31 19:00:06.025
!MESSAGE port: COM17

!ENTRY com.st.stm32cube.ide.mpu.remote.serial 1 1 2026-07-31 19:00:06.026
!MESSAGE port: COM3

!ENTRY com.st.stm32cube.ide.mpu.remote.serial 1 1 2026-07-31 19:00:06.028
!MESSAGE port: COM9

!ENTRY com.st.stm32cube.ide.mpu.remote.serial 1 1 2026-07-31 19:00:06.028
!MESSAGE port: COM10

!ENTRY com.st.stm32cube.ide.mpu.remote.serial 1 1 2026-07-31 19:00:06.029
!MESSAGE port: COM11

!ENTRY com.st.stm32cube.ide.mpu.remote.serial 1 1 2026-07-31 19:00:06.029
!MESSAGE port: COM12

!ENTRY com.st.stm32cube.ide.mpu.remote.serial 1 1 2026-07-31 19:00:06.030
!MESSAGE port: COM13

!ENTRY com.st.stm32cube.ide.mpu.remote.serial 1 1 2026-07-31 19:00:06.031
!MESSAGE port: COM16

!ENTRY com.st.stm32cube.ide.mpu.remote.serial 1 1 2026-07-31 19:00:37.668
!MESSAGE Executed PowerShell command powershell.exe -Command "Get-CimInstance -ClassName Win32_SerialPort | Select-Object -ExpandProperty DeviceID":
COM4
COM5
COM6
COM8
COM17
COM3
COM9
COM10
COM11
COM12
COM13
COM16


!ENTRY com.st.stm32cube.ide.mpu.remote.serial 1 1 2026-07-31 19:00:37.670
!MESSAGE port: COM4

!ENTRY com.st.stm32cube.ide.mpu.remote.serial 1 1 2026-07-31 19:00:37.670
!MESSAGE port: COM5

!ENTRY com.st.stm32cube.ide.mpu.remote.serial 1 1 2026-07-31 19:00:37.671
!MESSAGE port: COM6

!ENTRY com.st.stm32cube.ide.mpu.remote.serial 1 1 2026-07-31 19:00:37.672
!MESSAGE port: COM8

!ENTRY com.st.stm32cube.ide.mpu.remote.serial 1 1 2026-07-31 19:00:37.674
!MESSAGE port: COM17

!ENTRY com.st.stm32cube.ide.mpu.remote.serial 1 1 2026-07-31 19:00:37.676
!MESSAGE port: COM3

!ENTRY com.st.stm32cube.ide.mpu.remote.serial 1 1 2026-07-31 19:00:37.677
!MESSAGE port: COM9

!ENTRY com.st.stm32cube.ide.mpu.remote.serial 1 1 2026-07-31 19:00:37.678
!MESSAGE port: COM10

!ENTRY com.st.stm32cube.ide.mpu.remote.serial 1 1 2026-07-31 19:00:37.679
!MESSAGE port: COM11

!ENTRY com.st.stm32cube.ide.mpu.remote.serial 1 1 2026-07-31 19:00:37.680
!MESSAGE port: COM12

!ENTRY com.st.stm32cube.ide.mpu.remote.serial 1 1 2026-07-31 19:00:37.682
!MESSAGE port: COM13

!ENTRY com.st.stm32cube.ide.mpu.remote.serial 1 1 2026-07-31 19:00:37.683
!MESSAGE port: COM16

!ENTRY com.st.stm32cube.ide.mpu.remote.serial 1 1 2026-07-31 19:17:59.691
!MESSAGE Executed PowerShell command powershell.exe -Command "Get-CimInstance -ClassName Win32_SerialPort | Select-Object -ExpandProperty DeviceID":
COM4
COM5
COM6
COM8
COM17
COM3
COM9
COM10
COM11
COM12
COM13
COM16
COM7


!ENTRY com.st.stm32cube.ide.mpu.remote.serial 1 1 2026-07-31 19:17:59.694
!MESSAGE port: COM4

!ENTRY com.st.stm32cube.ide.mpu.remote.serial 1 1 2026-07-31 19:17:59.695
!MESSAGE port: COM5

!ENTRY com.st.stm32cube.ide.mpu.remote.serial 1 1 2026-07-31 19:17:59.697
!MESSAGE port: COM6

!ENTRY com.st.stm32cube.ide.mpu.remote.serial 1 1 2026-07-31 19:17:59.698
!MESSAGE port: COM8

!ENTRY com.st.stm32cube.ide.mpu.remote.serial 1 1 2026-07-31 19:17:59.699
!MESSAGE port: COM17

!ENTRY com.st.stm32cube.ide.mpu.remote.serial 1 1 2026-07-31 19:17:59.703
!MESSAGE port: COM3

!ENTRY com.st.stm32cube.ide.mpu.remote.serial 1 1 2026-07-31 19:17:59.704
!MESSAGE port: COM9

!ENTRY com.st.stm32cube.ide.mpu.remote.serial 1 1 2026-07-31 19:17:59.705
!MESSAGE port: COM10

!ENTRY com.st.stm32cube.ide.mpu.remote.serial 1 1 2026-07-31 19:17:59.707
!MESSAGE port: COM11

!ENTRY com.st.stm32cube.ide.mpu.remote.serial 1 1 2026-07-31 19:17:59.709
!MESSAGE port: COM12

!ENTRY com.st.stm32cube.ide.mpu.remote.serial 1 1 2026-07-31 19:17:59.710
!MESSAGE port: COM13

!ENTRY com.st.stm32cube.ide.mpu.remote.serial 1 1 2026-07-31 19:17:59.711
!MESSAGE port: COM16

!ENTRY com.st.stm32cube.ide.mpu.remote.serial 1 1 2026-07-31 19:17:59.713
!MESSAGE port: COM7

!ENTRY com.st.stm32cube.ide.mpu.remote.serial 1 1 2026-07-31 19:18:46.295
!MESSAGE Executed PowerShell command powershell.exe -Command "Get-CimInstance -ClassName Win32_SerialPort | Select-Object -ExpandProperty DeviceID":
COM4
COM5
COM6
COM8
COM17
COM3
COM9
COM10
COM11
COM12
COM13
COM16


!ENTRY com.st.stm32cube.ide.mpu.remote.serial 1 1 2026-07-31 19:18:46.297
!MESSAGE port: COM4

!ENTRY com.st.stm32cube.ide.mpu.remote.serial 1 1 2026-07-31 19:18:46.299
!MESSAGE port: COM5

!ENTRY com.st.stm32cube.ide.mpu.remote.serial 1 1 2026-07-31 19:18:46.299
!MESSAGE port: COM6

!ENTRY com.st.stm32cube.ide.mpu.remote.serial 1 1 2026-07-31 19:18:46.300
!MESSAGE port: COM8

!ENTRY com.st.stm32cube.ide.mpu.remote.serial 1 1 2026-07-31 19:18:46.301
!MESSAGE port: COM17

!ENTRY com.st.stm32cube.ide.mpu.remote.serial 1 1 2026-07-31 19:18:46.301
!MESSAGE port: COM3

!ENTRY com.st.stm32cube.ide.mpu.remote.serial 1 1 2026-07-31 19:18:46.301
!MESSAGE port: COM9

!ENTRY com.st.stm32cube.ide.mpu.remote.serial 1 1 2026-07-31 19:18:46.303
!MESSAGE port: COM10

!ENTRY com.st.stm32cube.ide.mpu.remote.serial 1 1 2026-07-31 19:18:46.304
!MESSAGE port: COM11

!ENTRY com.st.stm32cube.ide.mpu.remote.serial 1 1 2026-07-31 19:18:46.305
!MESSAGE port: COM12

!ENTRY com.st.stm32cube.ide.mpu.remote.serial 1 1 2026-07-31 19:18:46.305
!MESSAGE port: COM13

!ENTRY com.st.stm32cube.ide.mpu.remote.serial 1 1 2026-07-31 19:18:46.308
!MESSAGE port: COM16

!ENTRY com.st.stm32cube.ide.mpu.remote.serial 1 1 2026-07-31 19:23:30.226
!MESSAGE Executed PowerShell command powershell.exe -Command "Get-CimInstance -ClassName Win32_SerialPort | Select-Object -ExpandProperty DeviceID":
COM4
COM5
COM6
COM8
COM17
COM3
COM9
COM10
COM11
COM12
COM13
COM16


!ENTRY com.st.stm32cube.ide.mpu.remote.serial 1 1 2026-07-31 19:23:30.228
!MESSAGE port: COM4

!ENTRY com.st.stm32cube.ide.mpu.remote.serial 1 1 2026-07-31 19:23:30.228
!MESSAGE port: COM5

!ENTRY com.st.stm32cube.ide.mpu.remote.serial 1 1 2026-07-31 19:23:30.229
!MESSAGE port: COM6

!ENTRY com.st.stm32cube.ide.mpu.remote.serial 1 1 2026-07-31 19:23:30.229
!MESSAGE port: COM8

!ENTRY com.st.stm32cube.ide.mpu.remote.serial 1 1 2026-07-31 19:23:30.229
!MESSAGE port: COM17

!ENTRY com.st.stm32cube.ide.mpu.remote.serial 1 1 2026-07-31 19:23:30.230
!MESSAGE port: COM3

!ENTRY com.st.stm32cube.ide.mpu.remote.serial 1 1 2026-07-31 19:23:30.230
!MESSAGE port: COM9

!ENTRY com.st.stm32cube.ide.mpu.remote.serial 1 1 2026-07-31 19:23:30.231
!MESSAGE port: COM10

!ENTRY com.st.stm32cube.ide.mpu.remote.serial 1 1 2026-07-31 19:23:30.231
!MESSAGE port: COM11

!ENTRY com.st.stm32cube.ide.mpu.remote.serial 1 1 2026-07-31 19:23:30.231
!MESSAGE port: COM12

!ENTRY com.st.stm32cube.ide.mpu.remote.serial 1 1 2026-07-31 19:23:30.232
!MESSAGE port: COM13

!ENTRY com.st.stm32cube.ide.mpu.remote.serial 1 1 2026-07-31 19:23:30.232
!MESSAGE port: COM16

!ENTRY com.st.stm32cube.ide.mpu.remote.serial 1 1 2026-07-31 19:24:01.663
!MESSAGE Executed PowerShell command powershell.exe -Command "Get-CimInstance -ClassName Win32_SerialPort | Select-Object -ExpandProperty DeviceID":
COM4
COM5
COM6
COM8
COM17
COM3
COM9
COM10
COM11
COM12
COM13
COM16


!ENTRY com.st.stm32cube.ide.mpu.remote.serial 1 1 2026-07-31 19:24:01.666
!MESSAGE port: COM4

!ENTRY com.st.stm32cube.ide.mpu.remote.serial 1 1 2026-07-31 19:24:01.667
!MESSAGE port: COM5

!ENTRY com.st.stm32cube.ide.mpu.remote.serial 1 1 2026-07-31 19:24:01.669
!MESSAGE port: COM6

!ENTRY com.st.stm32cube.ide.mpu.remote.serial 1 1 2026-07-31 19:24:01.670
!MESSAGE port: COM8

!ENTRY com.st.stm32cube.ide.mpu.remote.serial 1 1 2026-07-31 19:24:01.671
!MESSAGE port: COM17

!ENTRY com.st.stm32cube.ide.mpu.remote.serial 1 1 2026-07-31 19:24:01.672
!MESSAGE port: COM3

!ENTRY com.st.stm32cube.ide.mpu.remote.serial 1 1 2026-07-31 19:24:01.672
!MESSAGE port: COM9

!ENTRY com.st.stm32cube.ide.mpu.remote.serial 1 1 2026-07-31 19:24:01.673
!MESSAGE port: COM10

!ENTRY com.st.stm32cube.ide.mpu.remote.serial 1 1 2026-07-31 19:24:01.674
!MESSAGE port: COM11

!ENTRY com.st.stm32cube.ide.mpu.remote.serial 1 1 2026-07-31 19:24:01.675
!MESSAGE port: COM12

!ENTRY com.st.stm32cube.ide.mpu.remote.serial 1 1 2026-07-31 19:24:01.677
!MESSAGE port: COM13

!ENTRY com.st.stm32cube.ide.mpu.remote.serial 1 1 2026-07-31 19:24:01.678
!MESSAGE port: COM16

!ENTRY com.st.stm32cube.ide.mpu.remote.serial 1 1 2026-07-31 19:37:11.257
!MESSAGE Executed PowerShell command powershell.exe -Command "Get-CimInstance -ClassName Win32_SerialPort | Select-Object -ExpandProperty DeviceID":
COM4
COM5
COM6
COM8
COM17
COM3
COM9
COM10
COM11
COM12
COM13
COM16


!ENTRY com.st.stm32cube.ide.mpu.remote.serial 1 1 2026-07-31 19:37:11.258
!MESSAGE port: COM4

!ENTRY com.st.stm32cube.ide.mpu.remote.serial 1 1 2026-07-31 19:37:11.260
!MESSAGE port: COM5

!ENTRY com.st.stm32cube.ide.mpu.remote.serial 1 1 2026-07-31 19:37:11.261
!MESSAGE port: COM6

!ENTRY com.st.stm32cube.ide.mpu.remote.serial 1 1 2026-07-31 19:37:11.261
!MESSAGE port: COM8

!ENTRY com.st.stm32cube.ide.mpu.remote.serial 1 1 2026-07-31 19:37:11.262
!MESSAGE port: COM17

!ENTRY com.st.stm32cube.ide.mpu.remote.serial 1 1 2026-07-31 19:37:11.263
!MESSAGE port: COM3

!ENTRY com.st.stm32cube.ide.mpu.remote.serial 1 1 2026-07-31 19:37:11.263
!MESSAGE port: COM9

!ENTRY com.st.stm32cube.ide.mpu.remote.serial 1 1 2026-07-31 19:37:11.264
!MESSAGE port: COM10

!ENTRY com.st.stm32cube.ide.mpu.remote.serial 1 1 2026-07-31 19:37:11.264
!MESSAGE port: COM11

!ENTRY com.st.stm32cube.ide.mpu.remote.serial 1 1 2026-07-31 19:37:11.265
!MESSAGE port: COM12

!ENTRY com.st.stm32cube.ide.mpu.remote.serial 1 1 2026-07-31 19:37:11.266
!MESSAGE port: COM13

!ENTRY com.st.stm32cube.ide.mpu.remote.serial 1 1 2026-07-31 19:37:11.266
!MESSAGE port: COM16

!ENTRY com.st.stm32cube.ide.mpu.remote.serial 1 1 2026-07-31 19:37:42.800
!MESSAGE Executed PowerShell command powershell.exe -Command "Get-CimInstance -ClassName Win32_SerialPort | Select-Object -ExpandProperty DeviceID":
COM4
COM5
COM6
COM8
COM17
COM3
COM9
COM10
COM11
COM12
COM13
COM16


!ENTRY com.st.stm32cube.ide.mpu.remote.serial 1 1 2026-07-31 19:37:42.801
!MESSAGE port: COM4

!ENTRY com.st.stm32cube.ide.mpu.remote.serial 1 1 2026-07-31 19:37:42.801
!MESSAGE port: COM5

!ENTRY com.st.stm32cube.ide.mpu.remote.serial 1 1 2026-07-31 19:37:42.803
!MESSAGE port: COM6

!ENTRY com.st.stm32cube.ide.mpu.remote.serial 1 1 2026-07-31 19:37:42.803
!MESSAGE port: COM8

!ENTRY com.st.stm32cube.ide.mpu.remote.serial 1 1 2026-07-31 19:37:42.804
!MESSAGE port: COM17

!ENTRY com.st.stm32cube.ide.mpu.remote.serial 1 1 2026-07-31 19:37:42.805
!MESSAGE port: COM3

!ENTRY com.st.stm32cube.ide.mpu.remote.serial 1 1 2026-07-31 19:37:42.805
!MESSAGE port: COM9

!ENTRY com.st.stm32cube.ide.mpu.remote.serial 1 1 2026-07-31 19:37:42.807
!MESSAGE port: COM10

!ENTRY com.st.stm32cube.ide.mpu.remote.serial 1 1 2026-07-31 19:37:42.808
!MESSAGE port: COM11

!ENTRY com.st.stm32cube.ide.mpu.remote.serial 1 1 2026-07-31 19:37:42.808
!MESSAGE port: COM12

!ENTRY com.st.stm32cube.ide.mpu.remote.serial 1 1 2026-07-31 19:37:42.809
!MESSAGE port: COM13

!ENTRY com.st.stm32cube.ide.mpu.remote.serial 1 1 2026-07-31 19:37:42.809
!MESSAGE port: COM16

!ENTRY com.st.stm32cube.ide.mpu.remote.serial 1 1 2026-07-31 19:38:57.939
!MESSAGE Executed PowerShell command powershell.exe -Command "Get-CimInstance -ClassName Win32_SerialPort | Select-Object -ExpandProperty DeviceID":
COM4
COM5
COM6
COM8
COM17
COM3
COM9
COM10
COM11
COM12
COM13
COM16


!ENTRY com.st.stm32cube.ide.mpu.remote.serial 1 1 2026-07-31 19:38:57.944
!MESSAGE port: COM4

!ENTRY com.st.stm32cube.ide.mpu.remote.serial 1 1 2026-07-31 19:38:57.944
!MESSAGE port: COM5

!ENTRY com.st.stm32cube.ide.mpu.remote.serial 1 1 2026-07-31 19:38:57.945
!MESSAGE port: COM6

!ENTRY com.st.stm32cube.ide.mpu.remote.serial 1 1 2026-07-31 19:38:57.945
!MESSAGE port: COM8

!ENTRY com.st.stm32cube.ide.mpu.remote.serial 1 1 2026-07-31 19:38:57.947
!MESSAGE port: COM17

!ENTRY com.st.stm32cube.ide.mpu.remote.serial 1 1 2026-07-31 19:38:57.948
!MESSAGE port: COM3

!ENTRY com.st.stm32cube.ide.mpu.remote.serial 1 1 2026-07-31 19:38:57.948
!MESSAGE port: COM9

!ENTRY com.st.stm32cube.ide.mpu.remote.serial 1 1 2026-07-31 19:38:57.949
!MESSAGE port: COM10

!ENTRY com.st.stm32cube.ide.mpu.remote.serial 1 1 2026-07-31 19:38:57.950
!MESSAGE port: COM11

!ENTRY com.st.stm32cube.ide.mpu.remote.serial 1 1 2026-07-31 19:38:57.950
!MESSAGE port: COM12

!ENTRY com.st.stm32cube.ide.mpu.remote.serial 1 1 2026-07-31 19:38:57.951
!MESSAGE port: COM13

!ENTRY com.st.stm32cube.ide.mpu.remote.serial 1 1 2026-07-31 19:38:57.952
!MESSAGE port: COM16

!ENTRY com.st.stm32cube.ide.mpu.remote.serial 1 1 2026-07-31 19:39:29.461
!MESSAGE Executed PowerShell command powershell.exe -Command "Get-CimInstance -ClassName Win32_SerialPort | Select-Object -ExpandProperty DeviceID":
COM4
COM5
COM6
COM8
COM17
COM3
COM9
COM10
COM11
COM12
COM13
COM16


!ENTRY com.st.stm32cube.ide.mpu.remote.serial 1 1 2026-07-31 19:39:29.462
!MESSAGE port: COM4

!ENTRY com.st.stm32cube.ide.mpu.remote.serial 1 1 2026-07-31 19:39:29.463
!MESSAGE port: COM5

!ENTRY com.st.stm32cube.ide.mpu.remote.serial 1 1 2026-07-31 19:39:29.464
!MESSAGE port: COM6

!ENTRY com.st.stm32cube.ide.mpu.remote.serial 1 1 2026-07-31 19:39:29.464
!MESSAGE port: COM8

!ENTRY com.st.stm32cube.ide.mpu.remote.serial 1 1 2026-07-31 19:39:29.465
!MESSAGE port: COM17

!ENTRY com.st.stm32cube.ide.mpu.remote.serial 1 1 2026-07-31 19:39:29.465
!MESSAGE port: COM3

!ENTRY com.st.stm32cube.ide.mpu.remote.serial 1 1 2026-07-31 19:39:29.466
!MESSAGE port: COM9

!ENTRY com.st.stm32cube.ide.mpu.remote.serial 1 1 2026-07-31 19:39:29.466
!MESSAGE port: COM10

!ENTRY com.st.stm32cube.ide.mpu.remote.serial 1 1 2026-07-31 19:39:29.467
!MESSAGE port: COM11

!ENTRY com.st.stm32cube.ide.mpu.remote.serial 1 1 2026-07-31 19:39:29.467
!MESSAGE port: COM12

!ENTRY com.st.stm32cube.ide.mpu.remote.serial 1 1 2026-07-31 19:39:29.468
!MESSAGE port: COM13

!ENTRY com.st.stm32cube.ide.mpu.remote.serial 1 1 2026-07-31 19:39:29.468
!MESSAGE port: COM16

!ENTRY com.st.stm32cube.ide.mpu.remote.serial 1 1 2026-07-31 20:02:59.124
!MESSAGE Executed PowerShell command powershell.exe -Command "Get-CimInstance -ClassName Win32_SerialPort | Select-Object -ExpandProperty DeviceID":
COM4
COM5
COM6
COM8
COM17
COM3
COM9
COM10
COM11
COM12
COM13
COM16


!ENTRY com.st.stm32cube.ide.mpu.remote.serial 1 1 2026-07-31 20:02:59.135
!MESSAGE port: COM4

!ENTRY com.st.stm32cube.ide.mpu.remote.serial 1 1 2026-07-31 20:02:59.136
!MESSAGE port: COM5

!ENTRY com.st.stm32cube.ide.mpu.remote.serial 1 1 2026-07-31 20:02:59.137
!MESSAGE port: COM6

!ENTRY com.st.stm32cube.ide.mpu.remote.serial 1 1 2026-07-31 20:02:59.138
!MESSAGE port: COM8

!ENTRY com.st.stm32cube.ide.mpu.remote.serial 1 1 2026-07-31 20:02:59.139
!MESSAGE port: COM17

!ENTRY com.st.stm32cube.ide.mpu.remote.serial 1 1 2026-07-31 20:02:59.139
!MESSAGE port: COM3

!ENTRY com.st.stm32cube.ide.mpu.remote.serial 1 1 2026-07-31 20:02:59.141
!MESSAGE port: COM9

!ENTRY com.st.stm32cube.ide.mpu.remote.serial 1 1 2026-07-31 20:02:59.142
!MESSAGE port: COM10

!ENTRY com.st.stm32cube.ide.mpu.remote.serial 1 1 2026-07-31 20:02:59.143
!MESSAGE port: COM11

!ENTRY com.st.stm32cube.ide.mpu.remote.serial 1 1 2026-07-31 20:02:59.145
!MESSAGE port: COM12

!ENTRY com.st.stm32cube.ide.mpu.remote.serial 1 1 2026-07-31 20:02:59.146
!MESSAGE port: COM13

!ENTRY com.st.stm32cube.ide.mpu.remote.serial 1 1 2026-07-31 20:02:59.148
!MESSAGE port: COM16

!ENTRY com.st.stm32cube.ide.mpu.remote.serial 1 1 2026-07-31 20:03:31.517
!MESSAGE Executed PowerShell command powershell.exe -Command "Get-CimInstance -ClassName Win32_SerialPort | Select-Object -ExpandProperty DeviceID":
COM4
COM5
COM6
COM8
COM17
COM3
COM9
COM10
COM11
COM12
COM13
COM16


!ENTRY com.st.stm32cube.ide.mpu.remote.serial 1 1 2026-07-31 20:03:31.519
!MESSAGE port: COM4

!ENTRY com.st.stm32cube.ide.mpu.remote.serial 1 1 2026-07-31 20:03:31.522
!MESSAGE port: COM5

!ENTRY com.st.stm32cube.ide.mpu.remote.serial 1 1 2026-07-31 20:03:31.524
!MESSAGE port: COM6

!ENTRY com.st.stm32cube.ide.mpu.remote.serial 1 1 2026-07-31 20:03:31.525
!MESSAGE port: COM8

!ENTRY com.st.stm32cube.ide.mpu.remote.serial 1 1 2026-07-31 20:03:31.526
!MESSAGE port: COM17

!ENTRY com.st.stm32cube.ide.mpu.remote.serial 1 1 2026-07-31 20:03:31.527
!MESSAGE port: COM3

!ENTRY com.st.stm32cube.ide.mpu.remote.serial 1 1 2026-07-31 20:03:31.530
!MESSAGE port: COM9

!ENTRY com.st.stm32cube.ide.mpu.remote.serial 1 1 2026-07-31 20:03:31.530
!MESSAGE port: COM10

!ENTRY com.st.stm32cube.ide.mpu.remote.serial 1 1 2026-07-31 20:03:31.531
!MESSAGE port: COM11

!ENTRY com.st.stm32cube.ide.mpu.remote.serial 1 1 2026-07-31 20:03:31.532
!MESSAGE port: COM12

!ENTRY com.st.stm32cube.ide.mpu.remote.serial 1 1 2026-07-31 20:03:31.534
!MESSAGE port: COM13

!ENTRY com.st.stm32cube.ide.mpu.remote.serial 1 1 2026-07-31 20:03:31.534
!MESSAGE port: COM16

!ENTRY com.st.stm32cube.ide.mpu.remote.serial 1 1 2026-07-31 20:10:15.080
!MESSAGE Executed PowerShell command powershell.exe -Command "Get-CimInstance -ClassName Win32_SerialPort | Select-Object -ExpandProperty DeviceID":
COM4
COM5
COM6
COM8
COM17
COM3
COM9
COM10
COM11
COM12
COM13
COM16


!ENTRY com.st.stm32cube.ide.mpu.remote.serial 1 1 2026-07-31 20:10:15.083
!MESSAGE port: COM4

!ENTRY com.st.stm32cube.ide.mpu.remote.serial 1 1 2026-07-31 20:10:15.083
!MESSAGE port: COM5

!ENTRY com.st.stm32cube.ide.mpu.remote.serial 1 1 2026-07-31 20:10:15.084
!MESSAGE port: COM6

!ENTRY com.st.stm32cube.ide.mpu.remote.serial 1 1 2026-07-31 20:10:15.085
!MESSAGE port: COM8

!ENTRY com.st.stm32cube.ide.mpu.remote.serial 1 1 2026-07-31 20:10:15.086
!MESSAGE port: COM17

!ENTRY com.st.stm32cube.ide.mpu.remote.serial 1 1 2026-07-31 20:10:15.086
!MESSAGE port: COM3

!ENTRY com.st.stm32cube.ide.mpu.remote.serial 1 1 2026-07-31 20:10:15.087
!MESSAGE port: COM9

!ENTRY com.st.stm32cube.ide.mpu.remote.serial 1 1 2026-07-31 20:10:15.087
!MESSAGE port: COM10

!ENTRY com.st.stm32cube.ide.mpu.remote.serial 1 1 2026-07-31 20:10:15.088
!MESSAGE port: COM11

!ENTRY com.st.stm32cube.ide.mpu.remote.serial 1 1 2026-07-31 20:10:15.088
!MESSAGE port: COM12

!ENTRY com.st.stm32cube.ide.mpu.remote.serial 1 1 2026-07-31 20:10:15.090
!MESSAGE port: COM13

!ENTRY com.st.stm32cube.ide.mpu.remote.serial 1 1 2026-07-31 20:10:15.090
!MESSAGE port: COM16

!ENTRY com.st.stm32cube.ide.mpu.remote.serial 1 1 2026-07-31 20:10:46.542
!MESSAGE Executed PowerShell command powershell.exe -Command "Get-CimInstance -ClassName Win32_SerialPort | Select-Object -ExpandProperty DeviceID":
COM4
COM5
COM6
COM8
COM17
COM3
COM9
COM10
COM11
COM12
COM13
COM16


!ENTRY com.st.stm32cube.ide.mpu.remote.serial 1 1 2026-07-31 20:10:46.543
!MESSAGE port: COM4

!ENTRY com.st.stm32cube.ide.mpu.remote.serial 1 1 2026-07-31 20:10:46.544
!MESSAGE port: COM5

!ENTRY com.st.stm32cube.ide.mpu.remote.serial 1 1 2026-07-31 20:10:46.545
!MESSAGE port: COM6

!ENTRY com.st.stm32cube.ide.mpu.remote.serial 1 1 2026-07-31 20:10:46.546
!MESSAGE port: COM8

!ENTRY com.st.stm32cube.ide.mpu.remote.serial 1 1 2026-07-31 20:10:46.547
!MESSAGE port: COM17

!ENTRY com.st.stm32cube.ide.mpu.remote.serial 1 1 2026-07-31 20:10:46.548
!MESSAGE port: COM3

!ENTRY com.st.stm32cube.ide.mpu.remote.serial 1 1 2026-07-31 20:10:46.549
!MESSAGE port: COM9

!ENTRY com.st.stm32cube.ide.mpu.remote.serial 1 1 2026-07-31 20:10:46.550
!MESSAGE port: COM10

!ENTRY com.st.stm32cube.ide.mpu.remote.serial 1 1 2026-07-31 20:10:46.551
!MESSAGE port: COM11

!ENTRY com.st.stm32cube.ide.mpu.remote.serial 1 1 2026-07-31 20:10:46.551
!MESSAGE port: COM12

!ENTRY com.st.stm32cube.ide.mpu.remote.serial 1 1 2026-07-31 20:10:46.551
!MESSAGE port: COM13

!ENTRY com.st.stm32cube.ide.mpu.remote.serial 1 1 2026-07-31 20:10:46.552
!MESSAGE port: COM16

!ENTRY com.st.stm32cube.ide.mpu.remote.serial 1 1 2026-07-31 20:12:58.255
!MESSAGE Executed PowerShell command powershell.exe -Command "Get-CimInstance -ClassName Win32_SerialPort | Select-Object -ExpandProperty DeviceID":
COM4
COM5
COM6
COM8
COM17
COM3
COM9
COM10
COM11
COM12
COM13
COM16


!ENTRY com.st.stm32cube.ide.mpu.remote.serial 1 1 2026-07-31 20:12:58.259
!MESSAGE port: COM4

!ENTRY com.st.stm32cube.ide.mpu.remote.serial 1 1 2026-07-31 20:12:58.259
!MESSAGE port: COM5

!ENTRY com.st.stm32cube.ide.mpu.remote.serial 1 1 2026-07-31 20:12:58.260
!MESSAGE port: COM6

!ENTRY com.st.stm32cube.ide.mpu.remote.serial 1 1 2026-07-31 20:12:58.261
!MESSAGE port: COM8

!ENTRY com.st.stm32cube.ide.mpu.remote.serial 1 1 2026-07-31 20:12:58.262
!MESSAGE port: COM17

!ENTRY com.st.stm32cube.ide.mpu.remote.serial 1 1 2026-07-31 20:12:58.262
!MESSAGE port: COM3

!ENTRY com.st.stm32cube.ide.mpu.remote.serial 1 1 2026-07-31 20:12:58.263
!MESSAGE port: COM9

!ENTRY com.st.stm32cube.ide.mpu.remote.serial 1 1 2026-07-31 20:12:58.264
!MESSAGE port: COM10

!ENTRY com.st.stm32cube.ide.mpu.remote.serial 1 1 2026-07-31 20:12:58.264
!MESSAGE port: COM11

!ENTRY com.st.stm32cube.ide.mpu.remote.serial 1 1 2026-07-31 20:12:58.266
!MESSAGE port: COM12

!ENTRY com.st.stm32cube.ide.mpu.remote.serial 1 1 2026-07-31 20:12:58.266
!MESSAGE port: COM13

!ENTRY com.st.stm32cube.ide.mpu.remote.serial 1 1 2026-07-31 20:12:58.268
!MESSAGE port: COM16

!ENTRY com.st.stm32cube.ide.mpu.remote.serial 1 1 2026-07-31 20:13:29.747
!MESSAGE Executed PowerShell command powershell.exe -Command "Get-CimInstance -ClassName Win32_SerialPort | Select-Object -ExpandProperty DeviceID":
COM4
COM5
COM6
COM8
COM17
COM3
COM9
COM10
COM11
COM12
COM13
COM16


!ENTRY com.st.stm32cube.ide.mpu.remote.serial 1 1 2026-07-31 20:13:29.752
!MESSAGE port: COM4

!ENTRY com.st.stm32cube.ide.mpu.remote.serial 1 1 2026-07-31 20:13:29.755
!MESSAGE port: COM5

!ENTRY com.st.stm32cube.ide.mpu.remote.serial 1 1 2026-07-31 20:13:29.756
!MESSAGE port: COM6

!ENTRY com.st.stm32cube.ide.mpu.remote.serial 1 1 2026-07-31 20:13:29.758
!MESSAGE port: COM8

!ENTRY com.st.stm32cube.ide.mpu.remote.serial 1 1 2026-07-31 20:13:29.759
!MESSAGE port: COM17

!ENTRY com.st.stm32cube.ide.mpu.remote.serial 1 1 2026-07-31 20:13:29.761
!MESSAGE port: COM3

!ENTRY com.st.stm32cube.ide.mpu.remote.serial 1 1 2026-07-31 20:13:29.763
!MESSAGE port: COM9

!ENTRY com.st.stm32cube.ide.mpu.remote.serial 1 1 2026-07-31 20:13:29.764
!MESSAGE port: COM10

!ENTRY com.st.stm32cube.ide.mpu.remote.serial 1 1 2026-07-31 20:13:29.765
!MESSAGE port: COM11

!ENTRY com.st.stm32cube.ide.mpu.remote.serial 1 1 2026-07-31 20:13:29.765
!MESSAGE port: COM12

!ENTRY com.st.stm32cube.ide.mpu.remote.serial 1 1 2026-07-31 20:13:29.768
!MESSAGE port: COM13

!ENTRY com.st.stm32cube.ide.mpu.remote.serial 1 1 2026-07-31 20:13:29.773
!MESSAGE port: COM16

!ENTRY com.st.stm32cube.ide.mpu.remote.serial 1 1 2026-07-31 20:14:50.691
!MESSAGE Executed PowerShell command powershell.exe -Command "Get-CimInstance -ClassName Win32_SerialPort | Select-Object -ExpandProperty DeviceID":
COM4
COM5
COM6
COM8
COM17
COM3
COM9
COM10
COM11
COM12
COM13
COM16
COM7


!ENTRY com.st.stm32cube.ide.mpu.remote.serial 1 1 2026-07-31 20:14:50.777
!MESSAGE port: COM4

!ENTRY com.st.stm32cube.ide.mpu.remote.serial 1 1 2026-07-31 20:14:50.778
!MESSAGE port: COM5

!ENTRY com.st.stm32cube.ide.mpu.remote.serial 1 1 2026-07-31 20:14:50.779
!MESSAGE port: COM6

!ENTRY com.st.stm32cube.ide.mpu.remote.serial 1 1 2026-07-31 20:14:50.782
!MESSAGE port: COM8

!ENTRY com.st.stm32cube.ide.mpu.remote.serial 1 1 2026-07-31 20:14:50.784
!MESSAGE port: COM17

!ENTRY com.st.stm32cube.ide.mpu.remote.serial 1 1 2026-07-31 20:14:50.786
!MESSAGE port: COM3

!ENTRY com.st.stm32cube.ide.mpu.remote.serial 1 1 2026-07-31 20:14:50.790
!MESSAGE port: COM9

!ENTRY com.st.stm32cube.ide.mpu.remote.serial 1 1 2026-07-31 20:14:50.792
!MESSAGE port: COM10

!ENTRY com.st.stm32cube.ide.mpu.remote.serial 1 1 2026-07-31 20:14:50.793
!MESSAGE port: COM11

!ENTRY com.st.stm32cube.ide.mpu.remote.serial 1 1 2026-07-31 20:14:50.795
!MESSAGE port: COM12

!ENTRY com.st.stm32cube.ide.mpu.remote.serial 1 1 2026-07-31 20:14:50.796
!MESSAGE port: COM13

!ENTRY com.st.stm32cube.ide.mpu.remote.serial 1 1 2026-07-31 20:14:50.798
!MESSAGE port: COM16

!ENTRY com.st.stm32cube.ide.mpu.remote.serial 1 1 2026-07-31 20:14:50.800
!MESSAGE port: COM7

!ENTRY com.st.stm32cube.ide.mpu.remote.serial 1 1 2026-07-31 20:16:08.898
!MESSAGE Executed PowerShell command powershell.exe -Command "Get-CimInstance -ClassName Win32_SerialPort | Select-Object -ExpandProperty DeviceID":
COM4
COM5
COM6
COM8
COM17
COM3
COM9
COM10
COM11
COM12
COM13
COM16


!ENTRY com.st.stm32cube.ide.mpu.remote.serial 1 1 2026-07-31 20:16:08.901
!MESSAGE port: COM4

!ENTRY com.st.stm32cube.ide.mpu.remote.serial 1 1 2026-07-31 20:16:08.902
!MESSAGE port: COM5

!ENTRY com.st.stm32cube.ide.mpu.remote.serial 1 1 2026-07-31 20:16:08.902
!MESSAGE port: COM6

!ENTRY com.st.stm32cube.ide.mpu.remote.serial 1 1 2026-07-31 20:16:08.903
!MESSAGE port: COM8

!ENTRY com.st.stm32cube.ide.mpu.remote.serial 1 1 2026-07-31 20:16:08.903
!MESSAGE port: COM17

!ENTRY com.st.stm32cube.ide.mpu.remote.serial 1 1 2026-07-31 20:16:08.904
!MESSAGE port: COM3

!ENTRY com.st.stm32cube.ide.mpu.remote.serial 1 1 2026-07-31 20:16:08.904
!MESSAGE port: COM9

!ENTRY com.st.stm32cube.ide.mpu.remote.serial 1 1 2026-07-31 20:16:08.904
!MESSAGE port: COM10

!ENTRY com.st.stm32cube.ide.mpu.remote.serial 1 1 2026-07-31 20:16:08.906
!MESSAGE port: COM11

!ENTRY com.st.stm32cube.ide.mpu.remote.serial 1 1 2026-07-31 20:16:08.907
!MESSAGE port: COM12

!ENTRY com.st.stm32cube.ide.mpu.remote.serial 1 1 2026-07-31 20:16:08.907
!MESSAGE port: COM13

!ENTRY com.st.stm32cube.ide.mpu.remote.serial 1 1 2026-07-31 20:16:08.908
!MESSAGE port: COM16

!ENTRY com.st.stm32cube.ide.mpu.remote.serial 1 1 2026-07-31 20:20:13.640
!MESSAGE Executed PowerShell command powershell.exe -Command "Get-CimInstance -ClassName Win32_SerialPort | Select-Object -ExpandProperty DeviceID":
COM4
COM5
COM6
COM8
COM17
COM3
COM9
COM10
COM11
COM12
COM13
COM16


!ENTRY com.st.stm32cube.ide.mpu.remote.serial 1 1 2026-07-31 20:20:13.644
!MESSAGE port: COM4

!ENTRY com.st.stm32cube.ide.mpu.remote.serial 1 1 2026-07-31 20:20:13.646
!MESSAGE port: COM5

!ENTRY com.st.stm32cube.ide.mpu.remote.serial 1 1 2026-07-31 20:20:13.646
!MESSAGE port: COM6

!ENTRY com.st.stm32cube.ide.mpu.remote.serial 1 1 2026-07-31 20:20:13.647
!MESSAGE port: COM8

!ENTRY com.st.stm32cube.ide.mpu.remote.serial 1 1 2026-07-31 20:20:13.648
!MESSAGE port: COM17

!ENTRY com.st.stm32cube.ide.mpu.remote.serial 1 1 2026-07-31 20:20:13.648
!MESSAGE port: COM3

!ENTRY com.st.stm32cube.ide.mpu.remote.serial 1 1 2026-07-31 20:20:13.649
!MESSAGE port: COM9

!ENTRY com.st.stm32cube.ide.mpu.remote.serial 1 1 2026-07-31 20:20:13.649
!MESSAGE port: COM10

!ENTRY com.st.stm32cube.ide.mpu.remote.serial 1 1 2026-07-31 20:20:13.651
!MESSAGE port: COM11

!ENTRY com.st.stm32cube.ide.mpu.remote.serial 1 1 2026-07-31 20:20:13.651
!MESSAGE port: COM12

!ENTRY com.st.stm32cube.ide.mpu.remote.serial 1 1 2026-07-31 20:20:13.651
!MESSAGE port: COM13

!ENTRY com.st.stm32cube.ide.mpu.remote.serial 1 1 2026-07-31 20:20:13.652
!MESSAGE port: COM16

!ENTRY com.st.stm32cube.ide.mpu.remote.serial 1 1 2026-07-31 20:20:45.322
!MESSAGE Executed PowerShell command powershell.exe -Command "Get-CimInstance -ClassName Win32_SerialPort | Select-Object -ExpandProperty DeviceID":
COM4
COM5
COM6
COM8
COM17
COM3
COM9
COM10
COM11
COM12
COM13
COM16


!ENTRY com.st.stm32cube.ide.mpu.remote.serial 1 1 2026-07-31 20:20:45.323
!MESSAGE port: COM4

!ENTRY com.st.stm32cube.ide.mpu.remote.serial 1 1 2026-07-31 20:20:45.323
!MESSAGE port: COM5

!ENTRY com.st.stm32cube.ide.mpu.remote.serial 1 1 2026-07-31 20:20:45.325
!MESSAGE port: COM6

!ENTRY com.st.stm32cube.ide.mpu.remote.serial 1 1 2026-07-31 20:20:45.325
!MESSAGE port: COM8

!ENTRY com.st.stm32cube.ide.mpu.remote.serial 1 1 2026-07-31 20:20:45.326
!MESSAGE port: COM17

!ENTRY com.st.stm32cube.ide.mpu.remote.serial 1 1 2026-07-31 20:20:45.328
!MESSAGE port: COM3

!ENTRY com.st.stm32cube.ide.mpu.remote.serial 1 1 2026-07-31 20:20:45.328
!MESSAGE port: COM9

!ENTRY com.st.stm32cube.ide.mpu.remote.serial 1 1 2026-07-31 20:20:45.329
!MESSAGE port: COM10

!ENTRY com.st.stm32cube.ide.mpu.remote.serial 1 1 2026-07-31 20:20:45.329
!MESSAGE port: COM11

!ENTRY com.st.stm32cube.ide.mpu.remote.serial 1 1 2026-07-31 20:20:45.330
!MESSAGE port: COM12

!ENTRY com.st.stm32cube.ide.mpu.remote.serial 1 1 2026-07-31 20:20:45.330
!MESSAGE port: COM13

!ENTRY com.st.stm32cube.ide.mpu.remote.serial 1 1 2026-07-31 20:20:45.331
!MESSAGE port: COM16

!ENTRY com.st.stm32cube.ide.mpu.remote.serial 1 1 2026-08-01 15:23:46.938
!MESSAGE Executed PowerShell command powershell.exe -Command "Get-CimInstance -ClassName Win32_SerialPort | Select-Object -ExpandProperty DeviceID":
COM4
COM5
COM6
COM8
COM17
COM3
COM9
COM10
COM11
COM12
COM13
COM16
COM7


!ENTRY com.st.stm32cube.ide.mpu.remote.serial 1 1 2026-08-01 15:23:46.950
!MESSAGE port: COM4

!ENTRY com.st.stm32cube.ide.mpu.remote.serial 1 1 2026-08-01 15:23:46.952
!MESSAGE port: COM5

!ENTRY com.st.stm32cube.ide.mpu.remote.serial 1 1 2026-08-01 15:23:46.954
!MESSAGE port: COM6

!ENTRY com.st.stm32cube.ide.mpu.remote.serial 1 1 2026-08-01 15:23:46.956
!MESSAGE port: COM8

!ENTRY com.st.stm32cube.ide.mpu.remote.serial 1 1 2026-08-01 15:23:46.957
!MESSAGE port: COM17

!ENTRY com.st.stm32cube.ide.mpu.remote.serial 1 1 2026-08-01 15:23:46.966
!MESSAGE port: COM3

!ENTRY com.st.stm32cube.ide.mpu.remote.serial 1 1 2026-08-01 15:23:46.967
!MESSAGE port: COM9

!ENTRY com.st.stm32cube.ide.mpu.remote.serial 1 1 2026-08-01 15:23:46.969
!MESSAGE port: COM10

!ENTRY com.st.stm32cube.ide.mpu.remote.serial 1 1 2026-08-01 15:23:46.970
!MESSAGE port: COM11

!ENTRY com.st.stm32cube.ide.mpu.remote.serial 1 1 2026-08-01 15:23:46.975
!MESSAGE port: COM12

!ENTRY com.st.stm32cube.ide.mpu.remote.serial 1 1 2026-08-01 15:23:46.977
!MESSAGE port: COM13

!ENTRY com.st.stm32cube.ide.mpu.remote.serial 1 1 2026-08-01 15:23:46.978
!MESSAGE port: COM16

!ENTRY com.st.stm32cube.ide.mpu.remote.serial 1 1 2026-08-01 15:23:46.978
!MESSAGE port: COM7

!ENTRY com.st.stm32cube.ide.mpu.remote.serial 1 1 2026-08-01 15:24:23.934
!MESSAGE Executed PowerShell command powershell.exe -Command "Get-CimInstance -ClassName Win32_SerialPort | Select-Object -ExpandProperty DeviceID":
COM4
COM5
COM6
COM8
COM17
COM3
COM9
COM10
COM11
COM12
COM13
COM16


!ENTRY com.st.stm32cube.ide.mpu.remote.serial 1 1 2026-08-01 15:24:23.936
!MESSAGE port: COM4

!ENTRY com.st.stm32cube.ide.mpu.remote.serial 1 1 2026-08-01 15:24:23.937
!MESSAGE port: COM5

!ENTRY com.st.stm32cube.ide.mpu.remote.serial 1 1 2026-08-01 15:24:23.938
!MESSAGE port: COM6

!ENTRY com.st.stm32cube.ide.mpu.remote.serial 1 1 2026-08-01 15:24:23.940
!MESSAGE port: COM8

!ENTRY com.st.stm32cube.ide.mpu.remote.serial 1 1 2026-08-01 15:24:23.941
!MESSAGE port: COM17

!ENTRY com.st.stm32cube.ide.mpu.remote.serial 1 1 2026-08-01 15:24:23.943
!MESSAGE port: COM3

!ENTRY com.st.stm32cube.ide.mpu.remote.serial 1 1 2026-08-01 15:24:23.944
!MESSAGE port: COM9

!ENTRY com.st.stm32cube.ide.mpu.remote.serial 1 1 2026-08-01 15:24:23.944
!MESSAGE port: COM10

!ENTRY com.st.stm32cube.ide.mpu.remote.serial 1 1 2026-08-01 15:24:23.945
!MESSAGE port: COM11

!ENTRY com.st.stm32cube.ide.mpu.remote.serial 1 1 2026-08-01 15:24:23.946
!MESSAGE port: COM12

!ENTRY com.st.stm32cube.ide.mpu.remote.serial 1 1 2026-08-01 15:24:23.948
!MESSAGE port: COM13

!ENTRY com.st.stm32cube.ide.mpu.remote.serial 1 1 2026-08-01 15:24:23.949
!MESSAGE port: COM16

!ENTRY com.st.stm32cube.ide.mpu.remote.serial 1 1 2026-08-01 15:26:42.376
!MESSAGE Executed PowerShell command powershell.exe -Command "Get-CimInstance -ClassName Win32_SerialPort | Select-Object -ExpandProperty DeviceID":
COM4
COM5
COM6
COM8
COM17
COM3
COM9
COM10
COM11
COM12
COM13
COM16


!ENTRY com.st.stm32cube.ide.mpu.remote.serial 1 1 2026-08-01 15:26:42.379
!MESSAGE port: COM4

!ENTRY com.st.stm32cube.ide.mpu.remote.serial 1 1 2026-08-01 15:26:42.381
!MESSAGE port: COM5

!ENTRY com.st.stm32cube.ide.mpu.remote.serial 1 1 2026-08-01 15:26:42.381
!MESSAGE port: COM6

!ENTRY com.st.stm32cube.ide.mpu.remote.serial 1 1 2026-08-01 15:26:42.383
!MESSAGE port: COM8

!ENTRY com.st.stm32cube.ide.mpu.remote.serial 1 1 2026-08-01 15:26:42.385
!MESSAGE port: COM17

!ENTRY com.st.stm32cube.ide.mpu.remote.serial 1 1 2026-08-01 15:26:42.387
!MESSAGE port: COM3

!ENTRY com.st.stm32cube.ide.mpu.remote.serial 1 1 2026-08-01 15:26:42.387
!MESSAGE port: COM9

!ENTRY com.st.stm32cube.ide.mpu.remote.serial 1 1 2026-08-01 15:26:42.389
!MESSAGE port: COM10

!ENTRY com.st.stm32cube.ide.mpu.remote.serial 1 1 2026-08-01 15:26:42.389
!MESSAGE port: COM11

!ENTRY com.st.stm32cube.ide.mpu.remote.serial 1 1 2026-08-01 15:26:42.409
!MESSAGE port: COM12

!ENTRY com.st.stm32cube.ide.mpu.remote.serial 1 1 2026-08-01 15:26:42.409
!MESSAGE port: COM13

!ENTRY com.st.stm32cube.ide.mpu.remote.serial 1 1 2026-08-01 15:26:42.414
!MESSAGE port: COM16

!ENTRY com.st.stm32cube.ide.mpu.remote.serial 1 1 2026-08-01 15:27:15.565
!MESSAGE Executed PowerShell command powershell.exe -Command "Get-CimInstance -ClassName Win32_SerialPort | Select-Object -ExpandProperty DeviceID":
COM4
COM5
COM6
COM8
COM17
COM3
COM9
COM10
COM11
COM12
COM13
COM16


!ENTRY com.st.stm32cube.ide.mpu.remote.serial 1 1 2026-08-01 15:27:15.567
!MESSAGE port: COM4

!ENTRY com.st.stm32cube.ide.mpu.remote.serial 1 1 2026-08-01 15:27:15.567
!MESSAGE port: COM5

!ENTRY com.st.stm32cube.ide.mpu.remote.serial 1 1 2026-08-01 15:27:15.569
!MESSAGE port: COM6

!ENTRY com.st.stm32cube.ide.mpu.remote.serial 1 1 2026-08-01 15:27:15.571
!MESSAGE port: COM8

!ENTRY com.st.stm32cube.ide.mpu.remote.serial 1 1 2026-08-01 15:27:15.571
!MESSAGE port: COM17

!ENTRY com.st.stm32cube.ide.mpu.remote.serial 1 1 2026-08-01 15:27:15.573
!MESSAGE port: COM3

!ENTRY com.st.stm32cube.ide.mpu.remote.serial 1 1 2026-08-01 15:27:15.573
!MESSAGE port: COM9

!ENTRY com.st.stm32cube.ide.mpu.remote.serial 1 1 2026-08-01 15:27:15.575
!MESSAGE port: COM10

!ENTRY com.st.stm32cube.ide.mpu.remote.serial 1 1 2026-08-01 15:27:15.575
!MESSAGE port: COM11

!ENTRY com.st.stm32cube.ide.mpu.remote.serial 1 1 2026-08-01 15:27:15.576
!MESSAGE port: COM12

!ENTRY com.st.stm32cube.ide.mpu.remote.serial 1 1 2026-08-01 15:27:15.577
!MESSAGE port: COM13

!ENTRY com.st.stm32cube.ide.mpu.remote.serial 1 1 2026-08-01 15:27:15.577
!MESSAGE port: COM16

!ENTRY com.st.stm32cube.ide.mpu.remote.serial 1 1 2026-08-01 15:30:37.843
!MESSAGE Executed PowerShell command powershell.exe -Command "Get-CimInstance -ClassName Win32_SerialPort | Select-Object -ExpandProperty DeviceID":
COM4
COM5
COM6
COM8
COM17
COM3
COM9
COM10
COM11
COM12
COM13
COM16


!ENTRY com.st.stm32cube.ide.mpu.remote.serial 1 1 2026-08-01 15:30:37.849
!MESSAGE port: COM4

!ENTRY com.st.stm32cube.ide.mpu.remote.serial 1 1 2026-08-01 15:30:37.851
!MESSAGE port: COM5

!ENTRY com.st.stm32cube.ide.mpu.remote.serial 1 1 2026-08-01 15:30:37.851
!MESSAGE port: COM6

!ENTRY com.st.stm32cube.ide.mpu.remote.serial 1 1 2026-08-01 15:30:37.852
!MESSAGE port: COM8

!ENTRY com.st.stm32cube.ide.mpu.remote.serial 1 1 2026-08-01 15:30:37.854
!MESSAGE port: COM17

!ENTRY com.st.stm32cube.ide.mpu.remote.serial 1 1 2026-08-01 15:30:37.854
!MESSAGE port: COM3

!ENTRY com.st.stm32cube.ide.mpu.remote.serial 1 1 2026-08-01 15:30:37.855
!MESSAGE port: COM9

!ENTRY com.st.stm32cube.ide.mpu.remote.serial 1 1 2026-08-01 15:30:37.856
!MESSAGE port: COM10

!ENTRY com.st.stm32cube.ide.mpu.remote.serial 1 1 2026-08-01 15:30:37.857
!MESSAGE port: COM11

!ENTRY com.st.stm32cube.ide.mpu.remote.serial 1 1 2026-08-01 15:30:37.857
!MESSAGE port: COM12

!ENTRY com.st.stm32cube.ide.mpu.remote.serial 1 1 2026-08-01 15:30:37.858
!MESSAGE port: COM13

!ENTRY com.st.stm32cube.ide.mpu.remote.serial 1 1 2026-08-01 15:30:37.859
!MESSAGE port: COM16

!ENTRY com.st.stm32cube.ide.mpu.remote.serial 1 1 2026-08-01 15:31:09.656
!MESSAGE Executed PowerShell command powershell.exe -Command "Get-CimInstance -ClassName Win32_SerialPort | Select-Object -ExpandProperty DeviceID":
COM4
COM5
COM6
COM8
COM17
COM3
COM9
COM10
COM11
COM12
COM13
COM16


!ENTRY com.st.stm32cube.ide.mpu.remote.serial 1 1 2026-08-01 15:31:09.657
!MESSAGE port: COM4

!ENTRY com.st.stm32cube.ide.mpu.remote.serial 1 1 2026-08-01 15:31:09.658
!MESSAGE port: COM5

!ENTRY com.st.stm32cube.ide.mpu.remote.serial 1 1 2026-08-01 15:31:09.659
!MESSAGE port: COM6

!ENTRY com.st.stm32cube.ide.mpu.remote.serial 1 1 2026-08-01 15:31:09.660
!MESSAGE port: COM8

!ENTRY com.st.stm32cube.ide.mpu.remote.serial 1 1 2026-08-01 15:31:09.660
!MESSAGE port: COM17

!ENTRY com.st.stm32cube.ide.mpu.remote.serial 1 1 2026-08-01 15:31:09.661
!MESSAGE port: COM3

!ENTRY com.st.stm32cube.ide.mpu.remote.serial 1 1 2026-08-01 15:31:09.663
!MESSAGE port: COM9

!ENTRY com.st.stm32cube.ide.mpu.remote.serial 1 1 2026-08-01 15:31:09.664
!MESSAGE port: COM10

!ENTRY com.st.stm32cube.ide.mpu.remote.serial 1 1 2026-08-01 15:31:09.664
!MESSAGE port: COM11

!ENTRY com.st.stm32cube.ide.mpu.remote.serial 1 1 2026-08-01 15:31:09.665
!MESSAGE port: COM12

!ENTRY com.st.stm32cube.ide.mpu.remote.serial 1 1 2026-08-01 15:31:09.666
!MESSAGE port: COM13

!ENTRY com.st.stm32cube.ide.mpu.remote.serial 1 1 2026-08-01 15:31:09.667
!MESSAGE port: COM16

!ENTRY com.st.stm32cube.ide.mpu.remote.serial 1 1 2026-08-01 15:35:31.163
!MESSAGE Executed PowerShell command powershell.exe -Command "Get-CimInstance -ClassName Win32_SerialPort | Select-Object -ExpandProperty DeviceID":
COM4
COM5
COM6
COM8
COM17
COM3
COM9
COM10
COM11
COM12
COM13
COM16


!ENTRY com.st.stm32cube.ide.mpu.remote.serial 1 1 2026-08-01 15:35:31.167
!MESSAGE port: COM4

!ENTRY com.st.stm32cube.ide.mpu.remote.serial 1 1 2026-08-01 15:35:31.168
!MESSAGE port: COM5

!ENTRY com.st.stm32cube.ide.mpu.remote.serial 1 1 2026-08-01 15:35:31.169
!MESSAGE port: COM6

!ENTRY com.st.stm32cube.ide.mpu.remote.serial 1 1 2026-08-01 15:35:31.171
!MESSAGE port: COM8

!ENTRY com.st.stm32cube.ide.mpu.remote.serial 1 1 2026-08-01 15:35:31.171
!MESSAGE port: COM17

!ENTRY com.st.stm32cube.ide.mpu.remote.serial 1 1 2026-08-01 15:35:31.173
!MESSAGE port: COM3

!ENTRY com.st.stm32cube.ide.mpu.remote.serial 1 1 2026-08-01 15:35:31.173
!MESSAGE port: COM9

!ENTRY com.st.stm32cube.ide.mpu.remote.serial 1 1 2026-08-01 15:35:31.179
!MESSAGE port: COM10

!ENTRY com.st.stm32cube.ide.mpu.remote.serial 1 1 2026-08-01 15:35:31.187
!MESSAGE port: COM11

!ENTRY com.st.stm32cube.ide.mpu.remote.serial 1 1 2026-08-01 15:35:31.189
!MESSAGE port: COM12

!ENTRY com.st.stm32cube.ide.mpu.remote.serial 1 1 2026-08-01 15:35:31.189
!MESSAGE port: COM13

!ENTRY com.st.stm32cube.ide.mpu.remote.serial 1 1 2026-08-01 15:35:31.189
!MESSAGE port: COM16

!ENTRY com.st.stm32cube.ide.mpu.remote.serial 1 1 2026-08-01 15:36:03.710
!MESSAGE Executed PowerShell command powershell.exe -Command "Get-CimInstance -ClassName Win32_SerialPort | Select-Object -ExpandProperty DeviceID":
COM4
COM5
COM6
COM8
COM17
COM3
COM9
COM10
COM11
COM12
COM13
COM16


!ENTRY com.st.stm32cube.ide.mpu.remote.serial 1 1 2026-08-01 15:36:03.713
!MESSAGE port: COM4

!ENTRY com.st.stm32cube.ide.mpu.remote.serial 1 1 2026-08-01 15:36:03.714
!MESSAGE port: COM5

!ENTRY com.st.stm32cube.ide.mpu.remote.serial 1 1 2026-08-01 15:36:03.714
!MESSAGE port: COM6

!ENTRY com.st.stm32cube.ide.mpu.remote.serial 1 1 2026-08-01 15:36:03.717
!MESSAGE port: COM8

!ENTRY com.st.stm32cube.ide.mpu.remote.serial 1 1 2026-08-01 15:36:03.718
!MESSAGE port: COM17

!ENTRY com.st.stm32cube.ide.mpu.remote.serial 1 1 2026-08-01 15:36:03.719
!MESSAGE port: COM3

!ENTRY com.st.stm32cube.ide.mpu.remote.serial 1 1 2026-08-01 15:36:03.721
!MESSAGE port: COM9

!ENTRY com.st.stm32cube.ide.mpu.remote.serial 1 1 2026-08-01 15:36:03.722
!MESSAGE port: COM10

!ENTRY com.st.stm32cube.ide.mpu.remote.serial 1 1 2026-08-01 15:36:03.723
!MESSAGE port: COM11

!ENTRY com.st.stm32cube.ide.mpu.remote.serial 1 1 2026-08-01 15:36:03.724
!MESSAGE port: COM12

!ENTRY com.st.stm32cube.ide.mpu.remote.serial 1 1 2026-08-01 15:36:03.725
!MESSAGE port: COM13

!ENTRY com.st.stm32cube.ide.mpu.remote.serial 1 1 2026-08-01 15:36:03.725
!MESSAGE port: COM16

!ENTRY com.st.stm32cube.ide.mpu.remote.serial 1 1 2026-08-01 15:39:31.068
!MESSAGE Executed PowerShell command powershell.exe -Command "Get-CimInstance -ClassName Win32_SerialPort | Select-Object -ExpandProperty DeviceID":
COM4
COM5
COM6
COM8
COM17
COM3
COM9
COM10
COM11
COM12
COM13
COM16


!ENTRY com.st.stm32cube.ide.mpu.remote.serial 1 1 2026-08-01 15:39:31.070
!MESSAGE port: COM4

!ENTRY com.st.stm32cube.ide.mpu.remote.serial 1 1 2026-08-01 15:39:31.071
!MESSAGE port: COM5

!ENTRY com.st.stm32cube.ide.mpu.remote.serial 1 1 2026-08-01 15:39:31.072
!MESSAGE port: COM6

!ENTRY com.st.stm32cube.ide.mpu.remote.serial 1 1 2026-08-01 15:39:31.073
!MESSAGE port: COM8

!ENTRY com.st.stm32cube.ide.mpu.remote.serial 1 1 2026-08-01 15:39:31.073
!MESSAGE port: COM17

!ENTRY com.st.stm32cube.ide.mpu.remote.serial 1 1 2026-08-01 15:39:31.074
!MESSAGE port: COM3

!ENTRY com.st.stm32cube.ide.mpu.remote.serial 1 1 2026-08-01 15:39:31.075
!MESSAGE port: COM9

!ENTRY com.st.stm32cube.ide.mpu.remote.serial 1 1 2026-08-01 15:39:31.076
!MESSAGE port: COM10

!ENTRY com.st.stm32cube.ide.mpu.remote.serial 1 1 2026-08-01 15:39:31.076
!MESSAGE port: COM11

!ENTRY com.st.stm32cube.ide.mpu.remote.serial 1 1 2026-08-01 15:39:31.078
!MESSAGE port: COM12

!ENTRY com.st.stm32cube.ide.mpu.remote.serial 1 1 2026-08-01 15:39:31.078
!MESSAGE port: COM13

!ENTRY com.st.stm32cube.ide.mpu.remote.serial 1 1 2026-08-01 15:39:31.079
!MESSAGE port: COM16

!ENTRY com.st.stm32cube.ide.mpu.remote.serial 1 1 2026-08-01 15:40:02.523
!MESSAGE Executed PowerShell command powershell.exe -Command "Get-CimInstance -ClassName Win32_SerialPort | Select-Object -ExpandProperty DeviceID":
COM4
COM5
COM6
COM8
COM17
COM3
COM9
COM10
COM11
COM12
COM13
COM16


!ENTRY com.st.stm32cube.ide.mpu.remote.serial 1 1 2026-08-01 15:40:02.526
!MESSAGE port: COM4

!ENTRY com.st.stm32cube.ide.mpu.remote.serial 1 1 2026-08-01 15:40:02.528
!MESSAGE port: COM5

!ENTRY com.st.stm32cube.ide.mpu.remote.serial 1 1 2026-08-01 15:40:02.529
!MESSAGE port: COM6

!ENTRY com.st.stm32cube.ide.mpu.remote.serial 1 1 2026-08-01 15:40:02.531
!MESSAGE port: COM8

!ENTRY com.st.stm32cube.ide.mpu.remote.serial 1 1 2026-08-01 15:40:02.532
!MESSAGE port: COM17

!ENTRY com.st.stm32cube.ide.mpu.remote.serial 1 1 2026-08-01 15:40:02.534
!MESSAGE port: COM3

!ENTRY com.st.stm32cube.ide.mpu.remote.serial 1 1 2026-08-01 15:40:02.536
!MESSAGE port: COM9

!ENTRY com.st.stm32cube.ide.mpu.remote.serial 1 1 2026-08-01 15:40:02.537
!MESSAGE port: COM10

!ENTRY com.st.stm32cube.ide.mpu.remote.serial 1 1 2026-08-01 15:40:02.540
!MESSAGE port: COM11

!ENTRY com.st.stm32cube.ide.mpu.remote.serial 1 1 2026-08-01 15:40:02.541
!MESSAGE port: COM12

!ENTRY com.st.stm32cube.ide.mpu.remote.serial 1 1 2026-08-01 15:40:02.542
!MESSAGE port: COM13

!ENTRY com.st.stm32cube.ide.mpu.remote.serial 1 1 2026-08-01 15:40:02.544
!MESSAGE port: COM16

!ENTRY com.st.stm32cube.ide.mpu.remote.serial 1 1 2026-08-01 15:42:26.837
!MESSAGE Executed PowerShell command powershell.exe -Command "Get-CimInstance -ClassName Win32_SerialPort | Select-Object -ExpandProperty DeviceID":
COM4
COM5
COM6
COM8
COM17
COM3
COM9
COM10
COM11
COM12
COM13
COM16
COM7


!ENTRY com.st.stm32cube.ide.mpu.remote.serial 1 1 2026-08-01 15:42:26.839
!MESSAGE port: COM4

!ENTRY com.st.stm32cube.ide.mpu.remote.serial 1 1 2026-08-01 15:42:26.840
!MESSAGE port: COM5

!ENTRY com.st.stm32cube.ide.mpu.remote.serial 1 1 2026-08-01 15:42:26.841
!MESSAGE port: COM6

!ENTRY com.st.stm32cube.ide.mpu.remote.serial 1 1 2026-08-01 15:42:26.841
!MESSAGE port: COM8

!ENTRY com.st.stm32cube.ide.mpu.remote.serial 1 1 2026-08-01 15:42:26.842
!MESSAGE port: COM17

!ENTRY com.st.stm32cube.ide.mpu.remote.serial 1 1 2026-08-01 15:42:26.843
!MESSAGE port: COM3

!ENTRY com.st.stm32cube.ide.mpu.remote.serial 1 1 2026-08-01 15:42:26.844
!MESSAGE port: COM9

!ENTRY com.st.stm32cube.ide.mpu.remote.serial 1 1 2026-08-01 15:42:26.844
!MESSAGE port: COM10

!ENTRY com.st.stm32cube.ide.mpu.remote.serial 1 1 2026-08-01 15:42:26.846
!MESSAGE port: COM11

!ENTRY com.st.stm32cube.ide.mpu.remote.serial 1 1 2026-08-01 15:42:26.847
!MESSAGE port: COM12

!ENTRY com.st.stm32cube.ide.mpu.remote.serial 1 1 2026-08-01 15:42:26.848
!MESSAGE port: COM13

!ENTRY com.st.stm32cube.ide.mpu.remote.serial 1 1 2026-08-01 15:42:26.848
!MESSAGE port: COM16

!ENTRY com.st.stm32cube.ide.mpu.remote.serial 1 1 2026-08-01 15:42:26.849
!MESSAGE port: COM7

!ENTRY com.st.stm32cube.ide.mpu.remote.serial 1 1 2026-08-01 15:43:46.122
!MESSAGE Executed PowerShell command powershell.exe -Command "Get-CimInstance -ClassName Win32_SerialPort | Select-Object -ExpandProperty DeviceID":
COM4
COM5
COM6
COM8
COM17
COM3
COM9
COM10
COM11
COM12
COM13
COM16


!ENTRY com.st.stm32cube.ide.mpu.remote.serial 1 1 2026-08-01 15:43:46.124
!MESSAGE port: COM4

!ENTRY com.st.stm32cube.ide.mpu.remote.serial 1 1 2026-08-01 15:43:46.125
!MESSAGE port: COM5

!ENTRY com.st.stm32cube.ide.mpu.remote.serial 1 1 2026-08-01 15:43:46.127
!MESSAGE port: COM6

!ENTRY com.st.stm32cube.ide.mpu.remote.serial 1 1 2026-08-01 15:43:46.127
!MESSAGE port: COM8

!ENTRY com.st.stm32cube.ide.mpu.remote.serial 1 1 2026-08-01 15:43:46.129
!MESSAGE port: COM17

!ENTRY com.st.stm32cube.ide.mpu.remote.serial 1 1 2026-08-01 15:43:46.129
!MESSAGE port: COM3

!ENTRY com.st.stm32cube.ide.mpu.remote.serial 1 1 2026-08-01 15:43:46.131
!MESSAGE port: COM9

!ENTRY com.st.stm32cube.ide.mpu.remote.serial 1 1 2026-08-01 15:43:46.131
!MESSAGE port: COM10

!ENTRY com.st.stm32cube.ide.mpu.remote.serial 1 1 2026-08-01 15:43:46.134
!MESSAGE port: COM11

!ENTRY com.st.stm32cube.ide.mpu.remote.serial 1 1 2026-08-01 15:43:46.134
!MESSAGE port: COM12

!ENTRY com.st.stm32cube.ide.mpu.remote.serial 1 1 2026-08-01 15:43:46.135
!MESSAGE port: COM13

!ENTRY com.st.stm32cube.ide.mpu.remote.serial 1 1 2026-08-01 15:43:46.136
!MESSAGE port: COM16

!ENTRY com.st.stm32cube.ide.mpu.remote.serial 1 1 2026-08-01 15:44:40.963
!MESSAGE Executed PowerShell command powershell.exe -Command "Get-CimInstance -ClassName Win32_SerialPort | Select-Object -ExpandProperty DeviceID":
COM4
COM5
COM6
COM8
COM17
COM3
COM9
COM10
COM11
COM12
COM13
COM16
COM7


!ENTRY com.st.stm32cube.ide.mpu.remote.serial 1 1 2026-08-01 15:44:40.967
!MESSAGE port: COM4

!ENTRY com.st.stm32cube.ide.mpu.remote.serial 1 1 2026-08-01 15:44:40.968
!MESSAGE port: COM5

!ENTRY com.st.stm32cube.ide.mpu.remote.serial 1 1 2026-08-01 15:44:40.969
!MESSAGE port: COM6

!ENTRY com.st.stm32cube.ide.mpu.remote.serial 1 1 2026-08-01 15:44:40.970
!MESSAGE port: COM8

!ENTRY com.st.stm32cube.ide.mpu.remote.serial 1 1 2026-08-01 15:44:40.971
!MESSAGE port: COM17

!ENTRY com.st.stm32cube.ide.mpu.remote.serial 1 1 2026-08-01 15:44:40.972
!MESSAGE port: COM3

!ENTRY com.st.stm32cube.ide.mpu.remote.serial 1 1 2026-08-01 15:44:40.973
!MESSAGE port: COM9

!ENTRY com.st.stm32cube.ide.mpu.remote.serial 1 1 2026-08-01 15:44:40.973
!MESSAGE port: COM10

!ENTRY com.st.stm32cube.ide.mpu.remote.serial 1 1 2026-08-01 15:44:40.974
!MESSAGE port: COM11

!ENTRY com.st.stm32cube.ide.mpu.remote.serial 1 1 2026-08-01 15:44:40.975
!MESSAGE port: COM12

!ENTRY com.st.stm32cube.ide.mpu.remote.serial 1 1 2026-08-01 15:44:40.975
!MESSAGE port: COM13

!ENTRY com.st.stm32cube.ide.mpu.remote.serial 1 1 2026-08-01 15:44:40.976
!MESSAGE port: COM16

!ENTRY com.st.stm32cube.ide.mpu.remote.serial 1 1 2026-08-01 15:44:40.976
!MESSAGE port: COM7

!ENTRY com.st.stm32cube.ide.mpu.remote.serial 1 1 2026-08-01 15:45:32.706
!MESSAGE Executed PowerShell command powershell.exe -Command "Get-CimInstance -ClassName Win32_SerialPort | Select-Object -ExpandProperty DeviceID":
COM4
COM5
COM6
COM8
COM17
COM3
COM9
COM10
COM11
COM12
COM13
COM16


!ENTRY com.st.stm32cube.ide.mpu.remote.serial 1 1 2026-08-01 15:45:32.707
!MESSAGE port: COM4

!ENTRY com.st.stm32cube.ide.mpu.remote.serial 1 1 2026-08-01 15:45:32.708
!MESSAGE port: COM5

!ENTRY com.st.stm32cube.ide.mpu.remote.serial 1 1 2026-08-01 15:45:32.709
!MESSAGE port: COM6

!ENTRY com.st.stm32cube.ide.mpu.remote.serial 1 1 2026-08-01 15:45:32.711
!MESSAGE port: COM8

!ENTRY com.st.stm32cube.ide.mpu.remote.serial 1 1 2026-08-01 15:45:32.712
!MESSAGE port: COM17

!ENTRY com.st.stm32cube.ide.mpu.remote.serial 1 1 2026-08-01 15:45:32.713
!MESSAGE port: COM3

!ENTRY com.st.stm32cube.ide.mpu.remote.serial 1 1 2026-08-01 15:45:32.714
!MESSAGE port: COM9

!ENTRY com.st.stm32cube.ide.mpu.remote.serial 1 1 2026-08-01 15:45:32.715
!MESSAGE port: COM10

!ENTRY com.st.stm32cube.ide.mpu.remote.serial 1 1 2026-08-01 15:45:32.715
!MESSAGE port: COM11

!ENTRY com.st.stm32cube.ide.mpu.remote.serial 1 1 2026-08-01 15:45:32.716
!MESSAGE port: COM12

!ENTRY com.st.stm32cube.ide.mpu.remote.serial 1 1 2026-08-01 15:45:32.717
!MESSAGE port: COM13

!ENTRY com.st.stm32cube.ide.mpu.remote.serial 1 1 2026-08-01 15:45:32.718
!MESSAGE port: COM16

!ENTRY com.st.stm32cube.ide.mpu.remote.serial 1 1 2026-08-01 15:57:38.202
!MESSAGE Executed PowerShell command powershell.exe -Command "Get-CimInstance -ClassName Win32_SerialPort | Select-Object -ExpandProperty DeviceID":
COM4
COM5
COM6
COM8
COM17
COM3
COM9
COM10
COM11
COM12
COM13
COM16
COM7


!ENTRY com.st.stm32cube.ide.mpu.remote.serial 1 1 2026-08-01 15:57:38.206
!MESSAGE port: COM4

!ENTRY com.st.stm32cube.ide.mpu.remote.serial 1 1 2026-08-01 15:57:38.207
!MESSAGE port: COM5

!ENTRY com.st.stm32cube.ide.mpu.remote.serial 1 1 2026-08-01 15:57:38.209
!MESSAGE port: COM6

!ENTRY com.st.stm32cube.ide.mpu.remote.serial 1 1 2026-08-01 15:57:38.210
!MESSAGE port: COM8

!ENTRY com.st.stm32cube.ide.mpu.remote.serial 1 1 2026-08-01 15:57:38.212
!MESSAGE port: COM17

!ENTRY com.st.stm32cube.ide.mpu.remote.serial 1 1 2026-08-01 15:57:38.213
!MESSAGE port: COM3

!ENTRY com.st.stm32cube.ide.mpu.remote.serial 1 1 2026-08-01 15:57:38.216
!MESSAGE port: COM9

!ENTRY com.st.stm32cube.ide.mpu.remote.serial 1 1 2026-08-01 15:57:38.217
!MESSAGE port: COM10

!ENTRY com.st.stm32cube.ide.mpu.remote.serial 1 1 2026-08-01 15:57:38.233
!MESSAGE port: COM11

!ENTRY com.st.stm32cube.ide.mpu.remote.serial 1 1 2026-08-01 15:57:38.234
!MESSAGE port: COM12

!ENTRY com.st.stm32cube.ide.mpu.remote.serial 1 1 2026-08-01 15:57:38.236
!MESSAGE port: COM13

!ENTRY com.st.stm32cube.ide.mpu.remote.serial 1 1 2026-08-01 15:57:38.238
!MESSAGE port: COM16

!ENTRY com.st.stm32cube.ide.mpu.remote.serial 1 1 2026-08-01 15:57:38.239
!MESSAGE port: COM7

!ENTRY com.st.stm32cube.ide.mpu.remote.serial 1 1 2026-08-01 16:10:35.552
!MESSAGE Executed PowerShell command powershell.exe -Command "Get-CimInstance -ClassName Win32_SerialPort | Select-Object -ExpandProperty DeviceID":
COM4
COM5
COM6
COM8
COM17
COM3
COM9
COM10
COM11
COM12
COM13
COM16


!ENTRY com.st.stm32cube.ide.mpu.remote.serial 1 1 2026-08-01 16:10:35.554
!MESSAGE port: COM4

!ENTRY com.st.stm32cube.ide.mpu.remote.serial 1 1 2026-08-01 16:10:35.555
!MESSAGE port: COM5

!ENTRY com.st.stm32cube.ide.mpu.remote.serial 1 1 2026-08-01 16:10:35.556
!MESSAGE port: COM6

!ENTRY com.st.stm32cube.ide.mpu.remote.serial 1 1 2026-08-01 16:10:35.556
!MESSAGE port: COM8

!ENTRY com.st.stm32cube.ide.mpu.remote.serial 1 1 2026-08-01 16:10:35.558
!MESSAGE port: COM17

!ENTRY com.st.stm32cube.ide.mpu.remote.serial 1 1 2026-08-01 16:10:35.559
!MESSAGE port: COM3

!ENTRY com.st.stm32cube.ide.mpu.remote.serial 1 1 2026-08-01 16:10:35.559
!MESSAGE port: COM9

!ENTRY com.st.stm32cube.ide.mpu.remote.serial 1 1 2026-08-01 16:10:35.560
!MESSAGE port: COM10

!ENTRY com.st.stm32cube.ide.mpu.remote.serial 1 1 2026-08-01 16:10:35.561
!MESSAGE port: COM11

!ENTRY com.st.stm32cube.ide.mpu.remote.serial 1 1 2026-08-01 16:10:35.561
!MESSAGE port: COM12

!ENTRY com.st.stm32cube.ide.mpu.remote.serial 1 1 2026-08-01 16:10:35.562
!MESSAGE port: COM13

!ENTRY com.st.stm32cube.ide.mpu.remote.serial 1 1 2026-08-01 16:10:35.563
!MESSAGE port: COM16

!ENTRY com.st.stm32cube.ide.mpu.remote.serial 1 1 2026-08-01 16:56:03.388
!MESSAGE Executed PowerShell command powershell.exe -Command "Get-CimInstance -ClassName Win32_SerialPort | Select-Object -ExpandProperty DeviceID":
COM4
COM5
COM6
COM8
COM17
COM3
COM9
COM10
COM11
COM12
COM13
COM16
COM7


!ENTRY com.st.stm32cube.ide.mpu.remote.serial 1 1 2026-08-01 16:56:03.391
!MESSAGE port: COM4

!ENTRY com.st.stm32cube.ide.mpu.remote.serial 1 1 2026-08-01 16:56:03.392
!MESSAGE port: COM5

!ENTRY com.st.stm32cube.ide.mpu.remote.serial 1 1 2026-08-01 16:56:03.393
!MESSAGE port: COM6

!ENTRY com.st.stm32cube.ide.mpu.remote.serial 1 1 2026-08-01 16:56:03.395
!MESSAGE port: COM8

!ENTRY com.st.stm32cube.ide.mpu.remote.serial 1 1 2026-08-01 16:56:03.395
!MESSAGE port: COM17

!ENTRY com.st.stm32cube.ide.mpu.remote.serial 1 1 2026-08-01 16:56:03.396
!MESSAGE port: COM3

!ENTRY com.st.stm32cube.ide.mpu.remote.serial 1 1 2026-08-01 16:56:03.397
!MESSAGE port: COM9

!ENTRY com.st.stm32cube.ide.mpu.remote.serial 1 1 2026-08-01 16:56:03.398
!MESSAGE port: COM10

!ENTRY com.st.stm32cube.ide.mpu.remote.serial 1 1 2026-08-01 16:56:03.399
!MESSAGE port: COM11

!ENTRY com.st.stm32cube.ide.mpu.remote.serial 1 1 2026-08-01 16:56:03.400
!MESSAGE port: COM12

!ENTRY com.st.stm32cube.ide.mpu.remote.serial 1 1 2026-08-01 16:56:03.401
!MESSAGE port: COM13

!ENTRY com.st.stm32cube.ide.mpu.remote.serial 1 1 2026-08-01 16:56:03.402
!MESSAGE port: COM16

!ENTRY com.st.stm32cube.ide.mpu.remote.serial 1 1 2026-08-01 16:56:03.403
!MESSAGE port: COM7

!ENTRY com.st.stm32cube.ide.mpu.remote.serial 1 1 2026-08-01 16:57:08.203
!MESSAGE Executed PowerShell command powershell.exe -Command "Get-CimInstance -ClassName Win32_SerialPort | Select-Object -ExpandProperty DeviceID":
COM4
COM5
COM6
COM8
COM17
COM3
COM9
COM10
COM11
COM12
COM13
COM16


!ENTRY com.st.stm32cube.ide.mpu.remote.serial 1 1 2026-08-01 16:57:08.205
!MESSAGE port: COM4

!ENTRY com.st.stm32cube.ide.mpu.remote.serial 1 1 2026-08-01 16:57:08.206
!MESSAGE port: COM5

!ENTRY com.st.stm32cube.ide.mpu.remote.serial 1 1 2026-08-01 16:57:08.206
!MESSAGE port: COM6

!ENTRY com.st.stm32cube.ide.mpu.remote.serial 1 1 2026-08-01 16:57:08.207
!MESSAGE port: COM8

!ENTRY com.st.stm32cube.ide.mpu.remote.serial 1 1 2026-08-01 16:57:08.207
!MESSAGE port: COM17

!ENTRY com.st.stm32cube.ide.mpu.remote.serial 1 1 2026-08-01 16:57:08.208
!MESSAGE port: COM3

!ENTRY com.st.stm32cube.ide.mpu.remote.serial 1 1 2026-08-01 16:57:08.209
!MESSAGE port: COM9

!ENTRY com.st.stm32cube.ide.mpu.remote.serial 1 1 2026-08-01 16:57:08.209
!MESSAGE port: COM10

!ENTRY com.st.stm32cube.ide.mpu.remote.serial 1 1 2026-08-01 16:57:08.211
!MESSAGE port: COM11

!ENTRY com.st.stm32cube.ide.mpu.remote.serial 1 1 2026-08-01 16:57:08.211
!MESSAGE port: COM12

!ENTRY com.st.stm32cube.ide.mpu.remote.serial 1 1 2026-08-01 16:57:08.212
!MESSAGE port: COM13

!ENTRY com.st.stm32cube.ide.mpu.remote.serial 1 1 2026-08-01 16:57:08.212
!MESSAGE port: COM16

!ENTRY com.st.stm32cube.ide.mpu.remote.serial 1 1 2026-08-01 21:56:33.993
!MESSAGE Executed PowerShell command powershell.exe -Command "Get-CimInstance -ClassName Win32_SerialPort | Select-Object -ExpandProperty DeviceID":
COM4
COM5
COM6
COM8
COM17
COM3
COM9
COM10
COM11
COM12
COM13
COM16
COM7


!ENTRY com.st.stm32cube.ide.mpu.remote.serial 1 1 2026-08-01 21:56:33.995
!MESSAGE port: COM4

!ENTRY com.st.stm32cube.ide.mpu.remote.serial 1 1 2026-08-01 21:56:33.996
!MESSAGE port: COM5

!ENTRY com.st.stm32cube.ide.mpu.remote.serial 1 1 2026-08-01 21:56:33.997
!MESSAGE port: COM6

!ENTRY com.st.stm32cube.ide.mpu.remote.serial 1 1 2026-08-01 21:56:33.997
!MESSAGE port: COM8

!ENTRY com.st.stm32cube.ide.mpu.remote.serial 1 1 2026-08-01 21:56:33.998
!MESSAGE port: COM17

!ENTRY com.st.stm32cube.ide.mpu.remote.serial 1 1 2026-08-01 21:56:33.999
!MESSAGE port: COM3

!ENTRY com.st.stm32cube.ide.mpu.remote.serial 1 1 2026-08-01 21:56:34.000
!MESSAGE port: COM9

!ENTRY com.st.stm32cube.ide.mpu.remote.serial 1 1 2026-08-01 21:56:34.002
!MESSAGE port: COM10

!ENTRY com.st.stm32cube.ide.mpu.remote.serial 1 1 2026-08-01 21:56:34.003
!MESSAGE port: COM11

!ENTRY com.st.stm32cube.ide.mpu.remote.serial 1 1 2026-08-01 21:56:34.003
!MESSAGE port: COM12

!ENTRY com.st.stm32cube.ide.mpu.remote.serial 1 1 2026-08-01 21:56:34.004
!MESSAGE port: COM13

!ENTRY com.st.stm32cube.ide.mpu.remote.serial 1 1 2026-08-01 21:56:34.005
!MESSAGE port: COM16

!ENTRY com.st.stm32cube.ide.mpu.remote.serial 1 1 2026-08-01 21:56:34.006
!MESSAGE port: COM7

!ENTRY com.st.stm32cube.ide.mpu.remote.serial 1 1 2026-08-01 21:57:17.144
!MESSAGE Executed PowerShell command powershell.exe -Command "Get-CimInstance -ClassName Win32_SerialPort | Select-Object -ExpandProperty DeviceID":
COM4
COM5
COM6
COM8
COM17
COM3
COM9
COM10
COM11
COM12
COM13
COM16


!ENTRY com.st.stm32cube.ide.mpu.remote.serial 1 1 2026-08-01 21:57:17.147
!MESSAGE port: COM4

!ENTRY com.st.stm32cube.ide.mpu.remote.serial 1 1 2026-08-01 21:57:17.148
!MESSAGE port: COM5

!ENTRY com.st.stm32cube.ide.mpu.remote.serial 1 1 2026-08-01 21:57:17.149
!MESSAGE port: COM6

!ENTRY com.st.stm32cube.ide.mpu.remote.serial 1 1 2026-08-01 21:57:17.151
!MESSAGE port: COM8

!ENTRY com.st.stm32cube.ide.mpu.remote.serial 1 1 2026-08-01 21:57:17.154
!MESSAGE port: COM17

!ENTRY com.st.stm32cube.ide.mpu.remote.serial 1 1 2026-08-01 21:57:17.155
!MESSAGE port: COM3

!ENTRY com.st.stm32cube.ide.mpu.remote.serial 1 1 2026-08-01 21:57:17.156
!MESSAGE port: COM9

!ENTRY com.st.stm32cube.ide.mpu.remote.serial 1 1 2026-08-01 21:57:17.156
!MESSAGE port: COM10

!ENTRY com.st.stm32cube.ide.mpu.remote.serial 1 1 2026-08-01 21:57:17.158
!MESSAGE port: COM11

!ENTRY com.st.stm32cube.ide.mpu.remote.serial 1 1 2026-08-01 21:57:17.159
!MESSAGE port: COM12

!ENTRY com.st.stm32cube.ide.mpu.remote.serial 1 1 2026-08-01 21:57:17.159
!MESSAGE port: COM13

!ENTRY com.st.stm32cube.ide.mpu.remote.serial 1 1 2026-08-01 21:57:17.161
!MESSAGE port: COM16

!ENTRY com.st.stm32cube.ide.mpu.remote.serial 1 1 2026-08-01 22:13:12.553
!MESSAGE Executed PowerShell command powershell.exe -Command "Get-CimInstance -ClassName Win32_SerialPort | Select-Object -ExpandProperty DeviceID":
COM4
COM5
COM6
COM8
COM17
COM3
COM9
COM10
COM11
COM12
COM13
COM16
COM7


!ENTRY com.st.stm32cube.ide.mpu.remote.serial 1 1 2026-08-01 22:13:12.558
!MESSAGE port: COM4

!ENTRY com.st.stm32cube.ide.mpu.remote.serial 1 1 2026-08-01 22:13:12.560
!MESSAGE port: COM5

!ENTRY com.st.stm32cube.ide.mpu.remote.serial 1 1 2026-08-01 22:13:12.561
!MESSAGE port: COM6

!ENTRY com.st.stm32cube.ide.mpu.remote.serial 1 1 2026-08-01 22:13:12.562
!MESSAGE port: COM8

!ENTRY com.st.stm32cube.ide.mpu.remote.serial 1 1 2026-08-01 22:13:12.563
!MESSAGE port: COM17

!ENTRY com.st.stm32cube.ide.mpu.remote.serial 1 1 2026-08-01 22:13:12.564
!MESSAGE port: COM3

!ENTRY com.st.stm32cube.ide.mpu.remote.serial 1 1 2026-08-01 22:13:12.565
!MESSAGE port: COM9

!ENTRY com.st.stm32cube.ide.mpu.remote.serial 1 1 2026-08-01 22:13:12.567
!MESSAGE port: COM10

!ENTRY com.st.stm32cube.ide.mpu.remote.serial 1 1 2026-08-01 22:13:12.569
!MESSAGE port: COM11

!ENTRY com.st.stm32cube.ide.mpu.remote.serial 1 1 2026-08-01 22:13:12.570
!MESSAGE port: COM12

!ENTRY com.st.stm32cube.ide.mpu.remote.serial 1 1 2026-08-01 22:13:12.570
!MESSAGE port: COM13

!ENTRY com.st.stm32cube.ide.mpu.remote.serial 1 1 2026-08-01 22:13:12.571
!MESSAGE port: COM16

!ENTRY com.st.stm32cube.ide.mpu.remote.serial 1 1 2026-08-01 22:13:12.573
!MESSAGE port: COM7

!ENTRY com.st.stm32cube.ide.mpu.remote.serial 1 1 2026-08-01 22:14:50.009
!MESSAGE Executed PowerShell command powershell.exe -Command "Get-CimInstance -ClassName Win32_SerialPort | Select-Object -ExpandProperty DeviceID":
COM4
COM5
COM6
COM8
COM17
COM3
COM9
COM10
COM11
COM12
COM13
COM16


!ENTRY com.st.stm32cube.ide.mpu.remote.serial 1 1 2026-08-01 22:14:50.010
!MESSAGE port: COM4

!ENTRY com.st.stm32cube.ide.mpu.remote.serial 1 1 2026-08-01 22:14:50.011
!MESSAGE port: COM5

!ENTRY com.st.stm32cube.ide.mpu.remote.serial 1 1 2026-08-01 22:14:50.011
!MESSAGE port: COM6

!ENTRY com.st.stm32cube.ide.mpu.remote.serial 1 1 2026-08-01 22:14:50.011
!MESSAGE port: COM8

!ENTRY com.st.stm32cube.ide.mpu.remote.serial 1 1 2026-08-01 22:14:50.012
!MESSAGE port: COM17

!ENTRY com.st.stm32cube.ide.mpu.remote.serial 1 1 2026-08-01 22:14:50.014
!MESSAGE port: COM3

!ENTRY com.st.stm32cube.ide.mpu.remote.serial 1 1 2026-08-01 22:14:50.014
!MESSAGE port: COM9

!ENTRY com.st.stm32cube.ide.mpu.remote.serial 1 1 2026-08-01 22:14:50.015
!MESSAGE port: COM10

!ENTRY com.st.stm32cube.ide.mpu.remote.serial 1 1 2026-08-01 22:14:50.015
!MESSAGE port: COM11

!ENTRY com.st.stm32cube.ide.mpu.remote.serial 1 1 2026-08-01 22:14:50.016
!MESSAGE port: COM12

!ENTRY com.st.stm32cube.ide.mpu.remote.serial 1 1 2026-08-01 22:14:50.016
!MESSAGE port: COM13

!ENTRY com.st.stm32cube.ide.mpu.remote.serial 1 1 2026-08-01 22:14:50.017
!MESSAGE port: COM16

!ENTRY com.st.stm32cube.ide.mpu.remote.serial 1 1 2026-08-01 22:17:26.022
!MESSAGE Executed PowerShell command powershell.exe -Command "Get-CimInstance -ClassName Win32_SerialPort | Select-Object -ExpandProperty DeviceID":
COM4
COM5
COM6
COM8
COM17
COM3
COM9
COM10
COM11
COM12
COM13
COM16
COM7


!ENTRY com.st.stm32cube.ide.mpu.remote.serial 1 1 2026-08-01 22:17:26.024
!MESSAGE port: COM4

!ENTRY com.st.stm32cube.ide.mpu.remote.serial 1 1 2026-08-01 22:17:26.025
!MESSAGE port: COM5

!ENTRY com.st.stm32cube.ide.mpu.remote.serial 1 1 2026-08-01 22:17:26.026
!MESSAGE port: COM6

!ENTRY com.st.stm32cube.ide.mpu.remote.serial 1 1 2026-08-01 22:17:26.026
!MESSAGE port: COM8

!ENTRY com.st.stm32cube.ide.mpu.remote.serial 1 1 2026-08-01 22:17:26.027
!MESSAGE port: COM17

!ENTRY com.st.stm32cube.ide.mpu.remote.serial 1 1 2026-08-01 22:17:26.027
!MESSAGE port: COM3

!ENTRY com.st.stm32cube.ide.mpu.remote.serial 1 1 2026-08-01 22:17:26.029
!MESSAGE port: COM9

!ENTRY com.st.stm32cube.ide.mpu.remote.serial 1 1 2026-08-01 22:17:26.030
!MESSAGE port: COM10

!ENTRY com.st.stm32cube.ide.mpu.remote.serial 1 1 2026-08-01 22:17:26.031
!MESSAGE port: COM11

!ENTRY com.st.stm32cube.ide.mpu.remote.serial 1 1 2026-08-01 22:17:26.031
!MESSAGE port: COM12

!ENTRY com.st.stm32cube.ide.mpu.remote.serial 1 1 2026-08-01 22:17:26.032
!MESSAGE port: COM13

!ENTRY com.st.stm32cube.ide.mpu.remote.serial 1 1 2026-08-01 22:17:26.032
!MESSAGE port: COM16

!ENTRY com.st.stm32cube.ide.mpu.remote.serial 1 1 2026-08-01 22:17:26.033
!MESSAGE port: COM7

!ENTRY com.st.stm32cube.ide.mpu.remote.serial 1 1 2026-08-01 22:21:12.092
!MESSAGE Executed PowerShell command powershell.exe -Command "Get-CimInstance -ClassName Win32_SerialPort | Select-Object -ExpandProperty DeviceID":
COM4
COM5
COM6
COM8
COM17
COM3
COM9
COM10
COM11
COM12
COM13
COM16


!ENTRY com.st.stm32cube.ide.mpu.remote.serial 1 1 2026-08-01 22:21:12.096
!MESSAGE port: COM4

!ENTRY com.st.stm32cube.ide.mpu.remote.serial 1 1 2026-08-01 22:21:12.096
!MESSAGE port: COM5

!ENTRY com.st.stm32cube.ide.mpu.remote.serial 1 1 2026-08-01 22:21:12.098
!MESSAGE port: COM6

!ENTRY com.st.stm32cube.ide.mpu.remote.serial 1 1 2026-08-01 22:21:12.099
!MESSAGE port: COM8

!ENTRY com.st.stm32cube.ide.mpu.remote.serial 1 1 2026-08-01 22:21:12.100
!MESSAGE port: COM17

!ENTRY com.st.stm32cube.ide.mpu.remote.serial 1 1 2026-08-01 22:21:12.101
!MESSAGE port: COM3

!ENTRY com.st.stm32cube.ide.mpu.remote.serial 1 1 2026-08-01 22:21:12.102
!MESSAGE port: COM9

!ENTRY com.st.stm32cube.ide.mpu.remote.serial 1 1 2026-08-01 22:21:12.102
!MESSAGE port: COM10

!ENTRY com.st.stm32cube.ide.mpu.remote.serial 1 1 2026-08-01 22:21:12.103
!MESSAGE port: COM11

!ENTRY com.st.stm32cube.ide.mpu.remote.serial 1 1 2026-08-01 22:21:12.103
!MESSAGE port: COM12

!ENTRY com.st.stm32cube.ide.mpu.remote.serial 1 1 2026-08-01 22:21:12.104
!MESSAGE port: COM13

!ENTRY com.st.stm32cube.ide.mpu.remote.serial 1 1 2026-08-01 22:21:12.104
!MESSAGE port: COM16

!ENTRY com.st.stm32cube.ide.mpu.remote.serial 1 1 2026-08-01 22:42:02.357
!MESSAGE Executed PowerShell command powershell.exe -Command "Get-CimInstance -ClassName Win32_SerialPort | Select-Object -ExpandProperty DeviceID":
COM4
COM5
COM6
COM8
COM17
COM3
COM9
COM10
COM11
COM12
COM13
COM16
COM7


!ENTRY com.st.stm32cube.ide.mpu.remote.serial 1 1 2026-08-01 22:42:02.363
!MESSAGE port: COM4

!ENTRY com.st.stm32cube.ide.mpu.remote.serial 1 1 2026-08-01 22:42:02.365
!MESSAGE port: COM5

!ENTRY com.st.stm32cube.ide.mpu.remote.serial 1 1 2026-08-01 22:42:02.368
!MESSAGE port: COM6

!ENTRY com.st.stm32cube.ide.mpu.remote.serial 1 1 2026-08-01 22:42:02.371
!MESSAGE port: COM8

!ENTRY com.st.stm32cube.ide.mpu.remote.serial 1 1 2026-08-01 22:42:02.372
!MESSAGE port: COM17

!ENTRY com.st.stm32cube.ide.mpu.remote.serial 1 1 2026-08-01 22:42:02.373
!MESSAGE port: COM3

!ENTRY com.st.stm32cube.ide.mpu.remote.serial 1 1 2026-08-01 22:42:02.374
!MESSAGE port: COM9

!ENTRY com.st.stm32cube.ide.mpu.remote.serial 1 1 2026-08-01 22:42:02.376
!MESSAGE port: COM10

!ENTRY com.st.stm32cube.ide.mpu.remote.serial 1 1 2026-08-01 22:42:02.376
!MESSAGE port: COM11

!ENTRY com.st.stm32cube.ide.mpu.remote.serial 1 1 2026-08-01 22:42:02.378
!MESSAGE port: COM12

!ENTRY com.st.stm32cube.ide.mpu.remote.serial 1 1 2026-08-01 22:42:02.379
!MESSAGE port: COM13

!ENTRY com.st.stm32cube.ide.mpu.remote.serial 1 1 2026-08-01 22:42:02.381
!MESSAGE port: COM16

!ENTRY com.st.stm32cube.ide.mpu.remote.serial 1 1 2026-08-01 22:42:02.382
!MESSAGE port: COM7

!ENTRY org.eclipse.cdt.ui 4 0 2026-08-01 22:52:33.203
!MESSAGE Error in CDT UI during reconcile
!STACK 1
C Model Exception: C Model Status [Element frame_buffer.c does not exist.]
	at org.eclipse.cdt.internal.core.model.CElement.newNotPresentException(CElement.java:489)
	at org.eclipse.cdt.internal.core.model.TranslationUnit.makeConsistent(TranslationUnit.java:583)
	at org.eclipse.cdt.internal.core.model.ReconcileWorkingCopyOperation.executeOperation(ReconcileWorkingCopyOperation.java:65)
	at org.eclipse.cdt.internal.core.model.CModelOperation.execute(CModelOperation.java:346)
	at org.eclipse.cdt.internal.core.model.CModelOperation.run(CModelOperation.java:613)
	at org.eclipse.cdt.internal.core.model.CModelOperation.runOperation(CModelOperation.java:641)
	at org.eclipse.cdt.internal.core.model.WorkingCopy.reconcile(WorkingCopy.java:365)
	at org.eclipse.cdt.internal.ui.text.CReconcilingStrategy.reconcile(CReconcilingStrategy.java:79)
	at org.eclipse.cdt.internal.ui.text.CReconcilingStrategy.reconcile(CReconcilingStrategy.java:64)
	at org.eclipse.cdt.internal.ui.text.CompositeReconcilingStrategy.reconcile(CompositeReconcilingStrategy.java:89)
	at org.eclipse.cdt.internal.ui.text.CCompositeReconcilingStrategy.reconcile(CCompositeReconcilingStrategy.java:90)
	at org.eclipse.jface.text.reconciler.MonoReconciler.process(MonoReconciler.java:77)
	at org.eclipse.cdt.internal.ui.text.CReconciler.process(CReconciler.java:346)
	at org.eclipse.jface.text.reconciler.AbstractReconciler$BackgroundWorker.run(AbstractReconciler.java:201)
	at java.base/java.lang.Thread.run(Thread.java:1583)
!SUBENTRY 1 org.eclipse.cdt.core 4 969 2026-08-01 22:52:33.344
!MESSAGE Element frame_buffer.c does not exist.

!ENTRY com.st.stm32cube.ide.mpu.remote.serial 1 1 2026-08-01 23:57:58.840
!MESSAGE Executed PowerShell command powershell.exe -Command "Get-CimInstance -ClassName Win32_SerialPort | Select-Object -ExpandProperty DeviceID":
COM4
COM5
COM6
COM8
COM17
COM3
COM9
COM10
COM11
COM12
COM13
COM16


!ENTRY com.st.stm32cube.ide.mpu.remote.serial 1 1 2026-08-01 23:57:58.879
!MESSAGE port: COM4

!ENTRY com.st.stm32cube.ide.mpu.remote.serial 1 1 2026-08-01 23:57:58.881
!MESSAGE port: COM5

!ENTRY com.st.stm32cube.ide.mpu.remote.serial 1 1 2026-08-01 23:57:58.882
!MESSAGE port: COM6

!ENTRY com.st.stm32cube.ide.mpu.remote.serial 1 1 2026-08-01 23:57:58.884
!MESSAGE port: COM8

!ENTRY com.st.stm32cube.ide.mpu.remote.serial 1 1 2026-08-01 23:57:58.885
!MESSAGE port: COM17

!ENTRY com.st.stm32cube.ide.mpu.remote.serial 1 1 2026-08-01 23:57:58.886
!MESSAGE port: COM3

!ENTRY com.st.stm32cube.ide.mpu.remote.serial 1 1 2026-08-01 23:57:58.887
!MESSAGE port: COM9

!ENTRY com.st.stm32cube.ide.mpu.remote.serial 1 1 2026-08-01 23:57:58.889
!MESSAGE port: COM10

!ENTRY com.st.stm32cube.ide.mpu.remote.serial 1 1 2026-08-01 23:57:58.889
!MESSAGE port: COM11

!ENTRY com.st.stm32cube.ide.mpu.remote.serial 1 1 2026-08-01 23:57:58.890
!MESSAGE port: COM12

!ENTRY com.st.stm32cube.ide.mpu.remote.serial 1 1 2026-08-01 23:57:58.891
!MESSAGE port: COM13

!ENTRY com.st.stm32cube.ide.mpu.remote.serial 1 1 2026-08-01 23:57:58.893
!MESSAGE port: COM16

!ENTRY com.st.stm32cube.ide.mpu.remote.serial 1 1 2026-08-02 00:03:04.990
!MESSAGE Executed PowerShell command powershell.exe -Command "Get-CimInstance -ClassName Win32_SerialPort | Select-Object -ExpandProperty DeviceID":
COM4
COM5
COM6
COM8
COM17
COM3
COM9
COM10
COM11
COM12
COM13
COM16
COM7


!ENTRY com.st.stm32cube.ide.mpu.remote.serial 1 1 2026-08-02 00:03:04.990
!MESSAGE port: COM4

!ENTRY com.st.stm32cube.ide.mpu.remote.serial 1 1 2026-08-02 00:03:04.990
!MESSAGE port: COM5

!ENTRY com.st.stm32cube.ide.mpu.remote.serial 1 1 2026-08-02 00:03:04.995
!MESSAGE port: COM6

!ENTRY com.st.stm32cube.ide.mpu.remote.serial 1 1 2026-08-02 00:03:04.995
!MESSAGE port: COM8

!ENTRY com.st.stm32cube.ide.mpu.remote.serial 1 1 2026-08-02 00:03:04.995
!MESSAGE port: COM17

!ENTRY com.st.stm32cube.ide.mpu.remote.serial 1 1 2026-08-02 00:03:04.995
!MESSAGE port: COM3

!ENTRY com.st.stm32cube.ide.mpu.remote.serial 1 1 2026-08-02 00:03:04.995
!MESSAGE port: COM9

!ENTRY com.st.stm32cube.ide.mpu.remote.serial 1 1 2026-08-02 00:03:04.995
!MESSAGE port: COM10

!ENTRY com.st.stm32cube.ide.mpu.remote.serial 1 1 2026-08-02 00:03:04.995
!MESSAGE port: COM11

!ENTRY com.st.stm32cube.ide.mpu.remote.serial 1 1 2026-08-02 00:03:04.995
!MESSAGE port: COM12

!ENTRY com.st.stm32cube.ide.mpu.remote.serial 1 1 2026-08-02 00:03:04.995
!MESSAGE port: COM13

!ENTRY com.st.stm32cube.ide.mpu.remote.serial 1 1 2026-08-02 00:03:04.995
!MESSAGE port: COM16

!ENTRY com.st.stm32cube.ide.mpu.remote.serial 1 1 2026-08-02 00:03:04.995
!MESSAGE port: COM7

!ENTRY com.st.stm32cube.ide.mpu.remote.serial 1 1 2026-08-02 00:03:51.008
!MESSAGE Executed PowerShell command powershell.exe -Command "Get-CimInstance -ClassName Win32_SerialPort | Select-Object -ExpandProperty DeviceID":
COM4
COM5
COM6
COM8
COM17
COM3
COM9
COM10
COM11
COM12
COM13
COM16


!ENTRY com.st.stm32cube.ide.mpu.remote.serial 1 1 2026-08-02 00:03:51.009
!MESSAGE port: COM4

!ENTRY com.st.stm32cube.ide.mpu.remote.serial 1 1 2026-08-02 00:03:51.011
!MESSAGE port: COM5

!ENTRY com.st.stm32cube.ide.mpu.remote.serial 1 1 2026-08-02 00:03:51.012
!MESSAGE port: COM6

!ENTRY com.st.stm32cube.ide.mpu.remote.serial 1 1 2026-08-02 00:03:51.013
!MESSAGE port: COM8

!ENTRY com.st.stm32cube.ide.mpu.remote.serial 1 1 2026-08-02 00:03:51.013
!MESSAGE port: COM17

!ENTRY com.st.stm32cube.ide.mpu.remote.serial 1 1 2026-08-02 00:03:51.015
!MESSAGE port: COM3

!ENTRY com.st.stm32cube.ide.mpu.remote.serial 1 1 2026-08-02 00:03:51.016
!MESSAGE port: COM9

!ENTRY com.st.stm32cube.ide.mpu.remote.serial 1 1 2026-08-02 00:03:51.016
!MESSAGE port: COM10

!ENTRY com.st.stm32cube.ide.mpu.remote.serial 1 1 2026-08-02 00:03:51.017
!MESSAGE port: COM11

!ENTRY com.st.stm32cube.ide.mpu.remote.serial 1 1 2026-08-02 00:03:51.019
!MESSAGE port: COM12

!ENTRY com.st.stm32cube.ide.mpu.remote.serial 1 1 2026-08-02 00:03:51.022
!MESSAGE port: COM13

!ENTRY com.st.stm32cube.ide.mpu.remote.serial 1 1 2026-08-02 00:03:51.022
!MESSAGE port: COM16

!ENTRY com.st.stm32cube.ide.mpu.remote.serial 1 1 2026-08-02 00:07:08.661
!MESSAGE Executed PowerShell command powershell.exe -Command "Get-CimInstance -ClassName Win32_SerialPort | Select-Object -ExpandProperty DeviceID":
COM4
COM5
COM6
COM8
COM17
COM3
COM9
COM10
COM11
COM12
COM13
COM16
COM7


!ENTRY com.st.stm32cube.ide.mpu.remote.serial 1 1 2026-08-02 00:07:08.662
!MESSAGE port: COM4

!ENTRY com.st.stm32cube.ide.mpu.remote.serial 1 1 2026-08-02 00:07:08.663
!MESSAGE port: COM5

!ENTRY com.st.stm32cube.ide.mpu.remote.serial 1 1 2026-08-02 00:07:08.663
!MESSAGE port: COM6

!ENTRY com.st.stm32cube.ide.mpu.remote.serial 1 1 2026-08-02 00:07:08.664
!MESSAGE port: COM8

!ENTRY com.st.stm32cube.ide.mpu.remote.serial 1 1 2026-08-02 00:07:08.664
!MESSAGE port: COM17

!ENTRY com.st.stm32cube.ide.mpu.remote.serial 1 1 2026-08-02 00:07:08.665
!MESSAGE port: COM3

!ENTRY com.st.stm32cube.ide.mpu.remote.serial 1 1 2026-08-02 00:07:08.666
!MESSAGE port: COM9

!ENTRY com.st.stm32cube.ide.mpu.remote.serial 1 1 2026-08-02 00:07:08.666
!MESSAGE port: COM10

!ENTRY com.st.stm32cube.ide.mpu.remote.serial 1 1 2026-08-02 00:07:08.667
!MESSAGE port: COM11

!ENTRY com.st.stm32cube.ide.mpu.remote.serial 1 1 2026-08-02 00:07:08.667
!MESSAGE port: COM12

!ENTRY com.st.stm32cube.ide.mpu.remote.serial 1 1 2026-08-02 00:07:08.667
!MESSAGE port: COM13

!ENTRY com.st.stm32cube.ide.mpu.remote.serial 1 1 2026-08-02 00:07:08.669
!MESSAGE port: COM16

!ENTRY com.st.stm32cube.ide.mpu.remote.serial 1 1 2026-08-02 00:07:08.669
!MESSAGE port: COM7

!ENTRY com.st.stm32cube.ide.mpu.remote.serial 1 1 2026-08-02 00:07:45.138
!MESSAGE Executed PowerShell command powershell.exe -Command "Get-CimInstance -ClassName Win32_SerialPort | Select-Object -ExpandProperty DeviceID":
COM4
COM5
COM6
COM8
COM17
COM3
COM9
COM10
COM11
COM12
COM13
COM16


!ENTRY com.st.stm32cube.ide.mpu.remote.serial 1 1 2026-08-02 00:07:45.139
!MESSAGE port: COM4

!ENTRY com.st.stm32cube.ide.mpu.remote.serial 1 1 2026-08-02 00:07:45.140
!MESSAGE port: COM5

!ENTRY com.st.stm32cube.ide.mpu.remote.serial 1 1 2026-08-02 00:07:45.141
!MESSAGE port: COM6

!ENTRY com.st.stm32cube.ide.mpu.remote.serial 1 1 2026-08-02 00:07:45.142
!MESSAGE port: COM8

!ENTRY com.st.stm32cube.ide.mpu.remote.serial 1 1 2026-08-02 00:07:45.142
!MESSAGE port: COM17

!ENTRY com.st.stm32cube.ide.mpu.remote.serial 1 1 2026-08-02 00:07:45.143
!MESSAGE port: COM3

!ENTRY com.st.stm32cube.ide.mpu.remote.serial 1 1 2026-08-02 00:07:45.144
!MESSAGE port: COM9

!ENTRY com.st.stm32cube.ide.mpu.remote.serial 1 1 2026-08-02 00:07:45.144
!MESSAGE port: COM10

!ENTRY com.st.stm32cube.ide.mpu.remote.serial 1 1 2026-08-02 00:07:45.145
!MESSAGE port: COM11

!ENTRY com.st.stm32cube.ide.mpu.remote.serial 1 1 2026-08-02 00:07:45.146
!MESSAGE port: COM12

!ENTRY com.st.stm32cube.ide.mpu.remote.serial 1 1 2026-08-02 00:07:45.147
!MESSAGE port: COM13

!ENTRY com.st.stm32cube.ide.mpu.remote.serial 1 1 2026-08-02 00:07:45.148
!MESSAGE port: COM16

!ENTRY com.st.stm32cube.ide.mpu.remote.serial 1 1 2026-08-02 00:11:54.981
!MESSAGE Executed PowerShell command powershell.exe -Command "Get-CimInstance -ClassName Win32_SerialPort | Select-Object -ExpandProperty DeviceID":
COM4
COM5
COM6
COM8
COM17
COM3
COM9
COM10
COM11
COM12
COM13
COM16
COM7


!ENTRY com.st.stm32cube.ide.mpu.remote.serial 1 1 2026-08-02 00:11:54.983
!MESSAGE port: COM4

!ENTRY com.st.stm32cube.ide.mpu.remote.serial 1 1 2026-08-02 00:11:54.985
!MESSAGE port: COM5

!ENTRY com.st.stm32cube.ide.mpu.remote.serial 1 1 2026-08-02 00:11:54.985
!MESSAGE port: COM6

!ENTRY com.st.stm32cube.ide.mpu.remote.serial 1 1 2026-08-02 00:11:54.986
!MESSAGE port: COM8

!ENTRY com.st.stm32cube.ide.mpu.remote.serial 1 1 2026-08-02 00:11:54.987
!MESSAGE port: COM17

!ENTRY com.st.stm32cube.ide.mpu.remote.serial 1 1 2026-08-02 00:11:54.988
!MESSAGE port: COM3

!ENTRY com.st.stm32cube.ide.mpu.remote.serial 1 1 2026-08-02 00:11:54.988
!MESSAGE port: COM9

!ENTRY com.st.stm32cube.ide.mpu.remote.serial 1 1 2026-08-02 00:11:54.989
!MESSAGE port: COM10

!ENTRY com.st.stm32cube.ide.mpu.remote.serial 1 1 2026-08-02 00:11:54.990
!MESSAGE port: COM11

!ENTRY com.st.stm32cube.ide.mpu.remote.serial 1 1 2026-08-02 00:11:54.991
!MESSAGE port: COM12

!ENTRY com.st.stm32cube.ide.mpu.remote.serial 1 1 2026-08-02 00:11:54.992
!MESSAGE port: COM13

!ENTRY com.st.stm32cube.ide.mpu.remote.serial 1 1 2026-08-02 00:11:54.993
!MESSAGE port: COM16

!ENTRY com.st.stm32cube.ide.mpu.remote.serial 1 1 2026-08-02 00:11:54.993
!MESSAGE port: COM7

!ENTRY com.st.stm32cube.ide.mpu.remote.serial 1 1 2026-08-02 00:12:28.432
!MESSAGE Executed PowerShell command powershell.exe -Command "Get-CimInstance -ClassName Win32_SerialPort | Select-Object -ExpandProperty DeviceID":
COM4
COM5
COM6
COM8
COM17
COM3
COM9
COM10
COM11
COM12
COM13
COM16


!ENTRY com.st.stm32cube.ide.mpu.remote.serial 1 1 2026-08-02 00:12:28.434
!MESSAGE port: COM4

!ENTRY com.st.stm32cube.ide.mpu.remote.serial 1 1 2026-08-02 00:12:28.435
!MESSAGE port: COM5

!ENTRY com.st.stm32cube.ide.mpu.remote.serial 1 1 2026-08-02 00:12:28.436
!MESSAGE port: COM6

!ENTRY com.st.stm32cube.ide.mpu.remote.serial 1 1 2026-08-02 00:12:28.437
!MESSAGE port: COM8

!ENTRY com.st.stm32cube.ide.mpu.remote.serial 1 1 2026-08-02 00:12:28.439
!MESSAGE port: COM17

!ENTRY com.st.stm32cube.ide.mpu.remote.serial 1 1 2026-08-02 00:12:28.440
!MESSAGE port: COM3

!ENTRY com.st.stm32cube.ide.mpu.remote.serial 1 1 2026-08-02 00:12:28.440
!MESSAGE port: COM9

!ENTRY com.st.stm32cube.ide.mpu.remote.serial 1 1 2026-08-02 00:12:28.442
!MESSAGE port: COM10

!ENTRY com.st.stm32cube.ide.mpu.remote.serial 1 1 2026-08-02 00:12:28.443
!MESSAGE port: COM11

!ENTRY com.st.stm32cube.ide.mpu.remote.serial 1 1 2026-08-02 00:12:28.445
!MESSAGE port: COM12

!ENTRY com.st.stm32cube.ide.mpu.remote.serial 1 1 2026-08-02 00:12:28.446
!MESSAGE port: COM13

!ENTRY com.st.stm32cube.ide.mpu.remote.serial 1 1 2026-08-02 00:12:28.447
!MESSAGE port: COM16

!ENTRY com.st.stm32cube.ide.mpu.remote.serial 1 1 2026-08-02 00:13:58.422
!MESSAGE Executed PowerShell command powershell.exe -Command "Get-CimInstance -ClassName Win32_SerialPort | Select-Object -ExpandProperty DeviceID":
COM4
COM5
COM6
COM8
COM17
COM3
COM9
COM10
COM11
COM12
COM13
COM16
COM7


!ENTRY com.st.stm32cube.ide.mpu.remote.serial 1 1 2026-08-02 00:13:58.425
!MESSAGE port: COM4

!ENTRY com.st.stm32cube.ide.mpu.remote.serial 1 1 2026-08-02 00:13:58.426
!MESSAGE port: COM5

!ENTRY com.st.stm32cube.ide.mpu.remote.serial 1 1 2026-08-02 00:13:58.427
!MESSAGE port: COM6

!ENTRY com.st.stm32cube.ide.mpu.remote.serial 1 1 2026-08-02 00:13:58.428
!MESSAGE port: COM8

!ENTRY com.st.stm32cube.ide.mpu.remote.serial 1 1 2026-08-02 00:13:58.429
!MESSAGE port: COM17

!ENTRY com.st.stm32cube.ide.mpu.remote.serial 1 1 2026-08-02 00:13:58.430
!MESSAGE port: COM3

!ENTRY com.st.stm32cube.ide.mpu.remote.serial 1 1 2026-08-02 00:13:58.431
!MESSAGE port: COM9

!ENTRY com.st.stm32cube.ide.mpu.remote.serial 1 1 2026-08-02 00:13:58.432
!MESSAGE port: COM10

!ENTRY com.st.stm32cube.ide.mpu.remote.serial 1 1 2026-08-02 00:13:58.433
!MESSAGE port: COM11

!ENTRY com.st.stm32cube.ide.mpu.remote.serial 1 1 2026-08-02 00:13:58.434
!MESSAGE port: COM12

!ENTRY com.st.stm32cube.ide.mpu.remote.serial 1 1 2026-08-02 00:13:58.435
!MESSAGE port: COM13

!ENTRY com.st.stm32cube.ide.mpu.remote.serial 1 1 2026-08-02 00:13:58.436
!MESSAGE port: COM16

!ENTRY com.st.stm32cube.ide.mpu.remote.serial 1 1 2026-08-02 00:13:58.437
!MESSAGE port: COM7

!ENTRY com.st.stm32cube.ide.mpu.remote.serial 1 1 2026-08-02 00:14:55.235
!MESSAGE Executed PowerShell command powershell.exe -Command "Get-CimInstance -ClassName Win32_SerialPort | Select-Object -ExpandProperty DeviceID":
COM4
COM5
COM6
COM8
COM17
COM3
COM9
COM10
COM11
COM12
COM13
COM16


!ENTRY com.st.stm32cube.ide.mpu.remote.serial 1 1 2026-08-02 00:14:55.237
!MESSAGE port: COM4

!ENTRY com.st.stm32cube.ide.mpu.remote.serial 1 1 2026-08-02 00:14:55.237
!MESSAGE port: COM5

!ENTRY com.st.stm32cube.ide.mpu.remote.serial 1 1 2026-08-02 00:14:55.238
!MESSAGE port: COM6

!ENTRY com.st.stm32cube.ide.mpu.remote.serial 1 1 2026-08-02 00:14:55.239
!MESSAGE port: COM8

!ENTRY com.st.stm32cube.ide.mpu.remote.serial 1 1 2026-08-02 00:14:55.241
!MESSAGE port: COM17

!ENTRY com.st.stm32cube.ide.mpu.remote.serial 1 1 2026-08-02 00:14:55.242
!MESSAGE port: COM3

!ENTRY com.st.stm32cube.ide.mpu.remote.serial 1 1 2026-08-02 00:14:55.243
!MESSAGE port: COM9

!ENTRY com.st.stm32cube.ide.mpu.remote.serial 1 1 2026-08-02 00:14:55.244
!MESSAGE port: COM10

!ENTRY com.st.stm32cube.ide.mpu.remote.serial 1 1 2026-08-02 00:14:55.245
!MESSAGE port: COM11

!ENTRY com.st.stm32cube.ide.mpu.remote.serial 1 1 2026-08-02 00:14:55.246
!MESSAGE port: COM12

!ENTRY com.st.stm32cube.ide.mpu.remote.serial 1 1 2026-08-02 00:14:55.246
!MESSAGE port: COM13

!ENTRY com.st.stm32cube.ide.mpu.remote.serial 1 1 2026-08-02 00:14:55.247
!MESSAGE port: COM16

!ENTRY com.st.stm32cube.ide.mpu.remote.serial 1 1 2026-08-02 00:19:58.857
!MESSAGE Executed PowerShell command powershell.exe -Command "Get-CimInstance -ClassName Win32_SerialPort | Select-Object -ExpandProperty DeviceID":
COM4
COM5
COM6
COM8
COM17
COM3
COM9
COM10
COM11
COM12
COM13
COM16
COM7


!ENTRY com.st.stm32cube.ide.mpu.remote.serial 1 1 2026-08-02 00:19:58.864
!MESSAGE port: COM4

!ENTRY com.st.stm32cube.ide.mpu.remote.serial 1 1 2026-08-02 00:19:58.867
!MESSAGE port: COM5

!ENTRY com.st.stm32cube.ide.mpu.remote.serial 1 1 2026-08-02 00:19:58.871
!MESSAGE port: COM6

!ENTRY com.st.stm32cube.ide.mpu.remote.serial 1 1 2026-08-02 00:19:58.872
!MESSAGE port: COM8

!ENTRY com.st.stm32cube.ide.mpu.remote.serial 1 1 2026-08-02 00:19:58.873
!MESSAGE port: COM17

!ENTRY com.st.stm32cube.ide.mpu.remote.serial 1 1 2026-08-02 00:19:58.875
!MESSAGE port: COM3

!ENTRY com.st.stm32cube.ide.mpu.remote.serial 1 1 2026-08-02 00:19:58.877
!MESSAGE port: COM9

!ENTRY com.st.stm32cube.ide.mpu.remote.serial 1 1 2026-08-02 00:19:58.878
!MESSAGE port: COM10

!ENTRY com.st.stm32cube.ide.mpu.remote.serial 1 1 2026-08-02 00:19:58.879
!MESSAGE port: COM11

!ENTRY com.st.stm32cube.ide.mpu.remote.serial 1 1 2026-08-02 00:19:58.880
!MESSAGE port: COM12

!ENTRY com.st.stm32cube.ide.mpu.remote.serial 1 1 2026-08-02 00:19:58.881
!MESSAGE port: COM13

!ENTRY com.st.stm32cube.ide.mpu.remote.serial 1 1 2026-08-02 00:19:58.881
!MESSAGE port: COM16

!ENTRY com.st.stm32cube.ide.mpu.remote.serial 1 1 2026-08-02 00:19:58.883
!MESSAGE port: COM7

!ENTRY com.st.stm32cube.ide.mpu.remote.serial 1 1 2026-08-02 00:20:44.439
!MESSAGE Executed PowerShell command powershell.exe -Command "Get-CimInstance -ClassName Win32_SerialPort | Select-Object -ExpandProperty DeviceID":
COM4
COM5
COM6
COM8
COM17
COM3
COM9
COM10
COM11
COM12
COM13
COM16


!ENTRY com.st.stm32cube.ide.mpu.remote.serial 1 1 2026-08-02 00:20:44.442
!MESSAGE port: COM4

!ENTRY com.st.stm32cube.ide.mpu.remote.serial 1 1 2026-08-02 00:20:44.443
!MESSAGE port: COM5

!ENTRY com.st.stm32cube.ide.mpu.remote.serial 1 1 2026-08-02 00:20:44.444
!MESSAGE port: COM6

!ENTRY com.st.stm32cube.ide.mpu.remote.serial 1 1 2026-08-02 00:20:44.444
!MESSAGE port: COM8

!ENTRY com.st.stm32cube.ide.mpu.remote.serial 1 1 2026-08-02 00:20:44.445
!MESSAGE port: COM17

!ENTRY com.st.stm32cube.ide.mpu.remote.serial 1 1 2026-08-02 00:20:44.446
!MESSAGE port: COM3

!ENTRY com.st.stm32cube.ide.mpu.remote.serial 1 1 2026-08-02 00:20:44.446
!MESSAGE port: COM9

!ENTRY com.st.stm32cube.ide.mpu.remote.serial 1 1 2026-08-02 00:20:44.448
!MESSAGE port: COM10

!ENTRY com.st.stm32cube.ide.mpu.remote.serial 1 1 2026-08-02 00:20:44.449
!MESSAGE port: COM11

!ENTRY com.st.stm32cube.ide.mpu.remote.serial 1 1 2026-08-02 00:20:44.450
!MESSAGE port: COM12

!ENTRY com.st.stm32cube.ide.mpu.remote.serial 1 1 2026-08-02 00:20:44.451
!MESSAGE port: COM13

!ENTRY com.st.stm32cube.ide.mpu.remote.serial 1 1 2026-08-02 00:20:44.451
!MESSAGE port: COM16

!ENTRY com.st.stm32cube.ide.mpu.remote.serial 1 1 2026-08-02 00:22:28.599
!MESSAGE Executed PowerShell command powershell.exe -Command "Get-CimInstance -ClassName Win32_SerialPort | Select-Object -ExpandProperty DeviceID":
COM4
COM5
COM6
COM8
COM17
COM3
COM9
COM10
COM11
COM12
COM13
COM16


!ENTRY com.st.stm32cube.ide.mpu.remote.serial 1 1 2026-08-02 00:22:28.601
!MESSAGE port: COM4

!ENTRY com.st.stm32cube.ide.mpu.remote.serial 1 1 2026-08-02 00:22:28.603
!MESSAGE port: COM5

!ENTRY com.st.stm32cube.ide.mpu.remote.serial 1 1 2026-08-02 00:22:28.603
!MESSAGE port: COM6

!ENTRY com.st.stm32cube.ide.mpu.remote.serial 1 1 2026-08-02 00:22:28.604
!MESSAGE port: COM8

!ENTRY com.st.stm32cube.ide.mpu.remote.serial 1 1 2026-08-02 00:22:28.604
!MESSAGE port: COM17

!ENTRY com.st.stm32cube.ide.mpu.remote.serial 1 1 2026-08-02 00:22:28.605
!MESSAGE port: COM3

!ENTRY com.st.stm32cube.ide.mpu.remote.serial 1 1 2026-08-02 00:22:28.605
!MESSAGE port: COM9

!ENTRY com.st.stm32cube.ide.mpu.remote.serial 1 1 2026-08-02 00:22:28.607
!MESSAGE port: COM10

!ENTRY com.st.stm32cube.ide.mpu.remote.serial 1 1 2026-08-02 00:22:28.607
!MESSAGE port: COM11

!ENTRY com.st.stm32cube.ide.mpu.remote.serial 1 1 2026-08-02 00:22:28.608
!MESSAGE port: COM12

!ENTRY com.st.stm32cube.ide.mpu.remote.serial 1 1 2026-08-02 00:22:28.608
!MESSAGE port: COM13

!ENTRY com.st.stm32cube.ide.mpu.remote.serial 1 1 2026-08-02 00:22:28.609
!MESSAGE port: COM16

!ENTRY com.st.stm32cube.ide.mpu.remote.serial 1 1 2026-08-02 00:23:00.365
!MESSAGE Executed PowerShell command powershell.exe -Command "Get-CimInstance -ClassName Win32_SerialPort | Select-Object -ExpandProperty DeviceID":
COM4
COM5
COM6
COM8
COM17
COM3
COM9
COM10
COM11
COM12
COM13
COM16


!ENTRY com.st.stm32cube.ide.mpu.remote.serial 1 1 2026-08-02 00:23:00.368
!MESSAGE port: COM4

!ENTRY com.st.stm32cube.ide.mpu.remote.serial 1 1 2026-08-02 00:23:00.369
!MESSAGE port: COM5

!ENTRY com.st.stm32cube.ide.mpu.remote.serial 1 1 2026-08-02 00:23:00.371
!MESSAGE port: COM6

!ENTRY com.st.stm32cube.ide.mpu.remote.serial 1 1 2026-08-02 00:23:00.373
!MESSAGE port: COM8

!ENTRY com.st.stm32cube.ide.mpu.remote.serial 1 1 2026-08-02 00:23:00.374
!MESSAGE port: COM17

!ENTRY com.st.stm32cube.ide.mpu.remote.serial 1 1 2026-08-02 00:23:00.376
!MESSAGE port: COM3

!ENTRY com.st.stm32cube.ide.mpu.remote.serial 1 1 2026-08-02 00:23:00.378
!MESSAGE port: COM9

!ENTRY com.st.stm32cube.ide.mpu.remote.serial 1 1 2026-08-02 00:23:00.379
!MESSAGE port: COM10

!ENTRY com.st.stm32cube.ide.mpu.remote.serial 1 1 2026-08-02 00:23:00.381
!MESSAGE port: COM11

!ENTRY com.st.stm32cube.ide.mpu.remote.serial 1 1 2026-08-02 00:23:00.382
!MESSAGE port: COM12

!ENTRY com.st.stm32cube.ide.mpu.remote.serial 1 1 2026-08-02 00:23:00.385
!MESSAGE port: COM13

!ENTRY com.st.stm32cube.ide.mpu.remote.serial 1 1 2026-08-02 00:23:00.386
!MESSAGE port: COM16

!ENTRY com.st.stm32cube.ide.mpu.remote.serial 1 1 2026-08-02 00:40:37.579
!MESSAGE Executed PowerShell command powershell.exe -Command "Get-CimInstance -ClassName Win32_SerialPort | Select-Object -ExpandProperty DeviceID":
COM4
COM5
COM6
COM8
COM17
COM3
COM9
COM10
COM11
COM12
COM13
COM16


!ENTRY com.st.stm32cube.ide.mpu.remote.serial 1 1 2026-08-02 00:40:37.581
!MESSAGE port: COM4

!ENTRY com.st.stm32cube.ide.mpu.remote.serial 1 1 2026-08-02 00:40:37.582
!MESSAGE port: COM5

!ENTRY com.st.stm32cube.ide.mpu.remote.serial 1 1 2026-08-02 00:40:37.582
!MESSAGE port: COM6

!ENTRY com.st.stm32cube.ide.mpu.remote.serial 1 1 2026-08-02 00:40:37.584
!MESSAGE port: COM8

!ENTRY com.st.stm32cube.ide.mpu.remote.serial 1 1 2026-08-02 00:40:37.584
!MESSAGE port: COM17

!ENTRY com.st.stm32cube.ide.mpu.remote.serial 1 1 2026-08-02 00:40:37.584
!MESSAGE port: COM3

!ENTRY com.st.stm32cube.ide.mpu.remote.serial 1 1 2026-08-02 00:40:37.586
!MESSAGE port: COM9

!ENTRY com.st.stm32cube.ide.mpu.remote.serial 1 1 2026-08-02 00:40:37.586
!MESSAGE port: COM10

!ENTRY com.st.stm32cube.ide.mpu.remote.serial 1 1 2026-08-02 00:40:37.587
!MESSAGE port: COM11

!ENTRY com.st.stm32cube.ide.mpu.remote.serial 1 1 2026-08-02 00:40:37.588
!MESSAGE port: COM12

!ENTRY com.st.stm32cube.ide.mpu.remote.serial 1 1 2026-08-02 00:40:37.589
!MESSAGE port: COM13

!ENTRY com.st.stm32cube.ide.mpu.remote.serial 1 1 2026-08-02 00:40:37.590
!MESSAGE port: COM16

!ENTRY com.st.stm32cube.ide.mpu.remote.serial 1 1 2026-08-02 00:41:09.271
!MESSAGE Executed PowerShell command powershell.exe -Command "Get-CimInstance -ClassName Win32_SerialPort | Select-Object -ExpandProperty DeviceID":
COM4
COM5
COM6
COM8
COM17
COM3
COM9
COM10
COM11
COM12
COM13
COM16


!ENTRY com.st.stm32cube.ide.mpu.remote.serial 1 1 2026-08-02 00:41:09.273
!MESSAGE port: COM4

!ENTRY com.st.stm32cube.ide.mpu.remote.serial 1 1 2026-08-02 00:41:09.273
!MESSAGE port: COM5

!ENTRY com.st.stm32cube.ide.mpu.remote.serial 1 1 2026-08-02 00:41:09.275
!MESSAGE port: COM6

!ENTRY com.st.stm32cube.ide.mpu.remote.serial 1 1 2026-08-02 00:41:09.276
!MESSAGE port: COM8

!ENTRY com.st.stm32cube.ide.mpu.remote.serial 1 1 2026-08-02 00:41:09.278
!MESSAGE port: COM17

!ENTRY com.st.stm32cube.ide.mpu.remote.serial 1 1 2026-08-02 00:41:09.279
!MESSAGE port: COM3

!ENTRY com.st.stm32cube.ide.mpu.remote.serial 1 1 2026-08-02 00:41:09.281
!MESSAGE port: COM9

!ENTRY com.st.stm32cube.ide.mpu.remote.serial 1 1 2026-08-02 00:41:09.282
!MESSAGE port: COM10

!ENTRY com.st.stm32cube.ide.mpu.remote.serial 1 1 2026-08-02 00:41:09.283
!MESSAGE port: COM11

!ENTRY com.st.stm32cube.ide.mpu.remote.serial 1 1 2026-08-02 00:41:09.284
!MESSAGE port: COM12

!ENTRY com.st.stm32cube.ide.mpu.remote.serial 1 1 2026-08-02 00:41:09.285
!MESSAGE port: COM13

!ENTRY com.st.stm32cube.ide.mpu.remote.serial 1 1 2026-08-02 00:41:09.286
!MESSAGE port: COM16

!ENTRY com.st.stm32cube.ide.mpu.remote.serial 1 1 2026-08-02 00:44:24.076
!MESSAGE Executed PowerShell command powershell.exe -Command "Get-CimInstance -ClassName Win32_SerialPort | Select-Object -ExpandProperty DeviceID":
COM4
COM5
COM6
COM8
COM17
COM3
COM9
COM10
COM11
COM12
COM13
COM16
COM7


!ENTRY com.st.stm32cube.ide.mpu.remote.serial 1 1 2026-08-02 00:44:24.077
!MESSAGE port: COM4

!ENTRY com.st.stm32cube.ide.mpu.remote.serial 1 1 2026-08-02 00:44:24.078
!MESSAGE port: COM5

!ENTRY com.st.stm32cube.ide.mpu.remote.serial 1 1 2026-08-02 00:44:24.078
!MESSAGE port: COM6

!ENTRY com.st.stm32cube.ide.mpu.remote.serial 1 1 2026-08-02 00:44:24.079
!MESSAGE port: COM8

!ENTRY com.st.stm32cube.ide.mpu.remote.serial 1 1 2026-08-02 00:44:24.079
!MESSAGE port: COM17

!ENTRY com.st.stm32cube.ide.mpu.remote.serial 1 1 2026-08-02 00:44:24.080
!MESSAGE port: COM3

!ENTRY com.st.stm32cube.ide.mpu.remote.serial 1 1 2026-08-02 00:44:24.081
!MESSAGE port: COM9

!ENTRY com.st.stm32cube.ide.mpu.remote.serial 1 1 2026-08-02 00:44:24.082
!MESSAGE port: COM10

!ENTRY com.st.stm32cube.ide.mpu.remote.serial 1 1 2026-08-02 00:44:24.083
!MESSAGE port: COM11

!ENTRY com.st.stm32cube.ide.mpu.remote.serial 1 1 2026-08-02 00:44:24.084
!MESSAGE port: COM12

!ENTRY com.st.stm32cube.ide.mpu.remote.serial 1 1 2026-08-02 00:44:24.085
!MESSAGE port: COM13

!ENTRY com.st.stm32cube.ide.mpu.remote.serial 1 1 2026-08-02 00:44:24.085
!MESSAGE port: COM16

!ENTRY com.st.stm32cube.ide.mpu.remote.serial 1 1 2026-08-02 00:44:24.087
!MESSAGE port: COM7

!ENTRY org.eclipse.cdt.dsf.gdb 4 5012 2026-08-02 00:44:28.679
!MESSAGE Error in final launch sequence:

Failed to execute MI command:
load C:\\Users\\mechi\\OneDrive\\FIUBA\\2026_1C\\TdSEpf\\tdse-pf_workspace\\tdse-tp2_00-model_integration\\Debug\\tdse-tp2_00-model_integration.elf 

Error message from debugger back end:
Error erasing flash with vFlashErase packet
!STACK 1
org.eclipse.core.runtime.CoreException: Failed to execute MI command:
load C:\\Users\\mechi\\OneDrive\\FIUBA\\2026_1C\\TdSEpf\\tdse-pf_workspace\\tdse-tp2_00-model_integration\\Debug\\tdse-tp2_00-model_integration.elf 

Error message from debugger back end:
Error erasing flash with vFlashErase packet
	at org.eclipse.cdt.dsf.concurrent.Query.get(Query.java:112)
	at org.eclipse.cdt.dsf.gdb.launching.GdbLaunchDelegate.launchDebugSession(GdbLaunchDelegate.java:254)
	at org.eclipse.cdt.dsf.gdb.launching.GdbLaunchDelegate.launchDebugger(GdbLaunchDelegate.java:111)
	at org.eclipse.cdt.dsf.gdb.launching.GdbLaunchDelegate.launch(GdbLaunchDelegate.java:99)
	at com.st.stm32cube.ide.mcu.debug.launch.DSFDelegate.launch(DSFDelegate.java:335)
	at org.eclipse.debug.internal.core.LaunchConfiguration.launch(LaunchConfiguration.java:778)
	at org.eclipse.debug.internal.core.LaunchConfiguration.launch(LaunchConfiguration.java:689)
	at org.eclipse.debug.internal.ui.DebugUIPlugin.buildAndLaunch(DebugUIPlugin.java:1052)
	at org.eclipse.debug.internal.ui.DebugUIPlugin$1.run(DebugUIPlugin.java:1254)
	at org.eclipse.core.internal.jobs.Worker.run(Worker.java:63)
Contains: Failed to execute MI command:
load C:\\Users\\mechi\\OneDrive\\FIUBA\\2026_1C\\TdSEpf\\tdse-pf_workspace\\tdse-tp2_00-model_integration\\Debug\\tdse-tp2_00-model_integration.elf 

Error message from debugger back end:
Error erasing flash with vFlashErase packet
java.lang.Exception: Error erasing flash with vFlashErase packet
	at org.eclipse.cdt.dsf.mi.service.command.AbstractMIControl$RxThread.processMIOutput(AbstractMIControl.java:1024)
	at org.eclipse.cdt.dsf.mi.service.command.AbstractMIControl$RxThread.run(AbstractMIControl.java:853)
!SUBENTRY 1 org.eclipse.cdt.dsf 4 10004 2026-08-02 00:44:28.683
!MESSAGE Failed to execute MI command:
load C:\\Users\\mechi\\OneDrive\\FIUBA\\2026_1C\\TdSEpf\\tdse-pf_workspace\\tdse-tp2_00-model_integration\\Debug\\tdse-tp2_00-model_integration.elf 

Error message from debugger back end:
Error erasing flash with vFlashErase packet
!SUBENTRY 2 org.eclipse.cdt.dsf.gdb 4 10004 2026-08-02 00:44:28.683
!MESSAGE Failed to execute MI command:
load C:\\Users\\mechi\\OneDrive\\FIUBA\\2026_1C\\TdSEpf\\tdse-pf_workspace\\tdse-tp2_00-model_integration\\Debug\\tdse-tp2_00-model_integration.elf 

Error message from debugger back end:
Error erasing flash with vFlashErase packet
!STACK 0
java.lang.Exception: Error erasing flash with vFlashErase packet
	at org.eclipse.cdt.dsf.mi.service.command.AbstractMIControl$RxThread.processMIOutput(AbstractMIControl.java:1024)
	at org.eclipse.cdt.dsf.mi.service.command.AbstractMIControl$RxThread.run(AbstractMIControl.java:853)

!ENTRY com.st.stm32cube.ide.mpu.remote.serial 1 1 2026-08-02 00:44:59.513
!MESSAGE Executed PowerShell command powershell.exe -Command "Get-CimInstance -ClassName Win32_SerialPort | Select-Object -ExpandProperty DeviceID":
COM4
COM5
COM6
COM8
COM17
COM3
COM9
COM10
COM11
COM12
COM13
COM16


!ENTRY com.st.stm32cube.ide.mpu.remote.serial 1 1 2026-08-02 00:44:59.516
!MESSAGE port: COM4

!ENTRY com.st.stm32cube.ide.mpu.remote.serial 1 1 2026-08-02 00:44:59.517
!MESSAGE port: COM5

!ENTRY com.st.stm32cube.ide.mpu.remote.serial 1 1 2026-08-02 00:44:59.518
!MESSAGE port: COM6

!ENTRY com.st.stm32cube.ide.mpu.remote.serial 1 1 2026-08-02 00:44:59.519
!MESSAGE port: COM8

!ENTRY com.st.stm32cube.ide.mpu.remote.serial 1 1 2026-08-02 00:44:59.520
!MESSAGE port: COM17

!ENTRY com.st.stm32cube.ide.mpu.remote.serial 1 1 2026-08-02 00:44:59.521
!MESSAGE port: COM3

!ENTRY com.st.stm32cube.ide.mpu.remote.serial 1 1 2026-08-02 00:44:59.522
!MESSAGE port: COM9

!ENTRY com.st.stm32cube.ide.mpu.remote.serial 1 1 2026-08-02 00:44:59.524
!MESSAGE port: COM10

!ENTRY com.st.stm32cube.ide.mpu.remote.serial 1 1 2026-08-02 00:44:59.525
!MESSAGE port: COM11

!ENTRY com.st.stm32cube.ide.mpu.remote.serial 1 1 2026-08-02 00:44:59.527
!MESSAGE port: COM12

!ENTRY com.st.stm32cube.ide.mpu.remote.serial 1 1 2026-08-02 00:44:59.528
!MESSAGE port: COM13

!ENTRY com.st.stm32cube.ide.mpu.remote.serial 1 1 2026-08-02 00:44:59.530
!MESSAGE port: COM16

!ENTRY com.st.stm32cube.ide.mpu.remote.serial 1 1 2026-08-02 00:45:31.244
!MESSAGE Executed PowerShell command powershell.exe -Command "Get-CimInstance -ClassName Win32_SerialPort | Select-Object -ExpandProperty DeviceID":
COM4
COM5
COM6
COM8
COM17
COM3
COM9
COM10
COM11
COM12
COM13
COM16


!ENTRY com.st.stm32cube.ide.mpu.remote.serial 1 1 2026-08-02 00:45:31.246
!MESSAGE port: COM4

!ENTRY com.st.stm32cube.ide.mpu.remote.serial 1 1 2026-08-02 00:45:31.248
!MESSAGE port: COM5

!ENTRY com.st.stm32cube.ide.mpu.remote.serial 1 1 2026-08-02 00:45:31.249
!MESSAGE port: COM6

!ENTRY com.st.stm32cube.ide.mpu.remote.serial 1 1 2026-08-02 00:45:31.250
!MESSAGE port: COM8

!ENTRY com.st.stm32cube.ide.mpu.remote.serial 1 1 2026-08-02 00:45:31.251
!MESSAGE port: COM17

!ENTRY com.st.stm32cube.ide.mpu.remote.serial 1 1 2026-08-02 00:45:31.251
!MESSAGE port: COM3

!ENTRY com.st.stm32cube.ide.mpu.remote.serial 1 1 2026-08-02 00:45:31.252
!MESSAGE port: COM9

!ENTRY com.st.stm32cube.ide.mpu.remote.serial 1 1 2026-08-02 00:45:31.253
!MESSAGE port: COM10

!ENTRY com.st.stm32cube.ide.mpu.remote.serial 1 1 2026-08-02 00:45:31.254
!MESSAGE port: COM11

!ENTRY com.st.stm32cube.ide.mpu.remote.serial 1 1 2026-08-02 00:45:31.255
!MESSAGE port: COM12

!ENTRY com.st.stm32cube.ide.mpu.remote.serial 1 1 2026-08-02 00:45:31.257
!MESSAGE port: COM13

!ENTRY com.st.stm32cube.ide.mpu.remote.serial 1 1 2026-08-02 00:45:31.257
!MESSAGE port: COM16

!ENTRY com.st.stm32cube.ide.mpu.remote.serial 1 1 2026-08-02 00:49:13.082
!MESSAGE Executed PowerShell command powershell.exe -Command "Get-CimInstance -ClassName Win32_SerialPort | Select-Object -ExpandProperty DeviceID":
COM4
COM5
COM6
COM8
COM17
COM3
COM9
COM10
COM11
COM12
COM13
COM16


!ENTRY com.st.stm32cube.ide.mpu.remote.serial 1 1 2026-08-02 00:49:13.085
!MESSAGE port: COM4

!ENTRY com.st.stm32cube.ide.mpu.remote.serial 1 1 2026-08-02 00:49:13.086
!MESSAGE port: COM5

!ENTRY com.st.stm32cube.ide.mpu.remote.serial 1 1 2026-08-02 00:49:13.087
!MESSAGE port: COM6

!ENTRY com.st.stm32cube.ide.mpu.remote.serial 1 1 2026-08-02 00:49:13.088
!MESSAGE port: COM8

!ENTRY com.st.stm32cube.ide.mpu.remote.serial 1 1 2026-08-02 00:49:13.090
!MESSAGE port: COM17

!ENTRY com.st.stm32cube.ide.mpu.remote.serial 1 1 2026-08-02 00:49:13.091
!MESSAGE port: COM3

!ENTRY com.st.stm32cube.ide.mpu.remote.serial 1 1 2026-08-02 00:49:13.092
!MESSAGE port: COM9

!ENTRY com.st.stm32cube.ide.mpu.remote.serial 1 1 2026-08-02 00:49:13.093
!MESSAGE port: COM10

!ENTRY com.st.stm32cube.ide.mpu.remote.serial 1 1 2026-08-02 00:49:13.094
!MESSAGE port: COM11

!ENTRY com.st.stm32cube.ide.mpu.remote.serial 1 1 2026-08-02 00:49:13.096
!MESSAGE port: COM12

!ENTRY com.st.stm32cube.ide.mpu.remote.serial 1 1 2026-08-02 00:49:13.097
!MESSAGE port: COM13

!ENTRY com.st.stm32cube.ide.mpu.remote.serial 1 1 2026-08-02 00:49:13.098
!MESSAGE port: COM16

!ENTRY com.st.stm32cube.ide.mpu.remote.serial 1 1 2026-08-02 00:49:44.867
!MESSAGE Executed PowerShell command powershell.exe -Command "Get-CimInstance -ClassName Win32_SerialPort | Select-Object -ExpandProperty DeviceID":
COM4
COM5
COM6
COM8
COM17
COM3
COM9
COM10
COM11
COM12
COM13
COM16


!ENTRY com.st.stm32cube.ide.mpu.remote.serial 1 1 2026-08-02 00:49:44.868
!MESSAGE port: COM4

!ENTRY com.st.stm32cube.ide.mpu.remote.serial 1 1 2026-08-02 00:49:44.869
!MESSAGE port: COM5

!ENTRY com.st.stm32cube.ide.mpu.remote.serial 1 1 2026-08-02 00:49:44.870
!MESSAGE port: COM6

!ENTRY com.st.stm32cube.ide.mpu.remote.serial 1 1 2026-08-02 00:49:44.871
!MESSAGE port: COM8

!ENTRY com.st.stm32cube.ide.mpu.remote.serial 1 1 2026-08-02 00:49:44.871
!MESSAGE port: COM17

!ENTRY com.st.stm32cube.ide.mpu.remote.serial 1 1 2026-08-02 00:49:44.872
!MESSAGE port: COM3

!ENTRY com.st.stm32cube.ide.mpu.remote.serial 1 1 2026-08-02 00:49:44.872
!MESSAGE port: COM9

!ENTRY com.st.stm32cube.ide.mpu.remote.serial 1 1 2026-08-02 00:49:44.873
!MESSAGE port: COM10

!ENTRY com.st.stm32cube.ide.mpu.remote.serial 1 1 2026-08-02 00:49:44.875
!MESSAGE port: COM11

!ENTRY com.st.stm32cube.ide.mpu.remote.serial 1 1 2026-08-02 00:49:44.875
!MESSAGE port: COM12

!ENTRY com.st.stm32cube.ide.mpu.remote.serial 1 1 2026-08-02 00:49:44.876
!MESSAGE port: COM13

!ENTRY com.st.stm32cube.ide.mpu.remote.serial 1 1 2026-08-02 00:49:44.877
!MESSAGE port: COM16

!ENTRY com.st.stm32cube.ide.mpu.remote.serial 1 1 2026-08-02 00:57:49.743
!MESSAGE Executed PowerShell command powershell.exe -Command "Get-CimInstance -ClassName Win32_SerialPort | Select-Object -ExpandProperty DeviceID":
COM4
COM5
COM6
COM8
COM17
COM3
COM9
COM10
COM11
COM12
COM13
COM16


!ENTRY com.st.stm32cube.ide.mpu.remote.serial 1 1 2026-08-02 00:57:49.750
!MESSAGE port: COM4

!ENTRY com.st.stm32cube.ide.mpu.remote.serial 1 1 2026-08-02 00:57:49.751
!MESSAGE port: COM5

!ENTRY com.st.stm32cube.ide.mpu.remote.serial 1 1 2026-08-02 00:57:49.753
!MESSAGE port: COM6

!ENTRY com.st.stm32cube.ide.mpu.remote.serial 1 1 2026-08-02 00:57:49.753
!MESSAGE port: COM8

!ENTRY com.st.stm32cube.ide.mpu.remote.serial 1 1 2026-08-02 00:57:49.754
!MESSAGE port: COM17

!ENTRY com.st.stm32cube.ide.mpu.remote.serial 1 1 2026-08-02 00:57:49.756
!MESSAGE port: COM3

!ENTRY com.st.stm32cube.ide.mpu.remote.serial 1 1 2026-08-02 00:57:49.757
!MESSAGE port: COM9

!ENTRY com.st.stm32cube.ide.mpu.remote.serial 1 1 2026-08-02 00:57:49.757
!MESSAGE port: COM10

!ENTRY com.st.stm32cube.ide.mpu.remote.serial 1 1 2026-08-02 00:57:49.758
!MESSAGE port: COM11

!ENTRY com.st.stm32cube.ide.mpu.remote.serial 1 1 2026-08-02 00:57:49.758
!MESSAGE port: COM12

!ENTRY com.st.stm32cube.ide.mpu.remote.serial 1 1 2026-08-02 00:57:49.759
!MESSAGE port: COM13

!ENTRY com.st.stm32cube.ide.mpu.remote.serial 1 1 2026-08-02 00:57:49.759
!MESSAGE port: COM16

!ENTRY com.st.stm32cube.ide.mpu.remote.serial 1 1 2026-08-02 00:58:22.236
!MESSAGE Executed PowerShell command powershell.exe -Command "Get-CimInstance -ClassName Win32_SerialPort | Select-Object -ExpandProperty DeviceID":
COM4
COM5
COM6
COM8
COM17
COM3
COM9
COM10
COM11
COM12
COM13
COM16


!ENTRY com.st.stm32cube.ide.mpu.remote.serial 1 1 2026-08-02 00:58:22.238
!MESSAGE port: COM4

!ENTRY com.st.stm32cube.ide.mpu.remote.serial 1 1 2026-08-02 00:58:22.239
!MESSAGE port: COM5

!ENTRY com.st.stm32cube.ide.mpu.remote.serial 1 1 2026-08-02 00:58:22.239
!MESSAGE port: COM6

!ENTRY com.st.stm32cube.ide.mpu.remote.serial 1 1 2026-08-02 00:58:22.240
!MESSAGE port: COM8

!ENTRY com.st.stm32cube.ide.mpu.remote.serial 1 1 2026-08-02 00:58:22.241
!MESSAGE port: COM17

!ENTRY com.st.stm32cube.ide.mpu.remote.serial 1 1 2026-08-02 00:58:22.242
!MESSAGE port: COM3

!ENTRY com.st.stm32cube.ide.mpu.remote.serial 1 1 2026-08-02 00:58:22.242
!MESSAGE port: COM9

!ENTRY com.st.stm32cube.ide.mpu.remote.serial 1 1 2026-08-02 00:58:22.243
!MESSAGE port: COM10

!ENTRY com.st.stm32cube.ide.mpu.remote.serial 1 1 2026-08-02 00:58:22.244
!MESSAGE port: COM11

!ENTRY com.st.stm32cube.ide.mpu.remote.serial 1 1 2026-08-02 00:58:22.245
!MESSAGE port: COM12

!ENTRY com.st.stm32cube.ide.mpu.remote.serial 1 1 2026-08-02 00:58:22.246
!MESSAGE port: COM13

!ENTRY com.st.stm32cube.ide.mpu.remote.serial 1 1 2026-08-02 00:58:22.248
!MESSAGE port: COM16

!ENTRY com.st.stm32cube.ide.mpu.remote.serial 1 1 2026-08-02 01:02:37.769
!MESSAGE Executed PowerShell command powershell.exe -Command "Get-CimInstance -ClassName Win32_SerialPort | Select-Object -ExpandProperty DeviceID":
COM4
COM5
COM6
COM8
COM17
COM3
COM9
COM10
COM11
COM12
COM13
COM16
COM7


!ENTRY com.st.stm32cube.ide.mpu.remote.serial 1 1 2026-08-02 01:02:37.777
!MESSAGE port: COM4

!ENTRY com.st.stm32cube.ide.mpu.remote.serial 1 1 2026-08-02 01:02:37.778
!MESSAGE port: COM5

!ENTRY com.st.stm32cube.ide.mpu.remote.serial 1 1 2026-08-02 01:02:37.779
!MESSAGE port: COM6

!ENTRY com.st.stm32cube.ide.mpu.remote.serial 1 1 2026-08-02 01:02:37.780
!MESSAGE port: COM8

!ENTRY com.st.stm32cube.ide.mpu.remote.serial 1 1 2026-08-02 01:02:37.781
!MESSAGE port: COM17

!ENTRY com.st.stm32cube.ide.mpu.remote.serial 1 1 2026-08-02 01:02:37.781
!MESSAGE port: COM3

!ENTRY com.st.stm32cube.ide.mpu.remote.serial 1 1 2026-08-02 01:02:37.783
!MESSAGE port: COM9

!ENTRY com.st.stm32cube.ide.mpu.remote.serial 1 1 2026-08-02 01:02:37.785
!MESSAGE port: COM10

!ENTRY com.st.stm32cube.ide.mpu.remote.serial 1 1 2026-08-02 01:02:37.787
!MESSAGE port: COM11

!ENTRY com.st.stm32cube.ide.mpu.remote.serial 1 1 2026-08-02 01:02:37.789
!MESSAGE port: COM12

!ENTRY com.st.stm32cube.ide.mpu.remote.serial 1 1 2026-08-02 01:02:37.791
!MESSAGE port: COM13

!ENTRY com.st.stm32cube.ide.mpu.remote.serial 1 1 2026-08-02 01:02:37.792
!MESSAGE port: COM16

!ENTRY com.st.stm32cube.ide.mpu.remote.serial 1 1 2026-08-02 01:02:37.795
!MESSAGE port: COM7

!ENTRY org.eclipse.cdt.ui 4 0 2026-08-02 01:10:13.350
!MESSAGE Error in CDT UI during reconcile
!STACK 1
C Model Exception: C Model Status [Element main.c does not exist.]
	at org.eclipse.cdt.internal.core.model.CElement.newNotPresentException(CElement.java:489)
	at org.eclipse.cdt.internal.core.model.TranslationUnit.makeConsistent(TranslationUnit.java:583)
	at org.eclipse.cdt.internal.core.model.ReconcileWorkingCopyOperation.executeOperation(ReconcileWorkingCopyOperation.java:65)
	at org.eclipse.cdt.internal.core.model.CModelOperation.execute(CModelOperation.java:346)
	at org.eclipse.cdt.internal.core.model.CModelOperation.run(CModelOperation.java:613)
	at org.eclipse.cdt.internal.core.model.CModelOperation.runOperation(CModelOperation.java:641)
	at org.eclipse.cdt.internal.core.model.WorkingCopy.reconcile(WorkingCopy.java:365)
	at org.eclipse.cdt.internal.ui.text.CReconcilingStrategy.reconcile(CReconcilingStrategy.java:79)
	at org.eclipse.cdt.internal.ui.text.CReconcilingStrategy.reconcile(CReconcilingStrategy.java:64)
	at org.eclipse.cdt.internal.ui.text.CompositeReconcilingStrategy.reconcile(CompositeReconcilingStrategy.java:89)
	at org.eclipse.cdt.internal.ui.text.CCompositeReconcilingStrategy.reconcile(CCompositeReconcilingStrategy.java:90)
	at org.eclipse.jface.text.reconciler.MonoReconciler.process(MonoReconciler.java:77)
	at org.eclipse.cdt.internal.ui.text.CReconciler.process(CReconciler.java:346)
	at org.eclipse.jface.text.reconciler.AbstractReconciler$BackgroundWorker.run(AbstractReconciler.java:201)
	at java.base/java.lang.Thread.run(Thread.java:1583)
!SUBENTRY 1 org.eclipse.cdt.core 4 969 2026-08-02 01:10:13.368
!MESSAGE Element main.c does not exist.

!ENTRY com.st.stm32cube.ide.mpu.remote.serial 1 1 2026-08-02 01:17:04.017
!MESSAGE Executed PowerShell command powershell.exe -Command "Get-CimInstance -ClassName Win32_SerialPort | Select-Object -ExpandProperty DeviceID":
COM4
COM5
COM6
COM8
COM17
COM3
COM9
COM10
COM11
COM12
COM13
COM16


!ENTRY com.st.stm32cube.ide.mpu.remote.serial 1 1 2026-08-02 01:17:04.030
!MESSAGE port: COM4

!ENTRY com.st.stm32cube.ide.mpu.remote.serial 1 1 2026-08-02 01:17:04.031
!MESSAGE port: COM5

!ENTRY com.st.stm32cube.ide.mpu.remote.serial 1 1 2026-08-02 01:17:04.032
!MESSAGE port: COM6

!ENTRY com.st.stm32cube.ide.mpu.remote.serial 1 1 2026-08-02 01:17:04.033
!MESSAGE port: COM8

!ENTRY com.st.stm32cube.ide.mpu.remote.serial 1 1 2026-08-02 01:17:04.035
!MESSAGE port: COM17

!ENTRY com.st.stm32cube.ide.mpu.remote.serial 1 1 2026-08-02 01:17:04.035
!MESSAGE port: COM3

!ENTRY com.st.stm32cube.ide.mpu.remote.serial 1 1 2026-08-02 01:17:04.036
!MESSAGE port: COM9

!ENTRY com.st.stm32cube.ide.mpu.remote.serial 1 1 2026-08-02 01:17:04.038
!MESSAGE port: COM10

!ENTRY com.st.stm32cube.ide.mpu.remote.serial 1 1 2026-08-02 01:17:04.039
!MESSAGE port: COM11

!ENTRY com.st.stm32cube.ide.mpu.remote.serial 1 1 2026-08-02 01:17:04.040
!MESSAGE port: COM12

!ENTRY com.st.stm32cube.ide.mpu.remote.serial 1 1 2026-08-02 01:17:04.041
!MESSAGE port: COM13

!ENTRY com.st.stm32cube.ide.mpu.remote.serial 1 1 2026-08-02 01:17:04.041
!MESSAGE port: COM16
!SESSION 2026-08-02 16:36:32.287 -----------------------------------------------
eclipse.buildId=Version 2.2.0
java.version=21.0.10
java.vendor=Eclipse Adoptium
BootLoader constants: OS=win32, ARCH=x86_64, WS=win32, NL=es_AR
Command-line arguments:  -os win32 -ws win32 -arch x86_64

!ENTRY org.eclipse.core.resources 2 10035 2026-08-02 16:37:30.027
!MESSAGE The workspace exited with unsaved changes in the previous session; refreshing workspace to recover changes.

!ENTRY com.st.stm32cube.ide.mcu.informationcenter 1 1 2026-08-02 16:37:41.815
!MESSAGE Log4j2 initialized with config file C:\Users\mechi\OneDrive\FIUBA\2026_1C\TdSEpf\tdse-pf_workspace\.metadata\.log4j2.xml

!ENTRY com.st.stm32cube.ide.mcu.ide 1 1 2026-08-02 16:38:07.290
!MESSAGE Started RMI Server, listening on port 41337

!ENTRY com.st.stm32cube.ide.mpu.remote.serial 1 1 2026-08-02 16:38:39.559
!MESSAGE Executed PowerShell command powershell.exe -Command "Get-CimInstance -ClassName Win32_SerialPort | Select-Object -ExpandProperty DeviceID":
COM4
COM5
COM6
COM8
COM17
COM3
COM9
COM10
COM11
COM12
COM13
COM16


!ENTRY com.st.stm32cube.ide.mpu.remote.serial 1 1 2026-08-02 16:38:39.562
!MESSAGE port: COM4

!ENTRY com.st.stm32cube.ide.mpu.remote.serial 1 1 2026-08-02 16:38:39.564
!MESSAGE port: COM5

!ENTRY com.st.stm32cube.ide.mpu.remote.serial 1 1 2026-08-02 16:38:39.565
!MESSAGE port: COM6

!ENTRY com.st.stm32cube.ide.mpu.remote.serial 1 1 2026-08-02 16:38:39.567
!MESSAGE port: COM8

!ENTRY com.st.stm32cube.ide.mpu.remote.serial 1 1 2026-08-02 16:38:39.571
!MESSAGE port: COM17

!ENTRY com.st.stm32cube.ide.mpu.remote.serial 1 1 2026-08-02 16:38:39.576
!MESSAGE port: COM3

!ENTRY com.st.stm32cube.ide.mpu.remote.serial 1 1 2026-08-02 16:38:39.576
!MESSAGE port: COM9

!ENTRY com.st.stm32cube.ide.mpu.remote.serial 1 1 2026-08-02 16:38:39.576
!MESSAGE port: COM10

!ENTRY com.st.stm32cube.ide.mpu.remote.serial 1 1 2026-08-02 16:38:39.576
!MESSAGE port: COM11

!ENTRY com.st.stm32cube.ide.mpu.remote.serial 1 1 2026-08-02 16:38:39.576
!MESSAGE port: COM12

!ENTRY com.st.stm32cube.ide.mpu.remote.serial 1 1 2026-08-02 16:38:39.584
!MESSAGE port: COM13

!ENTRY com.st.stm32cube.ide.mpu.remote.serial 1 1 2026-08-02 16:38:39.587
!MESSAGE port: COM16

!ENTRY com.st.stm32cube.ide.mpu.remote.serial 1 1 2026-08-02 16:53:32.777
!MESSAGE Executed PowerShell command powershell.exe -Command "Get-CimInstance -ClassName Win32_SerialPort | Select-Object -ExpandProperty DeviceID":
COM4
COM5
COM6
COM8
COM17
COM3
COM9
COM10
COM11
COM12
COM13
COM16
COM7


!ENTRY com.st.stm32cube.ide.mpu.remote.serial 1 1 2026-08-02 16:53:32.780
!MESSAGE port: COM4

!ENTRY com.st.stm32cube.ide.mpu.remote.serial 1 1 2026-08-02 16:53:32.781
!MESSAGE port: COM5

!ENTRY com.st.stm32cube.ide.mpu.remote.serial 1 1 2026-08-02 16:53:32.783
!MESSAGE port: COM6

!ENTRY com.st.stm32cube.ide.mpu.remote.serial 1 1 2026-08-02 16:53:32.784
!MESSAGE port: COM8

!ENTRY com.st.stm32cube.ide.mpu.remote.serial 1 1 2026-08-02 16:53:32.785
!MESSAGE port: COM17

!ENTRY com.st.stm32cube.ide.mpu.remote.serial 1 1 2026-08-02 16:53:32.786
!MESSAGE port: COM3

!ENTRY com.st.stm32cube.ide.mpu.remote.serial 1 1 2026-08-02 16:53:32.788
!MESSAGE port: COM9

!ENTRY com.st.stm32cube.ide.mpu.remote.serial 1 1 2026-08-02 16:53:32.789
!MESSAGE port: COM10

!ENTRY com.st.stm32cube.ide.mpu.remote.serial 1 1 2026-08-02 16:53:32.790
!MESSAGE port: COM11

!ENTRY com.st.stm32cube.ide.mpu.remote.serial 1 1 2026-08-02 16:53:32.791
!MESSAGE port: COM12

!ENTRY com.st.stm32cube.ide.mpu.remote.serial 1 1 2026-08-02 16:53:32.792
!MESSAGE port: COM13

!ENTRY com.st.stm32cube.ide.mpu.remote.serial 1 1 2026-08-02 16:53:32.793
!MESSAGE port: COM16

!ENTRY com.st.stm32cube.ide.mpu.remote.serial 1 1 2026-08-02 16:53:32.794
!MESSAGE port: COM7

!ENTRY com.st.stm32cube.ide.mpu.remote.serial 1 1 2026-08-02 17:05:33.672
!MESSAGE Executed PowerShell command powershell.exe -Command "Get-CimInstance -ClassName Win32_SerialPort | Select-Object -ExpandProperty DeviceID":
COM4
COM5
COM6
COM8
COM17
COM3
COM9
COM10
COM11
COM12
COM13
COM16


!ENTRY com.st.stm32cube.ide.mpu.remote.serial 1 1 2026-08-02 17:05:33.676
!MESSAGE port: COM4

!ENTRY com.st.stm32cube.ide.mpu.remote.serial 1 1 2026-08-02 17:05:33.678
!MESSAGE port: COM5

!ENTRY com.st.stm32cube.ide.mpu.remote.serial 1 1 2026-08-02 17:05:33.680
!MESSAGE port: COM6

!ENTRY com.st.stm32cube.ide.mpu.remote.serial 1 1 2026-08-02 17:05:33.681
!MESSAGE port: COM8

!ENTRY com.st.stm32cube.ide.mpu.remote.serial 1 1 2026-08-02 17:05:33.682
!MESSAGE port: COM17

!ENTRY com.st.stm32cube.ide.mpu.remote.serial 1 1 2026-08-02 17:05:33.683
!MESSAGE port: COM3

!ENTRY com.st.stm32cube.ide.mpu.remote.serial 1 1 2026-08-02 17:05:33.684
!MESSAGE port: COM9

!ENTRY com.st.stm32cube.ide.mpu.remote.serial 1 1 2026-08-02 17:05:33.685
!MESSAGE port: COM10

!ENTRY com.st.stm32cube.ide.mpu.remote.serial 1 1 2026-08-02 17:05:33.687
!MESSAGE port: COM11

!ENTRY com.st.stm32cube.ide.mpu.remote.serial 1 1 2026-08-02 17:05:33.688
!MESSAGE port: COM12

!ENTRY com.st.stm32cube.ide.mpu.remote.serial 1 1 2026-08-02 17:05:33.689
!MESSAGE port: COM13

!ENTRY com.st.stm32cube.ide.mpu.remote.serial 1 1 2026-08-02 17:05:33.690
!MESSAGE port: COM16

!ENTRY com.st.stm32cube.ide.mpu.remote.serial 1 1 2026-08-02 17:13:14.432
!MESSAGE Executed PowerShell command powershell.exe -Command "Get-CimInstance -ClassName Win32_SerialPort | Select-Object -ExpandProperty DeviceID":
COM4
COM5
COM6
COM8
COM17
COM3
COM9
COM10
COM11
COM12
COM13
COM16


!ENTRY com.st.stm32cube.ide.mpu.remote.serial 1 1 2026-08-02 17:13:14.457
!MESSAGE port: COM4

!ENTRY com.st.stm32cube.ide.mpu.remote.serial 1 1 2026-08-02 17:13:14.459
!MESSAGE port: COM5

!ENTRY com.st.stm32cube.ide.mpu.remote.serial 1 1 2026-08-02 17:13:14.459
!MESSAGE port: COM6

!ENTRY com.st.stm32cube.ide.mpu.remote.serial 1 1 2026-08-02 17:13:14.461
!MESSAGE port: COM8

!ENTRY com.st.stm32cube.ide.mpu.remote.serial 1 1 2026-08-02 17:13:14.462
!MESSAGE port: COM17

!ENTRY com.st.stm32cube.ide.mpu.remote.serial 1 1 2026-08-02 17:13:14.463
!MESSAGE port: COM3

!ENTRY com.st.stm32cube.ide.mpu.remote.serial 1 1 2026-08-02 17:13:14.464
!MESSAGE port: COM9

!ENTRY com.st.stm32cube.ide.mpu.remote.serial 1 1 2026-08-02 17:13:14.465
!MESSAGE port: COM10

!ENTRY com.st.stm32cube.ide.mpu.remote.serial 1 1 2026-08-02 17:13:14.467
!MESSAGE port: COM11

!ENTRY com.st.stm32cube.ide.mpu.remote.serial 1 1 2026-08-02 17:13:14.468
!MESSAGE port: COM12

!ENTRY com.st.stm32cube.ide.mpu.remote.serial 1 1 2026-08-02 17:13:14.469
!MESSAGE port: COM13

!ENTRY com.st.stm32cube.ide.mpu.remote.serial 1 1 2026-08-02 17:13:14.470
!MESSAGE port: COM16

!ENTRY com.st.stm32cube.ide.mpu.remote.serial 1 1 2026-08-02 17:13:46.612
!MESSAGE Executed PowerShell command powershell.exe -Command "Get-CimInstance -ClassName Win32_SerialPort | Select-Object -ExpandProperty DeviceID":
COM4
COM5
COM6
COM8
COM17
COM3
COM9
COM10
COM11
COM12
COM13
COM16


!ENTRY com.st.stm32cube.ide.mpu.remote.serial 1 1 2026-08-02 17:13:46.614
!MESSAGE port: COM4

!ENTRY com.st.stm32cube.ide.mpu.remote.serial 1 1 2026-08-02 17:13:46.615
!MESSAGE port: COM5

!ENTRY com.st.stm32cube.ide.mpu.remote.serial 1 1 2026-08-02 17:13:46.619
!MESSAGE port: COM6

!ENTRY com.st.stm32cube.ide.mpu.remote.serial 1 1 2026-08-02 17:13:46.621
!MESSAGE port: COM8

!ENTRY com.st.stm32cube.ide.mpu.remote.serial 1 1 2026-08-02 17:13:46.622
!MESSAGE port: COM17

!ENTRY com.st.stm32cube.ide.mpu.remote.serial 1 1 2026-08-02 17:13:46.623
!MESSAGE port: COM3

!ENTRY com.st.stm32cube.ide.mpu.remote.serial 1 1 2026-08-02 17:13:46.640
!MESSAGE port: COM9

!ENTRY com.st.stm32cube.ide.mpu.remote.serial 1 1 2026-08-02 17:13:46.641
!MESSAGE port: COM10

!ENTRY com.st.stm32cube.ide.mpu.remote.serial 1 1 2026-08-02 17:13:46.642
!MESSAGE port: COM11

!ENTRY com.st.stm32cube.ide.mpu.remote.serial 1 1 2026-08-02 17:13:46.644
!MESSAGE port: COM12

!ENTRY com.st.stm32cube.ide.mpu.remote.serial 1 1 2026-08-02 17:13:46.645
!MESSAGE port: COM13

!ENTRY com.st.stm32cube.ide.mpu.remote.serial 1 1 2026-08-02 17:13:46.646
!MESSAGE port: COM16

!ENTRY com.st.stm32cube.ide.mpu.remote.serial 1 1 2026-08-02 17:36:08.432
!MESSAGE Executed PowerShell command powershell.exe -Command "Get-CimInstance -ClassName Win32_SerialPort | Select-Object -ExpandProperty DeviceID":
COM4
COM5
COM6
COM8
COM17
COM3
COM9
COM10
COM11
COM12
COM13
COM16


!ENTRY com.st.stm32cube.ide.mpu.remote.serial 1 1 2026-08-02 17:36:08.434
!MESSAGE port: COM4

!ENTRY com.st.stm32cube.ide.mpu.remote.serial 1 1 2026-08-02 17:36:08.436
!MESSAGE port: COM5

!ENTRY com.st.stm32cube.ide.mpu.remote.serial 1 1 2026-08-02 17:36:08.437
!MESSAGE port: COM6

!ENTRY com.st.stm32cube.ide.mpu.remote.serial 1 1 2026-08-02 17:36:08.438
!MESSAGE port: COM8

!ENTRY com.st.stm32cube.ide.mpu.remote.serial 1 1 2026-08-02 17:36:08.438
!MESSAGE port: COM17

!ENTRY com.st.stm32cube.ide.mpu.remote.serial 1 1 2026-08-02 17:36:08.440
!MESSAGE port: COM3

!ENTRY com.st.stm32cube.ide.mpu.remote.serial 1 1 2026-08-02 17:36:08.441
!MESSAGE port: COM9

!ENTRY com.st.stm32cube.ide.mpu.remote.serial 1 1 2026-08-02 17:36:08.441
!MESSAGE port: COM10

!ENTRY com.st.stm32cube.ide.mpu.remote.serial 1 1 2026-08-02 17:36:08.442
!MESSAGE port: COM11

!ENTRY com.st.stm32cube.ide.mpu.remote.serial 1 1 2026-08-02 17:36:08.443
!MESSAGE port: COM12

!ENTRY com.st.stm32cube.ide.mpu.remote.serial 1 1 2026-08-02 17:36:08.444
!MESSAGE port: COM13

!ENTRY com.st.stm32cube.ide.mpu.remote.serial 1 1 2026-08-02 17:36:08.446
!MESSAGE port: COM16

!ENTRY com.st.stm32cube.ide.mpu.remote.serial 1 1 2026-08-02 17:36:40.150
!MESSAGE Executed PowerShell command powershell.exe -Command "Get-CimInstance -ClassName Win32_SerialPort | Select-Object -ExpandProperty DeviceID":
COM4
COM5
COM6
COM8
COM17
COM3
COM9
COM10
COM11
COM12
COM13
COM16


!ENTRY com.st.stm32cube.ide.mpu.remote.serial 1 1 2026-08-02 17:36:40.161
!MESSAGE port: COM4

!ENTRY com.st.stm32cube.ide.mpu.remote.serial 1 1 2026-08-02 17:36:40.163
!MESSAGE port: COM5

!ENTRY com.st.stm32cube.ide.mpu.remote.serial 1 1 2026-08-02 17:36:40.164
!MESSAGE port: COM6

!ENTRY com.st.stm32cube.ide.mpu.remote.serial 1 1 2026-08-02 17:36:40.166
!MESSAGE port: COM8

!ENTRY com.st.stm32cube.ide.mpu.remote.serial 1 1 2026-08-02 17:36:40.167
!MESSAGE port: COM17

!ENTRY com.st.stm32cube.ide.mpu.remote.serial 1 1 2026-08-02 17:36:40.167
!MESSAGE port: COM3

!ENTRY com.st.stm32cube.ide.mpu.remote.serial 1 1 2026-08-02 17:36:40.171
!MESSAGE port: COM9

!ENTRY com.st.stm32cube.ide.mpu.remote.serial 1 1 2026-08-02 17:36:40.172
!MESSAGE port: COM10

!ENTRY com.st.stm32cube.ide.mpu.remote.serial 1 1 2026-08-02 17:36:40.176
!MESSAGE port: COM11

!ENTRY com.st.stm32cube.ide.mpu.remote.serial 1 1 2026-08-02 17:36:40.178
!MESSAGE port: COM12

!ENTRY com.st.stm32cube.ide.mpu.remote.serial 1 1 2026-08-02 17:36:40.179
!MESSAGE port: COM13

!ENTRY com.st.stm32cube.ide.mpu.remote.serial 1 1 2026-08-02 17:36:40.181
!MESSAGE port: COM16

!ENTRY com.st.stm32cube.ide.mpu.remote.serial 1 1 2026-08-02 17:38:08.428
!MESSAGE Executed PowerShell command powershell.exe -Command "Get-CimInstance -ClassName Win32_SerialPort | Select-Object -ExpandProperty DeviceID":
COM4
COM5
COM6
COM8
COM17
COM3
COM9
COM10
COM11
COM12
COM13
COM16
COM7


!ENTRY com.st.stm32cube.ide.mpu.remote.serial 1 1 2026-08-02 17:38:08.429
!MESSAGE port: COM4

!ENTRY com.st.stm32cube.ide.mpu.remote.serial 1 1 2026-08-02 17:38:08.430
!MESSAGE port: COM5

!ENTRY com.st.stm32cube.ide.mpu.remote.serial 1 1 2026-08-02 17:38:08.432
!MESSAGE port: COM6

!ENTRY com.st.stm32cube.ide.mpu.remote.serial 1 1 2026-08-02 17:38:08.433
!MESSAGE port: COM8

!ENTRY com.st.stm32cube.ide.mpu.remote.serial 1 1 2026-08-02 17:38:08.434
!MESSAGE port: COM17

!ENTRY com.st.stm32cube.ide.mpu.remote.serial 1 1 2026-08-02 17:38:08.435
!MESSAGE port: COM3

!ENTRY com.st.stm32cube.ide.mpu.remote.serial 1 1 2026-08-02 17:38:08.436
!MESSAGE port: COM9

!ENTRY com.st.stm32cube.ide.mpu.remote.serial 1 1 2026-08-02 17:38:08.437
!MESSAGE port: COM10

!ENTRY com.st.stm32cube.ide.mpu.remote.serial 1 1 2026-08-02 17:38:08.438
!MESSAGE port: COM11

!ENTRY com.st.stm32cube.ide.mpu.remote.serial 1 1 2026-08-02 17:38:08.439
!MESSAGE port: COM12

!ENTRY com.st.stm32cube.ide.mpu.remote.serial 1 1 2026-08-02 17:38:08.439
!MESSAGE port: COM13

!ENTRY com.st.stm32cube.ide.mpu.remote.serial 1 1 2026-08-02 17:38:08.440
!MESSAGE port: COM16

!ENTRY com.st.stm32cube.ide.mpu.remote.serial 1 1 2026-08-02 17:38:08.442
!MESSAGE port: COM7

!ENTRY com.st.stm32cube.ide.mpu.remote.serial 1 1 2026-08-02 17:38:46.708
!MESSAGE Executed PowerShell command powershell.exe -Command "Get-CimInstance -ClassName Win32_SerialPort | Select-Object -ExpandProperty DeviceID":
COM4
COM5
COM6
COM8
COM17
COM3
COM9
COM10
COM11
COM12
COM13
COM16


!ENTRY com.st.stm32cube.ide.mpu.remote.serial 1 1 2026-08-02 17:38:46.709
!MESSAGE port: COM4

!ENTRY com.st.stm32cube.ide.mpu.remote.serial 1 1 2026-08-02 17:38:46.711
!MESSAGE port: COM5

!ENTRY com.st.stm32cube.ide.mpu.remote.serial 1 1 2026-08-02 17:38:46.713
!MESSAGE port: COM6

!ENTRY com.st.stm32cube.ide.mpu.remote.serial 1 1 2026-08-02 17:38:46.714
!MESSAGE port: COM8

!ENTRY com.st.stm32cube.ide.mpu.remote.serial 1 1 2026-08-02 17:38:46.715
!MESSAGE port: COM17

!ENTRY com.st.stm32cube.ide.mpu.remote.serial 1 1 2026-08-02 17:38:46.716
!MESSAGE port: COM3

!ENTRY com.st.stm32cube.ide.mpu.remote.serial 1 1 2026-08-02 17:38:46.718
!MESSAGE port: COM9

!ENTRY com.st.stm32cube.ide.mpu.remote.serial 1 1 2026-08-02 17:38:46.719
!MESSAGE port: COM10

!ENTRY com.st.stm32cube.ide.mpu.remote.serial 1 1 2026-08-02 17:38:46.719
!MESSAGE port: COM11

!ENTRY com.st.stm32cube.ide.mpu.remote.serial 1 1 2026-08-02 17:38:46.721
!MESSAGE port: COM12

!ENTRY com.st.stm32cube.ide.mpu.remote.serial 1 1 2026-08-02 17:38:46.723
!MESSAGE port: COM13

!ENTRY com.st.stm32cube.ide.mpu.remote.serial 1 1 2026-08-02 17:38:46.724
!MESSAGE port: COM16

!ENTRY com.st.stm32cube.ide.mpu.remote.serial 1 1 2026-08-02 17:50:30.576
!MESSAGE Executed PowerShell command powershell.exe -Command "Get-CimInstance -ClassName Win32_SerialPort | Select-Object -ExpandProperty DeviceID":
COM4
COM5
COM6
COM8
COM17
COM3
COM9
COM10
COM11
COM12
COM13
COM16
COM7


!ENTRY com.st.stm32cube.ide.mpu.remote.serial 1 1 2026-08-02 17:50:30.578
!MESSAGE port: COM4

!ENTRY com.st.stm32cube.ide.mpu.remote.serial 1 1 2026-08-02 17:50:30.579
!MESSAGE port: COM5

!ENTRY com.st.stm32cube.ide.mpu.remote.serial 1 1 2026-08-02 17:50:30.580
!MESSAGE port: COM6

!ENTRY com.st.stm32cube.ide.mpu.remote.serial 1 1 2026-08-02 17:50:30.581
!MESSAGE port: COM8

!ENTRY com.st.stm32cube.ide.mpu.remote.serial 1 1 2026-08-02 17:50:30.582
!MESSAGE port: COM17

!ENTRY com.st.stm32cube.ide.mpu.remote.serial 1 1 2026-08-02 17:50:30.583
!MESSAGE port: COM3

!ENTRY com.st.stm32cube.ide.mpu.remote.serial 1 1 2026-08-02 17:50:30.583
!MESSAGE port: COM9

!ENTRY com.st.stm32cube.ide.mpu.remote.serial 1 1 2026-08-02 17:50:30.584
!MESSAGE port: COM10

!ENTRY com.st.stm32cube.ide.mpu.remote.serial 1 1 2026-08-02 17:50:30.586
!MESSAGE port: COM11

!ENTRY com.st.stm32cube.ide.mpu.remote.serial 1 1 2026-08-02 17:50:30.587
!MESSAGE port: COM12

!ENTRY com.st.stm32cube.ide.mpu.remote.serial 1 1 2026-08-02 17:50:30.587
!MESSAGE port: COM13

!ENTRY com.st.stm32cube.ide.mpu.remote.serial 1 1 2026-08-02 17:50:30.588
!MESSAGE port: COM16

!ENTRY com.st.stm32cube.ide.mpu.remote.serial 1 1 2026-08-02 17:50:30.589
!MESSAGE port: COM7

!ENTRY com.st.stm32cube.ide.mpu.remote.serial 1 1 2026-08-02 17:51:07.543
!MESSAGE Executed PowerShell command powershell.exe -Command "Get-CimInstance -ClassName Win32_SerialPort | Select-Object -ExpandProperty DeviceID":
COM4
COM5
COM6
COM8
COM17
COM3
COM9
COM10
COM11
COM12
COM13
COM16


!ENTRY com.st.stm32cube.ide.mpu.remote.serial 1 1 2026-08-02 17:51:07.545
!MESSAGE port: COM4

!ENTRY com.st.stm32cube.ide.mpu.remote.serial 1 1 2026-08-02 17:51:07.547
!MESSAGE port: COM5

!ENTRY com.st.stm32cube.ide.mpu.remote.serial 1 1 2026-08-02 17:51:07.550
!MESSAGE port: COM6

!ENTRY com.st.stm32cube.ide.mpu.remote.serial 1 1 2026-08-02 17:51:07.554
!MESSAGE port: COM8

!ENTRY com.st.stm32cube.ide.mpu.remote.serial 1 1 2026-08-02 17:51:07.555
!MESSAGE port: COM17

!ENTRY com.st.stm32cube.ide.mpu.remote.serial 1 1 2026-08-02 17:51:07.557
!MESSAGE port: COM3

!ENTRY com.st.stm32cube.ide.mpu.remote.serial 1 1 2026-08-02 17:51:07.558
!MESSAGE port: COM9

!ENTRY com.st.stm32cube.ide.mpu.remote.serial 1 1 2026-08-02 17:51:07.561
!MESSAGE port: COM10

!ENTRY com.st.stm32cube.ide.mpu.remote.serial 1 1 2026-08-02 17:51:07.563
!MESSAGE port: COM11

!ENTRY com.st.stm32cube.ide.mpu.remote.serial 1 1 2026-08-02 17:51:07.564
!MESSAGE port: COM12

!ENTRY com.st.stm32cube.ide.mpu.remote.serial 1 1 2026-08-02 17:51:07.565
!MESSAGE port: COM13

!ENTRY com.st.stm32cube.ide.mpu.remote.serial 1 1 2026-08-02 17:51:07.566
!MESSAGE port: COM16

!ENTRY com.st.stm32cube.ide.mpu.remote.serial 1 1 2026-08-02 17:53:06.187
!MESSAGE Executed PowerShell command powershell.exe -Command "Get-CimInstance -ClassName Win32_SerialPort | Select-Object -ExpandProperty DeviceID":
COM4
COM5
COM6
COM8
COM17
COM3
COM9
COM10
COM11
COM12
COM13
COM16


!ENTRY com.st.stm32cube.ide.mpu.remote.serial 1 1 2026-08-02 17:53:06.191
!MESSAGE port: COM4

!ENTRY com.st.stm32cube.ide.mpu.remote.serial 1 1 2026-08-02 17:53:06.192
!MESSAGE port: COM5

!ENTRY com.st.stm32cube.ide.mpu.remote.serial 1 1 2026-08-02 17:53:06.192
!MESSAGE port: COM6

!ENTRY com.st.stm32cube.ide.mpu.remote.serial 1 1 2026-08-02 17:53:06.193
!MESSAGE port: COM8

!ENTRY com.st.stm32cube.ide.mpu.remote.serial 1 1 2026-08-02 17:53:06.194
!MESSAGE port: COM17

!ENTRY com.st.stm32cube.ide.mpu.remote.serial 1 1 2026-08-02 17:53:06.194
!MESSAGE port: COM3

!ENTRY com.st.stm32cube.ide.mpu.remote.serial 1 1 2026-08-02 17:53:06.196
!MESSAGE port: COM9

!ENTRY com.st.stm32cube.ide.mpu.remote.serial 1 1 2026-08-02 17:53:06.197
!MESSAGE port: COM10

!ENTRY com.st.stm32cube.ide.mpu.remote.serial 1 1 2026-08-02 17:53:06.198
!MESSAGE port: COM11

!ENTRY com.st.stm32cube.ide.mpu.remote.serial 1 1 2026-08-02 17:53:06.199
!MESSAGE port: COM12

!ENTRY com.st.stm32cube.ide.mpu.remote.serial 1 1 2026-08-02 17:53:06.200
!MESSAGE port: COM13

!ENTRY com.st.stm32cube.ide.mpu.remote.serial 1 1 2026-08-02 17:53:06.201
!MESSAGE port: COM16

!ENTRY com.st.stm32cube.ide.mpu.remote.serial 1 1 2026-08-02 17:53:37.726
!MESSAGE Executed PowerShell command powershell.exe -Command "Get-CimInstance -ClassName Win32_SerialPort | Select-Object -ExpandProperty DeviceID":
COM4
COM5
COM6
COM8
COM17
COM3
COM9
COM10
COM11
COM12
COM13
COM16


!ENTRY com.st.stm32cube.ide.mpu.remote.serial 1 1 2026-08-02 17:53:37.727
!MESSAGE port: COM4

!ENTRY com.st.stm32cube.ide.mpu.remote.serial 1 1 2026-08-02 17:53:37.729
!MESSAGE port: COM5

!ENTRY com.st.stm32cube.ide.mpu.remote.serial 1 1 2026-08-02 17:53:37.733
!MESSAGE port: COM6

!ENTRY com.st.stm32cube.ide.mpu.remote.serial 1 1 2026-08-02 17:53:37.735
!MESSAGE port: COM8

!ENTRY com.st.stm32cube.ide.mpu.remote.serial 1 1 2026-08-02 17:53:37.736
!MESSAGE port: COM17

!ENTRY com.st.stm32cube.ide.mpu.remote.serial 1 1 2026-08-02 17:53:37.737
!MESSAGE port: COM3

!ENTRY com.st.stm32cube.ide.mpu.remote.serial 1 1 2026-08-02 17:53:37.738
!MESSAGE port: COM9

!ENTRY com.st.stm32cube.ide.mpu.remote.serial 1 1 2026-08-02 17:53:37.739
!MESSAGE port: COM10

!ENTRY com.st.stm32cube.ide.mpu.remote.serial 1 1 2026-08-02 17:53:37.740
!MESSAGE port: COM11

!ENTRY com.st.stm32cube.ide.mpu.remote.serial 1 1 2026-08-02 17:53:37.742
!MESSAGE port: COM12

!ENTRY com.st.stm32cube.ide.mpu.remote.serial 1 1 2026-08-02 17:53:37.744
!MESSAGE port: COM13

!ENTRY com.st.stm32cube.ide.mpu.remote.serial 1 1 2026-08-02 17:53:37.745
!MESSAGE port: COM16

!ENTRY com.st.stm32cube.ide.mpu.remote.serial 1 1 2026-08-02 17:55:20.628
!MESSAGE Executed PowerShell command powershell.exe -Command "Get-CimInstance -ClassName Win32_SerialPort | Select-Object -ExpandProperty DeviceID":
COM4
COM5
COM6
COM8
COM17
COM3
COM9
COM10
COM11
COM12
COM13
COM16
COM7


!ENTRY com.st.stm32cube.ide.mpu.remote.serial 1 1 2026-08-02 17:55:20.631
!MESSAGE port: COM4

!ENTRY com.st.stm32cube.ide.mpu.remote.serial 1 1 2026-08-02 17:55:20.632
!MESSAGE port: COM5

!ENTRY com.st.stm32cube.ide.mpu.remote.serial 1 1 2026-08-02 17:55:20.633
!MESSAGE port: COM6

!ENTRY com.st.stm32cube.ide.mpu.remote.serial 1 1 2026-08-02 17:55:20.633
!MESSAGE port: COM8

!ENTRY com.st.stm32cube.ide.mpu.remote.serial 1 1 2026-08-02 17:55:20.634
!MESSAGE port: COM17

!ENTRY com.st.stm32cube.ide.mpu.remote.serial 1 1 2026-08-02 17:55:20.634
!MESSAGE port: COM3

!ENTRY com.st.stm32cube.ide.mpu.remote.serial 1 1 2026-08-02 17:55:20.635
!MESSAGE port: COM9

!ENTRY com.st.stm32cube.ide.mpu.remote.serial 1 1 2026-08-02 17:55:20.635
!MESSAGE port: COM10

!ENTRY com.st.stm32cube.ide.mpu.remote.serial 1 1 2026-08-02 17:55:20.636
!MESSAGE port: COM11

!ENTRY com.st.stm32cube.ide.mpu.remote.serial 1 1 2026-08-02 17:55:20.638
!MESSAGE port: COM12

!ENTRY com.st.stm32cube.ide.mpu.remote.serial 1 1 2026-08-02 17:55:20.638
!MESSAGE port: COM13

!ENTRY com.st.stm32cube.ide.mpu.remote.serial 1 1 2026-08-02 17:55:20.639
!MESSAGE port: COM16

!ENTRY com.st.stm32cube.ide.mpu.remote.serial 1 1 2026-08-02 17:55:20.639
!MESSAGE port: COM7

!ENTRY com.st.stm32cube.ide.mpu.remote.serial 1 1 2026-08-02 17:56:02.328
!MESSAGE Executed PowerShell command powershell.exe -Command "Get-CimInstance -ClassName Win32_SerialPort | Select-Object -ExpandProperty DeviceID":
COM4
COM5
COM6
COM8
COM17
COM3
COM9
COM10
COM11
COM12
COM13
COM16


!ENTRY com.st.stm32cube.ide.mpu.remote.serial 1 1 2026-08-02 17:56:02.331
!MESSAGE port: COM4

!ENTRY com.st.stm32cube.ide.mpu.remote.serial 1 1 2026-08-02 17:56:02.333
!MESSAGE port: COM5

!ENTRY com.st.stm32cube.ide.mpu.remote.serial 1 1 2026-08-02 17:56:02.334
!MESSAGE port: COM6

!ENTRY com.st.stm32cube.ide.mpu.remote.serial 1 1 2026-08-02 17:56:02.337
!MESSAGE port: COM8

!ENTRY com.st.stm32cube.ide.mpu.remote.serial 1 1 2026-08-02 17:56:02.338
!MESSAGE port: COM17

!ENTRY com.st.stm32cube.ide.mpu.remote.serial 1 1 2026-08-02 17:56:02.340
!MESSAGE port: COM3

!ENTRY com.st.stm32cube.ide.mpu.remote.serial 1 1 2026-08-02 17:56:02.342
!MESSAGE port: COM9

!ENTRY com.st.stm32cube.ide.mpu.remote.serial 1 1 2026-08-02 17:56:02.343
!MESSAGE port: COM10

!ENTRY com.st.stm32cube.ide.mpu.remote.serial 1 1 2026-08-02 17:56:02.344
!MESSAGE port: COM11

!ENTRY com.st.stm32cube.ide.mpu.remote.serial 1 1 2026-08-02 17:56:02.346
!MESSAGE port: COM12

!ENTRY com.st.stm32cube.ide.mpu.remote.serial 1 1 2026-08-02 17:56:02.347
!MESSAGE port: COM13

!ENTRY com.st.stm32cube.ide.mpu.remote.serial 1 1 2026-08-02 17:56:02.348
!MESSAGE port: COM16

!ENTRY com.st.stm32cube.ide.mpu.remote.serial 1 1 2026-08-02 17:57:33.403
!MESSAGE Executed PowerShell command powershell.exe -Command "Get-CimInstance -ClassName Win32_SerialPort | Select-Object -ExpandProperty DeviceID":
COM4
COM5
COM6
COM8
COM17
COM3
COM9
COM10
COM11
COM12
COM13
COM16
COM7


!ENTRY com.st.stm32cube.ide.mpu.remote.serial 1 1 2026-08-02 17:57:33.405
!MESSAGE port: COM4

!ENTRY com.st.stm32cube.ide.mpu.remote.serial 1 1 2026-08-02 17:57:33.406
!MESSAGE port: COM5

!ENTRY com.st.stm32cube.ide.mpu.remote.serial 1 1 2026-08-02 17:57:33.407
!MESSAGE port: COM6

!ENTRY com.st.stm32cube.ide.mpu.remote.serial 1 1 2026-08-02 17:57:33.410
!MESSAGE port: COM8

!ENTRY com.st.stm32cube.ide.mpu.remote.serial 1 1 2026-08-02 17:57:33.412
!MESSAGE port: COM17

!ENTRY com.st.stm32cube.ide.mpu.remote.serial 1 1 2026-08-02 17:57:33.413
!MESSAGE port: COM3

!ENTRY com.st.stm32cube.ide.mpu.remote.serial 1 1 2026-08-02 17:57:33.414
!MESSAGE port: COM9

!ENTRY com.st.stm32cube.ide.mpu.remote.serial 1 1 2026-08-02 17:57:33.416
!MESSAGE port: COM10

!ENTRY com.st.stm32cube.ide.mpu.remote.serial 1 1 2026-08-02 17:57:33.417
!MESSAGE port: COM11

!ENTRY com.st.stm32cube.ide.mpu.remote.serial 1 1 2026-08-02 17:57:33.417
!MESSAGE port: COM12

!ENTRY com.st.stm32cube.ide.mpu.remote.serial 1 1 2026-08-02 17:57:33.419
!MESSAGE port: COM13

!ENTRY com.st.stm32cube.ide.mpu.remote.serial 1 1 2026-08-02 17:57:33.420
!MESSAGE port: COM16

!ENTRY com.st.stm32cube.ide.mpu.remote.serial 1 1 2026-08-02 17:57:33.421
!MESSAGE port: COM7

!ENTRY com.st.stm32cube.ide.mpu.remote.serial 1 1 2026-08-02 17:58:10.228
!MESSAGE Executed PowerShell command powershell.exe -Command "Get-CimInstance -ClassName Win32_SerialPort | Select-Object -ExpandProperty DeviceID":
COM4
COM5
COM6
COM8
COM17
COM3
COM9
COM10
COM11
COM12
COM13
COM16


!ENTRY com.st.stm32cube.ide.mpu.remote.serial 1 1 2026-08-02 17:58:10.230
!MESSAGE port: COM4

!ENTRY com.st.stm32cube.ide.mpu.remote.serial 1 1 2026-08-02 17:58:10.231
!MESSAGE port: COM5

!ENTRY com.st.stm32cube.ide.mpu.remote.serial 1 1 2026-08-02 17:58:10.232
!MESSAGE port: COM6

!ENTRY com.st.stm32cube.ide.mpu.remote.serial 1 1 2026-08-02 17:58:10.233
!MESSAGE port: COM8

!ENTRY com.st.stm32cube.ide.mpu.remote.serial 1 1 2026-08-02 17:58:10.235
!MESSAGE port: COM17

!ENTRY com.st.stm32cube.ide.mpu.remote.serial 1 1 2026-08-02 17:58:10.236
!MESSAGE port: COM3

!ENTRY com.st.stm32cube.ide.mpu.remote.serial 1 1 2026-08-02 17:58:10.237
!MESSAGE port: COM9

!ENTRY com.st.stm32cube.ide.mpu.remote.serial 1 1 2026-08-02 17:58:10.239
!MESSAGE port: COM10

!ENTRY com.st.stm32cube.ide.mpu.remote.serial 1 1 2026-08-02 17:58:10.239
!MESSAGE port: COM11

!ENTRY com.st.stm32cube.ide.mpu.remote.serial 1 1 2026-08-02 17:58:10.241
!MESSAGE port: COM12

!ENTRY com.st.stm32cube.ide.mpu.remote.serial 1 1 2026-08-02 17:58:10.242
!MESSAGE port: COM13

!ENTRY com.st.stm32cube.ide.mpu.remote.serial 1 1 2026-08-02 17:58:10.243
!MESSAGE port: COM16

!ENTRY com.st.stm32cube.ide.mpu.remote.serial 1 1 2026-08-02 18:12:16.472
!MESSAGE Executed PowerShell command powershell.exe -Command "Get-CimInstance -ClassName Win32_SerialPort | Select-Object -ExpandProperty DeviceID":
COM4
COM5
COM6
COM8
COM17
COM3
COM9
COM10
COM11
COM12
COM13
COM16
COM7


!ENTRY com.st.stm32cube.ide.mpu.remote.serial 1 1 2026-08-02 18:12:16.478
!MESSAGE port: COM4

!ENTRY com.st.stm32cube.ide.mpu.remote.serial 1 1 2026-08-02 18:12:16.480
!MESSAGE port: COM5

!ENTRY com.st.stm32cube.ide.mpu.remote.serial 1 1 2026-08-02 18:12:16.483
!MESSAGE port: COM6

!ENTRY com.st.stm32cube.ide.mpu.remote.serial 1 1 2026-08-02 18:12:16.486
!MESSAGE port: COM8

!ENTRY com.st.stm32cube.ide.mpu.remote.serial 1 1 2026-08-02 18:12:16.488
!MESSAGE port: COM17

!ENTRY com.st.stm32cube.ide.mpu.remote.serial 1 1 2026-08-02 18:12:16.491
!MESSAGE port: COM3

!ENTRY com.st.stm32cube.ide.mpu.remote.serial 1 1 2026-08-02 18:12:16.493
!MESSAGE port: COM9

!ENTRY com.st.stm32cube.ide.mpu.remote.serial 1 1 2026-08-02 18:12:16.495
!MESSAGE port: COM10

!ENTRY com.st.stm32cube.ide.mpu.remote.serial 1 1 2026-08-02 18:12:16.498
!MESSAGE port: COM11

!ENTRY com.st.stm32cube.ide.mpu.remote.serial 1 1 2026-08-02 18:12:16.500
!MESSAGE port: COM12

!ENTRY com.st.stm32cube.ide.mpu.remote.serial 1 1 2026-08-02 18:12:16.502
!MESSAGE port: COM13

!ENTRY com.st.stm32cube.ide.mpu.remote.serial 1 1 2026-08-02 18:12:16.505
!MESSAGE port: COM16

!ENTRY com.st.stm32cube.ide.mpu.remote.serial 1 1 2026-08-02 18:12:16.507
!MESSAGE port: COM7

!ENTRY com.st.stm32cube.ide.mpu.remote.serial 1 1 2026-08-02 18:12:58.367
!MESSAGE Executed PowerShell command powershell.exe -Command "Get-CimInstance -ClassName Win32_SerialPort | Select-Object -ExpandProperty DeviceID":
COM4
COM5
COM6
COM8
COM17
COM3
COM9
COM10
COM11
COM12
COM13
COM16


!ENTRY com.st.stm32cube.ide.mpu.remote.serial 1 1 2026-08-02 18:12:58.370
!MESSAGE port: COM4

!ENTRY com.st.stm32cube.ide.mpu.remote.serial 1 1 2026-08-02 18:12:58.371
!MESSAGE port: COM5

!ENTRY com.st.stm32cube.ide.mpu.remote.serial 1 1 2026-08-02 18:12:58.373
!MESSAGE port: COM6

!ENTRY com.st.stm32cube.ide.mpu.remote.serial 1 1 2026-08-02 18:12:58.374
!MESSAGE port: COM8

!ENTRY com.st.stm32cube.ide.mpu.remote.serial 1 1 2026-08-02 18:12:58.377
!MESSAGE port: COM17

!ENTRY com.st.stm32cube.ide.mpu.remote.serial 1 1 2026-08-02 18:12:58.379
!MESSAGE port: COM3

!ENTRY com.st.stm32cube.ide.mpu.remote.serial 1 1 2026-08-02 18:12:58.380
!MESSAGE port: COM9

!ENTRY com.st.stm32cube.ide.mpu.remote.serial 1 1 2026-08-02 18:12:58.381
!MESSAGE port: COM10

!ENTRY com.st.stm32cube.ide.mpu.remote.serial 1 1 2026-08-02 18:12:58.384
!MESSAGE port: COM11

!ENTRY com.st.stm32cube.ide.mpu.remote.serial 1 1 2026-08-02 18:12:58.386
!MESSAGE port: COM12

!ENTRY com.st.stm32cube.ide.mpu.remote.serial 1 1 2026-08-02 18:12:58.388
!MESSAGE port: COM13

!ENTRY com.st.stm32cube.ide.mpu.remote.serial 1 1 2026-08-02 18:12:58.392
!MESSAGE port: COM16

!ENTRY com.st.stm32cube.ide.mpu.remote.serial 1 1 2026-08-02 18:20:50.193
!MESSAGE Executed PowerShell command powershell.exe -Command "Get-CimInstance -ClassName Win32_SerialPort | Select-Object -ExpandProperty DeviceID":
COM4
COM5
COM6
COM8
COM17
COM3
COM9
COM10
COM11
COM12
COM13
COM16


!ENTRY com.st.stm32cube.ide.mpu.remote.serial 1 1 2026-08-02 18:20:50.202
!MESSAGE port: COM4

!ENTRY com.st.stm32cube.ide.mpu.remote.serial 1 1 2026-08-02 18:20:50.204
!MESSAGE port: COM5

!ENTRY com.st.stm32cube.ide.mpu.remote.serial 1 1 2026-08-02 18:20:50.206
!MESSAGE port: COM6

!ENTRY com.st.stm32cube.ide.mpu.remote.serial 1 1 2026-08-02 18:20:50.207
!MESSAGE port: COM8

!ENTRY com.st.stm32cube.ide.mpu.remote.serial 1 1 2026-08-02 18:20:50.208
!MESSAGE port: COM17

!ENTRY com.st.stm32cube.ide.mpu.remote.serial 1 1 2026-08-02 18:20:50.210
!MESSAGE port: COM3

!ENTRY com.st.stm32cube.ide.mpu.remote.serial 1 1 2026-08-02 18:20:50.211
!MESSAGE port: COM9

!ENTRY com.st.stm32cube.ide.mpu.remote.serial 1 1 2026-08-02 18:20:50.213
!MESSAGE port: COM10

!ENTRY com.st.stm32cube.ide.mpu.remote.serial 1 1 2026-08-02 18:20:50.215
!MESSAGE port: COM11

!ENTRY com.st.stm32cube.ide.mpu.remote.serial 1 1 2026-08-02 18:20:50.217
!MESSAGE port: COM12

!ENTRY com.st.stm32cube.ide.mpu.remote.serial 1 1 2026-08-02 18:20:50.219
!MESSAGE port: COM13

!ENTRY com.st.stm32cube.ide.mpu.remote.serial 1 1 2026-08-02 18:20:50.220
!MESSAGE port: COM16

!ENTRY com.st.stm32cube.ide.mpu.remote.serial 1 1 2026-08-02 18:21:22.304
!MESSAGE Executed PowerShell command powershell.exe -Command "Get-CimInstance -ClassName Win32_SerialPort | Select-Object -ExpandProperty DeviceID":
COM4
COM5
COM6
COM8
COM17
COM3
COM9
COM10
COM11
COM12
COM13
COM16


!ENTRY com.st.stm32cube.ide.mpu.remote.serial 1 1 2026-08-02 18:21:22.306
!MESSAGE port: COM4

!ENTRY com.st.stm32cube.ide.mpu.remote.serial 1 1 2026-08-02 18:21:22.308
!MESSAGE port: COM5

!ENTRY com.st.stm32cube.ide.mpu.remote.serial 1 1 2026-08-02 18:21:22.310
!MESSAGE port: COM6

!ENTRY com.st.stm32cube.ide.mpu.remote.serial 1 1 2026-08-02 18:21:22.312
!MESSAGE port: COM8

!ENTRY com.st.stm32cube.ide.mpu.remote.serial 1 1 2026-08-02 18:21:22.314
!MESSAGE port: COM17

!ENTRY com.st.stm32cube.ide.mpu.remote.serial 1 1 2026-08-02 18:21:22.316
!MESSAGE port: COM3

!ENTRY com.st.stm32cube.ide.mpu.remote.serial 1 1 2026-08-02 18:21:22.317
!MESSAGE port: COM9

!ENTRY com.st.stm32cube.ide.mpu.remote.serial 1 1 2026-08-02 18:21:22.320
!MESSAGE port: COM10

!ENTRY com.st.stm32cube.ide.mpu.remote.serial 1 1 2026-08-02 18:21:22.322
!MESSAGE port: COM11

!ENTRY com.st.stm32cube.ide.mpu.remote.serial 1 1 2026-08-02 18:21:22.323
!MESSAGE port: COM12

!ENTRY com.st.stm32cube.ide.mpu.remote.serial 1 1 2026-08-02 18:21:22.324
!MESSAGE port: COM13

!ENTRY com.st.stm32cube.ide.mpu.remote.serial 1 1 2026-08-02 18:21:22.326
!MESSAGE port: COM16

!ENTRY com.st.stm32cube.ide.mpu.remote.serial 1 1 2026-08-02 18:35:24.373
!MESSAGE Executed PowerShell command powershell.exe -Command "Get-CimInstance -ClassName Win32_SerialPort | Select-Object -ExpandProperty DeviceID":
COM4
COM5
COM6
COM8
COM17
COM3
COM9
COM10
COM11
COM12
COM13
COM16
COM7


!ENTRY com.st.stm32cube.ide.mpu.remote.serial 1 1 2026-08-02 18:35:24.381
!MESSAGE port: COM4

!ENTRY com.st.stm32cube.ide.mpu.remote.serial 1 1 2026-08-02 18:35:24.384
!MESSAGE port: COM5

!ENTRY com.st.stm32cube.ide.mpu.remote.serial 1 1 2026-08-02 18:35:24.387
!MESSAGE port: COM6

!ENTRY com.st.stm32cube.ide.mpu.remote.serial 1 1 2026-08-02 18:35:24.389
!MESSAGE port: COM8

!ENTRY com.st.stm32cube.ide.mpu.remote.serial 1 1 2026-08-02 18:35:24.390
!MESSAGE port: COM17

!ENTRY com.st.stm32cube.ide.mpu.remote.serial 1 1 2026-08-02 18:35:24.393
!MESSAGE port: COM3

!ENTRY com.st.stm32cube.ide.mpu.remote.serial 1 1 2026-08-02 18:35:24.394
!MESSAGE port: COM9

!ENTRY com.st.stm32cube.ide.mpu.remote.serial 1 1 2026-08-02 18:35:24.396
!MESSAGE port: COM10

!ENTRY com.st.stm32cube.ide.mpu.remote.serial 1 1 2026-08-02 18:35:24.398
!MESSAGE port: COM11

!ENTRY com.st.stm32cube.ide.mpu.remote.serial 1 1 2026-08-02 18:35:24.402
!MESSAGE port: COM12

!ENTRY com.st.stm32cube.ide.mpu.remote.serial 1 1 2026-08-02 18:35:24.404
!MESSAGE port: COM13

!ENTRY com.st.stm32cube.ide.mpu.remote.serial 1 1 2026-08-02 18:35:24.407
!MESSAGE port: COM16

!ENTRY com.st.stm32cube.ide.mpu.remote.serial 1 1 2026-08-02 18:35:24.409
!MESSAGE port: COM7

!ENTRY com.st.stm32cube.ide.mcu.debug 4 0 2026-08-02 18:35:53.655
!MESSAGE Error - No active DSF-Session. tmpSessionId = 15 (contextManager row 121)

!ENTRY com.st.stm32cube.ide.mcu.debug 4 0 2026-08-02 18:35:53.657
!MESSAGE Existing sessions are:

!ENTRY com.st.stm32cube.ide.mcu.debug 4 0 2026-08-02 18:35:53.661
!MESSAGE Error - No active DSF-Session. tmpSessionId = 15 (contextManager row 121)

!ENTRY com.st.stm32cube.ide.mcu.debug 4 0 2026-08-02 18:35:53.662
!MESSAGE Existing sessions are:

!ENTRY com.st.stm32cube.ide.mpu.remote.serial 1 1 2026-08-02 18:36:44.921
!MESSAGE Executed PowerShell command powershell.exe -Command "Get-CimInstance -ClassName Win32_SerialPort | Select-Object -ExpandProperty DeviceID":
COM4
COM5
COM6
COM8
COM17
COM3
COM9
COM10
COM11
COM12
COM13
COM16


!ENTRY com.st.stm32cube.ide.mpu.remote.serial 1 1 2026-08-02 18:36:44.923
!MESSAGE port: COM4

!ENTRY com.st.stm32cube.ide.mpu.remote.serial 1 1 2026-08-02 18:36:44.925
!MESSAGE port: COM5

!ENTRY com.st.stm32cube.ide.mpu.remote.serial 1 1 2026-08-02 18:36:44.927
!MESSAGE port: COM6

!ENTRY com.st.stm32cube.ide.mpu.remote.serial 1 1 2026-08-02 18:36:44.929
!MESSAGE port: COM8

!ENTRY com.st.stm32cube.ide.mpu.remote.serial 1 1 2026-08-02 18:36:44.931
!MESSAGE port: COM17

!ENTRY com.st.stm32cube.ide.mpu.remote.serial 1 1 2026-08-02 18:36:44.933
!MESSAGE port: COM3

!ENTRY com.st.stm32cube.ide.mpu.remote.serial 1 1 2026-08-02 18:36:44.935
!MESSAGE port: COM9

!ENTRY com.st.stm32cube.ide.mpu.remote.serial 1 1 2026-08-02 18:36:44.937
!MESSAGE port: COM10

!ENTRY com.st.stm32cube.ide.mpu.remote.serial 1 1 2026-08-02 18:36:44.939
!MESSAGE port: COM11

!ENTRY com.st.stm32cube.ide.mpu.remote.serial 1 1 2026-08-02 18:36:44.941
!MESSAGE port: COM12

!ENTRY com.st.stm32cube.ide.mpu.remote.serial 1 1 2026-08-02 18:36:44.943
!MESSAGE port: COM13

!ENTRY com.st.stm32cube.ide.mpu.remote.serial 1 1 2026-08-02 18:36:44.946
!MESSAGE port: COM16

!ENTRY com.st.stm32cube.ide.mpu.remote.serial 1 1 2026-08-02 18:39:21.967
!MESSAGE Executed PowerShell command powershell.exe -Command "Get-CimInstance -ClassName Win32_SerialPort | Select-Object -ExpandProperty DeviceID":
COM4
COM5
COM6
COM8
COM17
COM3
COM9
COM10
COM11
COM12
COM13
COM16
COM7


!ENTRY com.st.stm32cube.ide.mpu.remote.serial 1 1 2026-08-02 18:39:21.973
!MESSAGE port: COM4

!ENTRY com.st.stm32cube.ide.mpu.remote.serial 1 1 2026-08-02 18:39:21.974
!MESSAGE port: COM5

!ENTRY com.st.stm32cube.ide.mpu.remote.serial 1 1 2026-08-02 18:39:21.975
!MESSAGE port: COM6

!ENTRY com.st.stm32cube.ide.mpu.remote.serial 1 1 2026-08-02 18:39:21.977
!MESSAGE port: COM8

!ENTRY com.st.stm32cube.ide.mpu.remote.serial 1 1 2026-08-02 18:39:21.979
!MESSAGE port: COM17

!ENTRY com.st.stm32cube.ide.mpu.remote.serial 1 1 2026-08-02 18:39:21.980
!MESSAGE port: COM3

!ENTRY com.st.stm32cube.ide.mpu.remote.serial 1 1 2026-08-02 18:39:21.982
!MESSAGE port: COM9

!ENTRY com.st.stm32cube.ide.mpu.remote.serial 1 1 2026-08-02 18:39:21.983
!MESSAGE port: COM10

!ENTRY com.st.stm32cube.ide.mpu.remote.serial 1 1 2026-08-02 18:39:21.985
!MESSAGE port: COM11

!ENTRY com.st.stm32cube.ide.mpu.remote.serial 1 1 2026-08-02 18:39:21.987
!MESSAGE port: COM12

!ENTRY com.st.stm32cube.ide.mpu.remote.serial 1 1 2026-08-02 18:39:21.988
!MESSAGE port: COM13

!ENTRY com.st.stm32cube.ide.mpu.remote.serial 1 1 2026-08-02 18:39:21.990
!MESSAGE port: COM16

!ENTRY com.st.stm32cube.ide.mpu.remote.serial 1 1 2026-08-02 18:39:21.992
!MESSAGE port: COM7

!ENTRY com.st.stm32cube.ide.mpu.remote.serial 1 1 2026-08-02 18:40:02.150
!MESSAGE Executed PowerShell command powershell.exe -Command "Get-CimInstance -ClassName Win32_SerialPort | Select-Object -ExpandProperty DeviceID":
COM4
COM5
COM6
COM8
COM17
COM3
COM9
COM10
COM11
COM12
COM13
COM16


!ENTRY com.st.stm32cube.ide.mpu.remote.serial 1 1 2026-08-02 18:40:02.153
!MESSAGE port: COM4

!ENTRY com.st.stm32cube.ide.mpu.remote.serial 1 1 2026-08-02 18:40:02.155
!MESSAGE port: COM5

!ENTRY com.st.stm32cube.ide.mpu.remote.serial 1 1 2026-08-02 18:40:02.156
!MESSAGE port: COM6

!ENTRY com.st.stm32cube.ide.mpu.remote.serial 1 1 2026-08-02 18:40:02.158
!MESSAGE port: COM8

!ENTRY com.st.stm32cube.ide.mpu.remote.serial 1 1 2026-08-02 18:40:02.160
!MESSAGE port: COM17

!ENTRY com.st.stm32cube.ide.mpu.remote.serial 1 1 2026-08-02 18:40:02.162
!MESSAGE port: COM3

!ENTRY com.st.stm32cube.ide.mpu.remote.serial 1 1 2026-08-02 18:40:02.163
!MESSAGE port: COM9

!ENTRY com.st.stm32cube.ide.mpu.remote.serial 1 1 2026-08-02 18:40:02.166
!MESSAGE port: COM10

!ENTRY com.st.stm32cube.ide.mpu.remote.serial 1 1 2026-08-02 18:40:02.173
!MESSAGE port: COM11

!ENTRY com.st.stm32cube.ide.mpu.remote.serial 1 1 2026-08-02 18:40:02.174
!MESSAGE port: COM12

!ENTRY com.st.stm32cube.ide.mpu.remote.serial 1 1 2026-08-02 18:40:02.177
!MESSAGE port: COM13

!ENTRY com.st.stm32cube.ide.mpu.remote.serial 1 1 2026-08-02 18:40:02.179
!MESSAGE port: COM16

!ENTRY com.st.stm32cube.ide.mpu.remote.serial 1 1 2026-08-02 19:03:43.560
!MESSAGE Executed PowerShell command powershell.exe -Command "Get-CimInstance -ClassName Win32_SerialPort | Select-Object -ExpandProperty DeviceID":
COM4
COM5
COM6
COM8
COM17
COM3
COM9
COM10
COM11
COM12
COM13
COM16
COM7


!ENTRY com.st.stm32cube.ide.mpu.remote.serial 1 1 2026-08-02 19:03:43.562
!MESSAGE port: COM4

!ENTRY com.st.stm32cube.ide.mpu.remote.serial 1 1 2026-08-02 19:03:43.563
!MESSAGE port: COM5

!ENTRY com.st.stm32cube.ide.mpu.remote.serial 1 1 2026-08-02 19:03:43.565
!MESSAGE port: COM6

!ENTRY com.st.stm32cube.ide.mpu.remote.serial 1 1 2026-08-02 19:03:43.566
!MESSAGE port: COM8

!ENTRY com.st.stm32cube.ide.mpu.remote.serial 1 1 2026-08-02 19:03:43.568
!MESSAGE port: COM17

!ENTRY com.st.stm32cube.ide.mpu.remote.serial 1 1 2026-08-02 19:03:43.568
!MESSAGE port: COM3

!ENTRY com.st.stm32cube.ide.mpu.remote.serial 1 1 2026-08-02 19:03:43.569
!MESSAGE port: COM9

!ENTRY com.st.stm32cube.ide.mpu.remote.serial 1 1 2026-08-02 19:03:43.570
!MESSAGE port: COM10

!ENTRY com.st.stm32cube.ide.mpu.remote.serial 1 1 2026-08-02 19:03:43.571
!MESSAGE port: COM11

!ENTRY com.st.stm32cube.ide.mpu.remote.serial 1 1 2026-08-02 19:03:43.572
!MESSAGE port: COM12

!ENTRY com.st.stm32cube.ide.mpu.remote.serial 1 1 2026-08-02 19:03:43.572
!MESSAGE port: COM13

!ENTRY com.st.stm32cube.ide.mpu.remote.serial 1 1 2026-08-02 19:03:43.573
!MESSAGE port: COM16

!ENTRY com.st.stm32cube.ide.mpu.remote.serial 1 1 2026-08-02 19:03:43.574
!MESSAGE port: COM7

!ENTRY com.st.stm32cube.ide.mpu.remote.serial 1 1 2026-08-02 19:05:05.361
!MESSAGE Executed PowerShell command powershell.exe -Command "Get-CimInstance -ClassName Win32_SerialPort | Select-Object -ExpandProperty DeviceID":
COM4
COM5
COM6
COM8
COM17
COM3
COM9
COM10
COM11
COM12
COM13
COM16


!ENTRY com.st.stm32cube.ide.mpu.remote.serial 1 1 2026-08-02 19:05:05.362
!MESSAGE port: COM4

!ENTRY com.st.stm32cube.ide.mpu.remote.serial 1 1 2026-08-02 19:05:05.362
!MESSAGE port: COM5

!ENTRY com.st.stm32cube.ide.mpu.remote.serial 1 1 2026-08-02 19:05:05.365
!MESSAGE port: COM6

!ENTRY com.st.stm32cube.ide.mpu.remote.serial 1 1 2026-08-02 19:05:05.367
!MESSAGE port: COM8

!ENTRY com.st.stm32cube.ide.mpu.remote.serial 1 1 2026-08-02 19:05:05.368
!MESSAGE port: COM17

!ENTRY com.st.stm32cube.ide.mpu.remote.serial 1 1 2026-08-02 19:05:05.369
!MESSAGE port: COM3

!ENTRY com.st.stm32cube.ide.mpu.remote.serial 1 1 2026-08-02 19:05:05.369
!MESSAGE port: COM9

!ENTRY com.st.stm32cube.ide.mpu.remote.serial 1 1 2026-08-02 19:05:05.370
!MESSAGE port: COM10

!ENTRY com.st.stm32cube.ide.mpu.remote.serial 1 1 2026-08-02 19:05:05.371
!MESSAGE port: COM11

!ENTRY com.st.stm32cube.ide.mpu.remote.serial 1 1 2026-08-02 19:05:05.372
!MESSAGE port: COM12

!ENTRY com.st.stm32cube.ide.mpu.remote.serial 1 1 2026-08-02 19:05:05.372
!MESSAGE port: COM13

!ENTRY com.st.stm32cube.ide.mpu.remote.serial 1 1 2026-08-02 19:05:05.377
!MESSAGE port: COM16

!ENTRY com.st.stm32cube.ide.mpu.remote.serial 1 1 2026-08-02 19:31:33.282
!MESSAGE Executed PowerShell command powershell.exe -Command "Get-CimInstance -ClassName Win32_SerialPort | Select-Object -ExpandProperty DeviceID":
COM4
COM5
COM6
COM8
COM17
COM3
COM9
COM10
COM11
COM12
COM13
COM16
COM7


!ENTRY com.st.stm32cube.ide.mpu.remote.serial 1 1 2026-08-02 19:31:33.287
!MESSAGE port: COM4

!ENTRY com.st.stm32cube.ide.mpu.remote.serial 1 1 2026-08-02 19:31:33.287
!MESSAGE port: COM5

!ENTRY com.st.stm32cube.ide.mpu.remote.serial 1 1 2026-08-02 19:31:33.288
!MESSAGE port: COM6

!ENTRY com.st.stm32cube.ide.mpu.remote.serial 1 1 2026-08-02 19:31:33.289
!MESSAGE port: COM8

!ENTRY com.st.stm32cube.ide.mpu.remote.serial 1 1 2026-08-02 19:31:33.290
!MESSAGE port: COM17

!ENTRY com.st.stm32cube.ide.mpu.remote.serial 1 1 2026-08-02 19:31:33.291
!MESSAGE port: COM3

!ENTRY com.st.stm32cube.ide.mpu.remote.serial 1 1 2026-08-02 19:31:33.293
!MESSAGE port: COM9

!ENTRY com.st.stm32cube.ide.mpu.remote.serial 1 1 2026-08-02 19:31:33.295
!MESSAGE port: COM10

!ENTRY com.st.stm32cube.ide.mpu.remote.serial 1 1 2026-08-02 19:31:33.296
!MESSAGE port: COM11

!ENTRY com.st.stm32cube.ide.mpu.remote.serial 1 1 2026-08-02 19:31:33.297
!MESSAGE port: COM12

!ENTRY com.st.stm32cube.ide.mpu.remote.serial 1 1 2026-08-02 19:31:33.298
!MESSAGE port: COM13

!ENTRY com.st.stm32cube.ide.mpu.remote.serial 1 1 2026-08-02 19:31:33.298
!MESSAGE port: COM16

!ENTRY com.st.stm32cube.ide.mpu.remote.serial 1 1 2026-08-02 19:31:33.302
!MESSAGE port: COM7

!ENTRY com.st.stm32cube.ide.mpu.remote.serial 1 1 2026-08-02 19:33:20.963
!MESSAGE Executed PowerShell command powershell.exe -Command "Get-CimInstance -ClassName Win32_SerialPort | Select-Object -ExpandProperty DeviceID":
COM4
COM5
COM6
COM8
COM17
COM3
COM9
COM10
COM11
COM12
COM13
COM16


!ENTRY com.st.stm32cube.ide.mpu.remote.serial 1 1 2026-08-02 19:33:20.967
!MESSAGE port: COM4

!ENTRY com.st.stm32cube.ide.mpu.remote.serial 1 1 2026-08-02 19:33:20.967
!MESSAGE port: COM5

!ENTRY com.st.stm32cube.ide.mpu.remote.serial 1 1 2026-08-02 19:33:20.968
!MESSAGE port: COM6

!ENTRY com.st.stm32cube.ide.mpu.remote.serial 1 1 2026-08-02 19:33:20.968
!MESSAGE port: COM8

!ENTRY com.st.stm32cube.ide.mpu.remote.serial 1 1 2026-08-02 19:33:20.969
!MESSAGE port: COM17

!ENTRY com.st.stm32cube.ide.mpu.remote.serial 1 1 2026-08-02 19:33:20.970
!MESSAGE port: COM3

!ENTRY com.st.stm32cube.ide.mpu.remote.serial 1 1 2026-08-02 19:33:20.970
!MESSAGE port: COM9

!ENTRY com.st.stm32cube.ide.mpu.remote.serial 1 1 2026-08-02 19:33:20.971
!MESSAGE port: COM10

!ENTRY com.st.stm32cube.ide.mpu.remote.serial 1 1 2026-08-02 19:33:20.972
!MESSAGE port: COM11

!ENTRY com.st.stm32cube.ide.mpu.remote.serial 1 1 2026-08-02 19:33:20.974
!MESSAGE port: COM12

!ENTRY com.st.stm32cube.ide.mpu.remote.serial 1 1 2026-08-02 19:33:20.974
!MESSAGE port: COM13

!ENTRY com.st.stm32cube.ide.mpu.remote.serial 1 1 2026-08-02 19:33:20.975
!MESSAGE port: COM16

!ENTRY com.st.stm32cube.ide.mcu.debug 4 0 2026-08-02 22:40:25.253
!MESSAGE Error - No active DSF-Session. tmpSessionId = 19 (contextManager row 121)

!ENTRY com.st.stm32cube.ide.mcu.debug 4 0 2026-08-02 22:40:25.256
!MESSAGE Existing sessions are:

!ENTRY com.st.stm32cube.ide.mcu.debug 4 0 2026-08-02 22:40:25.259
!MESSAGE Error - No active DSF-Session. tmpSessionId = 19 (contextManager row 121)

!ENTRY com.st.stm32cube.ide.mcu.debug 4 0 2026-08-02 22:40:25.260
!MESSAGE Existing sessions are:

!ENTRY com.st.stm32cube.ide.mpu.remote.serial 1 1 2026-08-02 22:40:37.067
!MESSAGE Executed PowerShell command powershell.exe -Command "Get-CimInstance -ClassName Win32_SerialPort | Select-Object -ExpandProperty DeviceID":
COM4
COM5
COM6
COM8
COM17
COM3
COM9
COM10
COM11
COM12
COM13
COM16


!ENTRY com.st.stm32cube.ide.mpu.remote.serial 1 1 2026-08-02 22:40:37.069
!MESSAGE port: COM4

!ENTRY com.st.stm32cube.ide.mpu.remote.serial 1 1 2026-08-02 22:40:37.070
!MESSAGE port: COM5

!ENTRY com.st.stm32cube.ide.mpu.remote.serial 1 1 2026-08-02 22:40:37.071
!MESSAGE port: COM6

!ENTRY com.st.stm32cube.ide.mpu.remote.serial 1 1 2026-08-02 22:40:37.072
!MESSAGE port: COM8

!ENTRY com.st.stm32cube.ide.mpu.remote.serial 1 1 2026-08-02 22:40:37.072
!MESSAGE port: COM17

!ENTRY com.st.stm32cube.ide.mpu.remote.serial 1 1 2026-08-02 22:40:37.076
!MESSAGE port: COM3

!ENTRY com.st.stm32cube.ide.mpu.remote.serial 1 1 2026-08-02 22:40:37.077
!MESSAGE port: COM9

!ENTRY com.st.stm32cube.ide.mpu.remote.serial 1 1 2026-08-02 22:40:37.078
!MESSAGE port: COM10

!ENTRY com.st.stm32cube.ide.mpu.remote.serial 1 1 2026-08-02 22:40:37.079
!MESSAGE port: COM11

!ENTRY com.st.stm32cube.ide.mpu.remote.serial 1 1 2026-08-02 22:40:37.080
!MESSAGE port: COM12

!ENTRY com.st.stm32cube.ide.mpu.remote.serial 1 1 2026-08-02 22:40:37.081
!MESSAGE port: COM13

!ENTRY com.st.stm32cube.ide.mpu.remote.serial 1 1 2026-08-02 22:40:37.082
!MESSAGE port: COM16

!ENTRY com.st.stm32cube.ide.mpu.remote.serial 1 1 2026-08-02 22:41:08.669
!MESSAGE Executed PowerShell command powershell.exe -Command "Get-CimInstance -ClassName Win32_SerialPort | Select-Object -ExpandProperty DeviceID":
COM4
COM5
COM6
COM8
COM17
COM3
COM9
COM10
COM11
COM12
COM13
COM16


!ENTRY com.st.stm32cube.ide.mpu.remote.serial 1 1 2026-08-02 22:41:08.673
!MESSAGE port: COM4

!ENTRY com.st.stm32cube.ide.mpu.remote.serial 1 1 2026-08-02 22:41:08.677
!MESSAGE port: COM5

!ENTRY com.st.stm32cube.ide.mpu.remote.serial 1 1 2026-08-02 22:41:08.677
!MESSAGE port: COM6

!ENTRY com.st.stm32cube.ide.mpu.remote.serial 1 1 2026-08-02 22:41:08.677
!MESSAGE port: COM8

!ENTRY com.st.stm32cube.ide.mpu.remote.serial 1 1 2026-08-02 22:41:08.683
!MESSAGE port: COM17

!ENTRY com.st.stm32cube.ide.mpu.remote.serial 1 1 2026-08-02 22:41:08.683
!MESSAGE port: COM3

!ENTRY com.st.stm32cube.ide.mpu.remote.serial 1 1 2026-08-02 22:41:08.687
!MESSAGE port: COM9

!ENTRY com.st.stm32cube.ide.mpu.remote.serial 1 1 2026-08-02 22:41:08.689
!MESSAGE port: COM10

!ENTRY com.st.stm32cube.ide.mpu.remote.serial 1 1 2026-08-02 22:41:08.689
!MESSAGE port: COM11

!ENTRY com.st.stm32cube.ide.mpu.remote.serial 1 1 2026-08-02 22:41:08.689
!MESSAGE port: COM12

!ENTRY com.st.stm32cube.ide.mpu.remote.serial 1 1 2026-08-02 22:41:08.689
!MESSAGE port: COM13

!ENTRY com.st.stm32cube.ide.mpu.remote.serial 1 1 2026-08-02 22:41:08.689
!MESSAGE port: COM16

!ENTRY com.st.stm32cube.ide.mcu.debug 4 0 2026-08-02 22:49:45.673
!MESSAGE Error - No active DSF-Session. tmpSessionId = 20 (contextManager row 121)

!ENTRY com.st.stm32cube.ide.mcu.debug 4 0 2026-08-02 22:49:45.674
!MESSAGE Existing sessions are:

!ENTRY com.st.stm32cube.ide.mcu.debug 4 0 2026-08-02 22:49:45.677
!MESSAGE Error - No active DSF-Session. tmpSessionId = 20 (contextManager row 121)

!ENTRY com.st.stm32cube.ide.mcu.debug 4 0 2026-08-02 22:49:45.678
!MESSAGE Existing sessions are:

!ENTRY com.st.stm32cube.ide.mpu.remote.serial 1 1 2026-08-02 22:49:56.053
!MESSAGE Executed PowerShell command powershell.exe -Command "Get-CimInstance -ClassName Win32_SerialPort | Select-Object -ExpandProperty DeviceID":
COM4
COM5
COM6
COM8
COM17
COM3
COM9
COM10
COM11
COM12
COM13
COM16


!ENTRY com.st.stm32cube.ide.mpu.remote.serial 1 1 2026-08-02 22:49:56.053
!MESSAGE port: COM4

!ENTRY com.st.stm32cube.ide.mpu.remote.serial 1 1 2026-08-02 22:49:56.064
!MESSAGE port: COM5

!ENTRY com.st.stm32cube.ide.mpu.remote.serial 1 1 2026-08-02 22:49:56.064
!MESSAGE port: COM6

!ENTRY com.st.stm32cube.ide.mpu.remote.serial 1 1 2026-08-02 22:49:56.068
!MESSAGE port: COM8

!ENTRY com.st.stm32cube.ide.mpu.remote.serial 1 1 2026-08-02 22:49:56.068
!MESSAGE port: COM17

!ENTRY com.st.stm32cube.ide.mpu.remote.serial 1 1 2026-08-02 22:49:56.068
!MESSAGE port: COM3

!ENTRY com.st.stm32cube.ide.mpu.remote.serial 1 1 2026-08-02 22:49:56.076
!MESSAGE port: COM9

!ENTRY com.st.stm32cube.ide.mpu.remote.serial 1 1 2026-08-02 22:49:56.076
!MESSAGE port: COM10

!ENTRY com.st.stm32cube.ide.mpu.remote.serial 1 1 2026-08-02 22:49:56.076
!MESSAGE port: COM11

!ENTRY com.st.stm32cube.ide.mpu.remote.serial 1 1 2026-08-02 22:49:56.076
!MESSAGE port: COM12

!ENTRY com.st.stm32cube.ide.mpu.remote.serial 1 1 2026-08-02 22:49:56.081
!MESSAGE port: COM13

!ENTRY com.st.stm32cube.ide.mpu.remote.serial 1 1 2026-08-02 22:49:56.081
!MESSAGE port: COM16

!ENTRY com.st.stm32cube.ide.mpu.remote.serial 1 1 2026-08-02 22:50:27.754
!MESSAGE Executed PowerShell command powershell.exe -Command "Get-CimInstance -ClassName Win32_SerialPort | Select-Object -ExpandProperty DeviceID":
COM4
COM5
COM6
COM8
COM17
COM3
COM9
COM10
COM11
COM12
COM13
COM16


!ENTRY com.st.stm32cube.ide.mpu.remote.serial 1 1 2026-08-02 22:50:27.754
!MESSAGE port: COM4

!ENTRY com.st.stm32cube.ide.mpu.remote.serial 1 1 2026-08-02 22:50:27.754
!MESSAGE port: COM5

!ENTRY com.st.stm32cube.ide.mpu.remote.serial 1 1 2026-08-02 22:50:27.754
!MESSAGE port: COM6

!ENTRY com.st.stm32cube.ide.mpu.remote.serial 1 1 2026-08-02 22:50:27.754
!MESSAGE port: COM8

!ENTRY com.st.stm32cube.ide.mpu.remote.serial 1 1 2026-08-02 22:50:27.754
!MESSAGE port: COM17

!ENTRY com.st.stm32cube.ide.mpu.remote.serial 1 1 2026-08-02 22:50:27.754
!MESSAGE port: COM3

!ENTRY com.st.stm32cube.ide.mpu.remote.serial 1 1 2026-08-02 22:50:27.754
!MESSAGE port: COM9

!ENTRY com.st.stm32cube.ide.mpu.remote.serial 1 1 2026-08-02 22:50:27.763
!MESSAGE port: COM10

!ENTRY com.st.stm32cube.ide.mpu.remote.serial 1 1 2026-08-02 22:50:27.763
!MESSAGE port: COM11

!ENTRY com.st.stm32cube.ide.mpu.remote.serial 1 1 2026-08-02 22:50:27.763
!MESSAGE port: COM12

!ENTRY com.st.stm32cube.ide.mpu.remote.serial 1 1 2026-08-02 22:50:27.766
!MESSAGE port: COM13

!ENTRY com.st.stm32cube.ide.mpu.remote.serial 1 1 2026-08-02 22:50:27.769
!MESSAGE port: COM16

!ENTRY com.st.stm32cube.ide.mpu.remote.serial 1 1 2026-08-02 22:55:43.063
!MESSAGE Executed PowerShell command powershell.exe -Command "Get-CimInstance -ClassName Win32_SerialPort | Select-Object -ExpandProperty DeviceID":
COM4
COM5
COM6
COM8
COM17
COM3
COM9
COM10
COM11
COM12
COM13
COM16
COM7


!ENTRY com.st.stm32cube.ide.mpu.remote.serial 1 1 2026-08-02 22:55:43.064
!MESSAGE port: COM4

!ENTRY com.st.stm32cube.ide.mpu.remote.serial 1 1 2026-08-02 22:55:43.064
!MESSAGE port: COM5

!ENTRY com.st.stm32cube.ide.mpu.remote.serial 1 1 2026-08-02 22:55:43.064
!MESSAGE port: COM6

!ENTRY com.st.stm32cube.ide.mpu.remote.serial 1 1 2026-08-02 22:55:43.064
!MESSAGE port: COM8

!ENTRY com.st.stm32cube.ide.mpu.remote.serial 1 1 2026-08-02 22:55:43.064
!MESSAGE port: COM17

!ENTRY com.st.stm32cube.ide.mpu.remote.serial 1 1 2026-08-02 22:55:43.064
!MESSAGE port: COM3

!ENTRY com.st.stm32cube.ide.mpu.remote.serial 1 1 2026-08-02 22:55:43.070
!MESSAGE port: COM9

!ENTRY com.st.stm32cube.ide.mpu.remote.serial 1 1 2026-08-02 22:55:43.070
!MESSAGE port: COM10

!ENTRY com.st.stm32cube.ide.mpu.remote.serial 1 1 2026-08-02 22:55:43.070
!MESSAGE port: COM11

!ENTRY com.st.stm32cube.ide.mpu.remote.serial 1 1 2026-08-02 22:55:43.070
!MESSAGE port: COM12

!ENTRY com.st.stm32cube.ide.mpu.remote.serial 1 1 2026-08-02 22:55:43.070
!MESSAGE port: COM13

!ENTRY com.st.stm32cube.ide.mpu.remote.serial 1 1 2026-08-02 22:55:43.070
!MESSAGE port: COM16

!ENTRY com.st.stm32cube.ide.mpu.remote.serial 1 1 2026-08-02 22:55:43.076
!MESSAGE port: COM7

!ENTRY com.st.stm32cube.ide.mpu.remote.serial 1 1 2026-08-02 22:56:16.593
!MESSAGE Executed PowerShell command powershell.exe -Command "Get-CimInstance -ClassName Win32_SerialPort | Select-Object -ExpandProperty DeviceID":
COM4
COM5
COM6
COM8
COM17
COM3
COM9
COM10
COM11
COM12
COM13
COM16


!ENTRY com.st.stm32cube.ide.mpu.remote.serial 1 1 2026-08-02 22:56:16.594
!MESSAGE port: COM4

!ENTRY com.st.stm32cube.ide.mpu.remote.serial 1 1 2026-08-02 22:56:16.594
!MESSAGE port: COM5

!ENTRY com.st.stm32cube.ide.mpu.remote.serial 1 1 2026-08-02 22:56:16.596
!MESSAGE port: COM6

!ENTRY com.st.stm32cube.ide.mpu.remote.serial 1 1 2026-08-02 22:56:16.597
!MESSAGE port: COM8

!ENTRY com.st.stm32cube.ide.mpu.remote.serial 1 1 2026-08-02 22:56:16.598
!MESSAGE port: COM17

!ENTRY com.st.stm32cube.ide.mpu.remote.serial 1 1 2026-08-02 22:56:16.599
!MESSAGE port: COM3

!ENTRY com.st.stm32cube.ide.mpu.remote.serial 1 1 2026-08-02 22:56:16.600
!MESSAGE port: COM9

!ENTRY com.st.stm32cube.ide.mpu.remote.serial 1 1 2026-08-02 22:56:16.601
!MESSAGE port: COM10

!ENTRY com.st.stm32cube.ide.mpu.remote.serial 1 1 2026-08-02 22:56:16.601
!MESSAGE port: COM11

!ENTRY com.st.stm32cube.ide.mpu.remote.serial 1 1 2026-08-02 22:56:16.603
!MESSAGE port: COM12

!ENTRY com.st.stm32cube.ide.mpu.remote.serial 1 1 2026-08-02 22:56:16.603
!MESSAGE port: COM13

!ENTRY com.st.stm32cube.ide.mpu.remote.serial 1 1 2026-08-02 22:56:16.604
!MESSAGE port: COM16

!ENTRY com.st.stm32cube.ide.mpu.remote.serial 1 1 2026-08-02 22:57:13.801
!MESSAGE Executed PowerShell command powershell.exe -Command "Get-CimInstance -ClassName Win32_SerialPort | Select-Object -ExpandProperty DeviceID":
COM4
COM5
COM6
COM8
COM17
COM3
COM9
COM10
COM11
COM12
COM13
COM16


!ENTRY com.st.stm32cube.ide.mpu.remote.serial 1 1 2026-08-02 22:57:13.805
!MESSAGE port: COM4

!ENTRY com.st.stm32cube.ide.mpu.remote.serial 1 1 2026-08-02 22:57:13.805
!MESSAGE port: COM5

!ENTRY com.st.stm32cube.ide.mpu.remote.serial 1 1 2026-08-02 22:57:13.806
!MESSAGE port: COM6

!ENTRY com.st.stm32cube.ide.mpu.remote.serial 1 1 2026-08-02 22:57:13.807
!MESSAGE port: COM8

!ENTRY com.st.stm32cube.ide.mpu.remote.serial 1 1 2026-08-02 22:57:13.808
!MESSAGE port: COM17

!ENTRY com.st.stm32cube.ide.mpu.remote.serial 1 1 2026-08-02 22:57:13.809
!MESSAGE port: COM3

!ENTRY com.st.stm32cube.ide.mpu.remote.serial 1 1 2026-08-02 22:57:13.810
!MESSAGE port: COM9

!ENTRY com.st.stm32cube.ide.mpu.remote.serial 1 1 2026-08-02 22:57:13.811
!MESSAGE port: COM10

!ENTRY com.st.stm32cube.ide.mpu.remote.serial 1 1 2026-08-02 22:57:13.812
!MESSAGE port: COM11

!ENTRY com.st.stm32cube.ide.mpu.remote.serial 1 1 2026-08-02 22:57:13.813
!MESSAGE port: COM12

!ENTRY com.st.stm32cube.ide.mpu.remote.serial 1 1 2026-08-02 22:57:13.813
!MESSAGE port: COM13

!ENTRY com.st.stm32cube.ide.mpu.remote.serial 1 1 2026-08-02 22:57:13.814
!MESSAGE port: COM16

!ENTRY com.st.stm32cube.ide.mpu.remote.serial 1 1 2026-08-02 22:57:45.471
!MESSAGE Executed PowerShell command powershell.exe -Command "Get-CimInstance -ClassName Win32_SerialPort | Select-Object -ExpandProperty DeviceID":
COM4
COM5
COM6
COM8
COM17
COM3
COM9
COM10
COM11
COM12
COM13
COM16


!ENTRY com.st.stm32cube.ide.mpu.remote.serial 1 1 2026-08-02 22:57:45.472
!MESSAGE port: COM4

!ENTRY com.st.stm32cube.ide.mpu.remote.serial 1 1 2026-08-02 22:57:45.473
!MESSAGE port: COM5

!ENTRY com.st.stm32cube.ide.mpu.remote.serial 1 1 2026-08-02 22:57:45.474
!MESSAGE port: COM6

!ENTRY com.st.stm32cube.ide.mpu.remote.serial 1 1 2026-08-02 22:57:45.475
!MESSAGE port: COM8

!ENTRY com.st.stm32cube.ide.mpu.remote.serial 1 1 2026-08-02 22:57:45.477
!MESSAGE port: COM17

!ENTRY com.st.stm32cube.ide.mpu.remote.serial 1 1 2026-08-02 22:57:45.478
!MESSAGE port: COM3

!ENTRY com.st.stm32cube.ide.mpu.remote.serial 1 1 2026-08-02 22:57:45.479
!MESSAGE port: COM9

!ENTRY com.st.stm32cube.ide.mpu.remote.serial 1 1 2026-08-02 22:57:45.480
!MESSAGE port: COM10

!ENTRY com.st.stm32cube.ide.mpu.remote.serial 1 1 2026-08-02 22:57:45.481
!MESSAGE port: COM11

!ENTRY com.st.stm32cube.ide.mpu.remote.serial 1 1 2026-08-02 22:57:45.482
!MESSAGE port: COM12

!ENTRY com.st.stm32cube.ide.mpu.remote.serial 1 1 2026-08-02 22:57:45.483
!MESSAGE port: COM13

!ENTRY com.st.stm32cube.ide.mpu.remote.serial 1 1 2026-08-02 22:57:45.483
!MESSAGE port: COM16

!ENTRY com.st.stm32cube.ide.mcu.debug 4 0 2026-08-02 22:58:55.833
!MESSAGE Error - No active DSF-Session. tmpSessionId = 22 (contextManager row 121)

!ENTRY com.st.stm32cube.ide.mcu.debug 4 0 2026-08-02 22:58:55.835
!MESSAGE Existing sessions are:

!ENTRY com.st.stm32cube.ide.mcu.debug 4 0 2026-08-02 22:58:55.838
!MESSAGE Error - No active DSF-Session. tmpSessionId = 22 (contextManager row 121)

!ENTRY com.st.stm32cube.ide.mcu.debug 4 0 2026-08-02 22:58:55.839
!MESSAGE Existing sessions are:

!ENTRY com.st.stm32cube.ide.mpu.remote.serial 1 1 2026-08-02 22:59:11.833
!MESSAGE Executed PowerShell command powershell.exe -Command "Get-CimInstance -ClassName Win32_SerialPort | Select-Object -ExpandProperty DeviceID":
COM4
COM5
COM6
COM8
COM17
COM3
COM9
COM10
COM11
COM12
COM13
COM16
COM7


!ENTRY com.st.stm32cube.ide.mpu.remote.serial 1 1 2026-08-02 22:59:11.837
!MESSAGE port: COM4

!ENTRY com.st.stm32cube.ide.mpu.remote.serial 1 1 2026-08-02 22:59:11.838
!MESSAGE port: COM5

!ENTRY com.st.stm32cube.ide.mpu.remote.serial 1 1 2026-08-02 22:59:11.840
!MESSAGE port: COM6

!ENTRY com.st.stm32cube.ide.mpu.remote.serial 1 1 2026-08-02 22:59:11.842
!MESSAGE port: COM8

!ENTRY com.st.stm32cube.ide.mpu.remote.serial 1 1 2026-08-02 22:59:11.842
!MESSAGE port: COM17

!ENTRY com.st.stm32cube.ide.mpu.remote.serial 1 1 2026-08-02 22:59:11.844
!MESSAGE port: COM3

!ENTRY com.st.stm32cube.ide.mpu.remote.serial 1 1 2026-08-02 22:59:11.845
!MESSAGE port: COM9

!ENTRY com.st.stm32cube.ide.mpu.remote.serial 1 1 2026-08-02 22:59:11.845
!MESSAGE port: COM10

!ENTRY com.st.stm32cube.ide.mpu.remote.serial 1 1 2026-08-02 22:59:11.847
!MESSAGE port: COM11

!ENTRY com.st.stm32cube.ide.mpu.remote.serial 1 1 2026-08-02 22:59:11.848
!MESSAGE port: COM12

!ENTRY com.st.stm32cube.ide.mpu.remote.serial 1 1 2026-08-02 22:59:11.849
!MESSAGE port: COM13

!ENTRY com.st.stm32cube.ide.mpu.remote.serial 1 1 2026-08-02 22:59:11.850
!MESSAGE port: COM16

!ENTRY com.st.stm32cube.ide.mpu.remote.serial 1 1 2026-08-02 22:59:11.851
!MESSAGE port: COM7

!ENTRY com.st.stm32cube.ide.mpu.remote.serial 1 1 2026-08-02 22:59:52.560
!MESSAGE Executed PowerShell command powershell.exe -Command "Get-CimInstance -ClassName Win32_SerialPort | Select-Object -ExpandProperty DeviceID":
COM4
COM5
COM6
COM8
COM17
COM3
COM9
COM10
COM11
COM12
COM13
COM16


!ENTRY com.st.stm32cube.ide.mpu.remote.serial 1 1 2026-08-02 22:59:52.565
!MESSAGE port: COM4

!ENTRY com.st.stm32cube.ide.mpu.remote.serial 1 1 2026-08-02 22:59:52.566
!MESSAGE port: COM5

!ENTRY com.st.stm32cube.ide.mpu.remote.serial 1 1 2026-08-02 22:59:52.566
!MESSAGE port: COM6

!ENTRY com.st.stm32cube.ide.mpu.remote.serial 1 1 2026-08-02 22:59:52.568
!MESSAGE port: COM8

!ENTRY com.st.stm32cube.ide.mpu.remote.serial 1 1 2026-08-02 22:59:52.575
!MESSAGE port: COM17

!ENTRY com.st.stm32cube.ide.mpu.remote.serial 1 1 2026-08-02 22:59:52.576
!MESSAGE port: COM3

!ENTRY com.st.stm32cube.ide.mpu.remote.serial 1 1 2026-08-02 22:59:52.577
!MESSAGE port: COM9

!ENTRY com.st.stm32cube.ide.mpu.remote.serial 1 1 2026-08-02 22:59:52.579
!MESSAGE port: COM10

!ENTRY com.st.stm32cube.ide.mpu.remote.serial 1 1 2026-08-02 22:59:52.579
!MESSAGE port: COM11

!ENTRY com.st.stm32cube.ide.mpu.remote.serial 1 1 2026-08-02 22:59:52.581
!MESSAGE port: COM12

!ENTRY com.st.stm32cube.ide.mpu.remote.serial 1 1 2026-08-02 22:59:52.582
!MESSAGE port: COM13

!ENTRY com.st.stm32cube.ide.mpu.remote.serial 1 1 2026-08-02 22:59:52.583
!MESSAGE port: COM16

!ENTRY com.st.stm32cube.ide.mpu.remote.serial 1 1 2026-08-02 23:05:06.036
!MESSAGE Executed PowerShell command powershell.exe -Command "Get-CimInstance -ClassName Win32_SerialPort | Select-Object -ExpandProperty DeviceID":
COM4
COM5
COM6
COM8
COM17
COM3
COM9
COM10
COM11
COM12
COM13
COM16
COM7


!ENTRY com.st.stm32cube.ide.mpu.remote.serial 1 1 2026-08-02 23:05:06.038
!MESSAGE port: COM4

!ENTRY com.st.stm32cube.ide.mpu.remote.serial 1 1 2026-08-02 23:05:06.038
!MESSAGE port: COM5

!ENTRY com.st.stm32cube.ide.mpu.remote.serial 1 1 2026-08-02 23:05:06.039
!MESSAGE port: COM6

!ENTRY com.st.stm32cube.ide.mpu.remote.serial 1 1 2026-08-02 23:05:06.039
!MESSAGE port: COM8

!ENTRY com.st.stm32cube.ide.mpu.remote.serial 1 1 2026-08-02 23:05:06.044
!MESSAGE port: COM17

!ENTRY com.st.stm32cube.ide.mpu.remote.serial 1 1 2026-08-02 23:05:06.044
!MESSAGE port: COM3

!ENTRY com.st.stm32cube.ide.mpu.remote.serial 1 1 2026-08-02 23:05:06.044
!MESSAGE port: COM9

!ENTRY com.st.stm32cube.ide.mpu.remote.serial 1 1 2026-08-02 23:05:06.044
!MESSAGE port: COM10

!ENTRY com.st.stm32cube.ide.mpu.remote.serial 1 1 2026-08-02 23:05:06.044
!MESSAGE port: COM11

!ENTRY com.st.stm32cube.ide.mpu.remote.serial 1 1 2026-08-02 23:05:06.044
!MESSAGE port: COM12

!ENTRY com.st.stm32cube.ide.mpu.remote.serial 1 1 2026-08-02 23:05:06.044
!MESSAGE port: COM13

!ENTRY com.st.stm32cube.ide.mpu.remote.serial 1 1 2026-08-02 23:05:06.044
!MESSAGE port: COM16

!ENTRY com.st.stm32cube.ide.mpu.remote.serial 1 1 2026-08-02 23:05:06.051
!MESSAGE port: COM7

!ENTRY com.st.stm32cube.ide.mpu.remote.serial 1 1 2026-08-02 23:05:45.624
!MESSAGE Executed PowerShell command powershell.exe -Command "Get-CimInstance -ClassName Win32_SerialPort | Select-Object -ExpandProperty DeviceID":
COM4
COM5
COM6
COM8
COM17
COM3
COM9
COM10
COM11
COM12
COM13
COM16


!ENTRY com.st.stm32cube.ide.mpu.remote.serial 1 1 2026-08-02 23:05:45.625
!MESSAGE port: COM4

!ENTRY com.st.stm32cube.ide.mpu.remote.serial 1 1 2026-08-02 23:05:45.626
!MESSAGE port: COM5

!ENTRY com.st.stm32cube.ide.mpu.remote.serial 1 1 2026-08-02 23:05:45.627
!MESSAGE port: COM6

!ENTRY com.st.stm32cube.ide.mpu.remote.serial 1 1 2026-08-02 23:05:45.628
!MESSAGE port: COM8

!ENTRY com.st.stm32cube.ide.mpu.remote.serial 1 1 2026-08-02 23:05:45.629
!MESSAGE port: COM17

!ENTRY com.st.stm32cube.ide.mpu.remote.serial 1 1 2026-08-02 23:05:45.630
!MESSAGE port: COM3

!ENTRY com.st.stm32cube.ide.mpu.remote.serial 1 1 2026-08-02 23:05:45.631
!MESSAGE port: COM9

!ENTRY com.st.stm32cube.ide.mpu.remote.serial 1 1 2026-08-02 23:05:45.632
!MESSAGE port: COM10

!ENTRY com.st.stm32cube.ide.mpu.remote.serial 1 1 2026-08-02 23:05:45.633
!MESSAGE port: COM11

!ENTRY com.st.stm32cube.ide.mpu.remote.serial 1 1 2026-08-02 23:05:45.633
!MESSAGE port: COM12

!ENTRY com.st.stm32cube.ide.mpu.remote.serial 1 1 2026-08-02 23:05:45.634
!MESSAGE port: COM13

!ENTRY com.st.stm32cube.ide.mpu.remote.serial 1 1 2026-08-02 23:05:45.635
!MESSAGE port: COM16

!ENTRY com.st.stm32cube.ide.mpu.remote.serial 1 1 2026-08-02 23:09:57.932
!MESSAGE Executed PowerShell command powershell.exe -Command "Get-CimInstance -ClassName Win32_SerialPort | Select-Object -ExpandProperty DeviceID":
COM4
COM5
COM6
COM8
COM17
COM3
COM9
COM10
COM11
COM12
COM13
COM16
COM7


!ENTRY com.st.stm32cube.ide.mpu.remote.serial 1 1 2026-08-02 23:09:57.936
!MESSAGE port: COM4

!ENTRY com.st.stm32cube.ide.mpu.remote.serial 1 1 2026-08-02 23:09:57.936
!MESSAGE port: COM5

!ENTRY com.st.stm32cube.ide.mpu.remote.serial 1 1 2026-08-02 23:09:57.936
!MESSAGE port: COM6

!ENTRY com.st.stm32cube.ide.mpu.remote.serial 1 1 2026-08-02 23:09:57.936
!MESSAGE port: COM8

!ENTRY com.st.stm32cube.ide.mpu.remote.serial 1 1 2026-08-02 23:09:57.936
!MESSAGE port: COM17

!ENTRY com.st.stm32cube.ide.mpu.remote.serial 1 1 2026-08-02 23:09:57.936
!MESSAGE port: COM3

!ENTRY com.st.stm32cube.ide.mpu.remote.serial 1 1 2026-08-02 23:09:57.941
!MESSAGE port: COM9

!ENTRY com.st.stm32cube.ide.mpu.remote.serial 1 1 2026-08-02 23:09:57.941
!MESSAGE port: COM10

!ENTRY com.st.stm32cube.ide.mpu.remote.serial 1 1 2026-08-02 23:09:57.941
!MESSAGE port: COM11

!ENTRY com.st.stm32cube.ide.mpu.remote.serial 1 1 2026-08-02 23:09:57.941
!MESSAGE port: COM12

!ENTRY com.st.stm32cube.ide.mpu.remote.serial 1 1 2026-08-02 23:09:57.941
!MESSAGE port: COM13

!ENTRY com.st.stm32cube.ide.mpu.remote.serial 1 1 2026-08-02 23:09:57.941
!MESSAGE port: COM16

!ENTRY com.st.stm32cube.ide.mpu.remote.serial 1 1 2026-08-02 23:09:57.941
!MESSAGE port: COM7

!ENTRY com.st.stm32cube.ide.mpu.remote.serial 1 1 2026-08-02 23:11:05.760
!MESSAGE Executed PowerShell command powershell.exe -Command "Get-CimInstance -ClassName Win32_SerialPort | Select-Object -ExpandProperty DeviceID":
COM4
COM5
COM6
COM8
COM17
COM3
COM9
COM10
COM11
COM12
COM13
COM16


!ENTRY com.st.stm32cube.ide.mpu.remote.serial 1 1 2026-08-02 23:11:05.761
!MESSAGE port: COM4

!ENTRY com.st.stm32cube.ide.mpu.remote.serial 1 1 2026-08-02 23:11:05.761
!MESSAGE port: COM5

!ENTRY com.st.stm32cube.ide.mpu.remote.serial 1 1 2026-08-02 23:11:05.761
!MESSAGE port: COM6

!ENTRY com.st.stm32cube.ide.mpu.remote.serial 1 1 2026-08-02 23:11:05.761
!MESSAGE port: COM8

!ENTRY com.st.stm32cube.ide.mpu.remote.serial 1 1 2026-08-02 23:11:05.761
!MESSAGE port: COM17

!ENTRY com.st.stm32cube.ide.mpu.remote.serial 1 1 2026-08-02 23:11:05.766
!MESSAGE port: COM3

!ENTRY com.st.stm32cube.ide.mpu.remote.serial 1 1 2026-08-02 23:11:05.767
!MESSAGE port: COM9

!ENTRY com.st.stm32cube.ide.mpu.remote.serial 1 1 2026-08-02 23:11:05.767
!MESSAGE port: COM10

!ENTRY com.st.stm32cube.ide.mpu.remote.serial 1 1 2026-08-02 23:11:05.767
!MESSAGE port: COM11

!ENTRY com.st.stm32cube.ide.mpu.remote.serial 1 1 2026-08-02 23:11:05.770
!MESSAGE port: COM12

!ENTRY com.st.stm32cube.ide.mpu.remote.serial 1 1 2026-08-02 23:11:05.770
!MESSAGE port: COM13

!ENTRY com.st.stm32cube.ide.mpu.remote.serial 1 1 2026-08-02 23:11:05.770
!MESSAGE port: COM16

!ENTRY com.st.stm32cube.ide.mpu.remote.serial 1 1 2026-08-03 13:35:44.808
!MESSAGE Executed PowerShell command powershell.exe -Command "Get-CimInstance -ClassName Win32_SerialPort | Select-Object -ExpandProperty DeviceID":
COM4
COM5
COM6
COM8
COM17
COM3
COM9
COM10
COM11
COM12
COM13
COM16


!ENTRY com.st.stm32cube.ide.mpu.remote.serial 1 1 2026-08-03 13:35:44.864
!MESSAGE port: COM4

!ENTRY com.st.stm32cube.ide.mpu.remote.serial 1 1 2026-08-03 13:35:44.874
!MESSAGE port: COM5

!ENTRY com.st.stm32cube.ide.mpu.remote.serial 1 1 2026-08-03 13:35:44.876
!MESSAGE port: COM6

!ENTRY com.st.stm32cube.ide.mpu.remote.serial 1 1 2026-08-03 13:35:44.876
!MESSAGE port: COM8

!ENTRY com.st.stm32cube.ide.mpu.remote.serial 1 1 2026-08-03 13:35:44.876
!MESSAGE port: COM17

!ENTRY com.st.stm32cube.ide.mpu.remote.serial 1 1 2026-08-03 13:35:44.876
!MESSAGE port: COM3

!ENTRY com.st.stm32cube.ide.mpu.remote.serial 1 1 2026-08-03 13:35:44.882
!MESSAGE port: COM9

!ENTRY com.st.stm32cube.ide.mpu.remote.serial 1 1 2026-08-03 13:35:44.886
!MESSAGE port: COM10

!ENTRY com.st.stm32cube.ide.mpu.remote.serial 1 1 2026-08-03 13:35:44.892
!MESSAGE port: COM11

!ENTRY com.st.stm32cube.ide.mpu.remote.serial 1 1 2026-08-03 13:35:44.896
!MESSAGE port: COM12

!ENTRY com.st.stm32cube.ide.mpu.remote.serial 1 1 2026-08-03 13:35:44.896
!MESSAGE port: COM13

!ENTRY com.st.stm32cube.ide.mpu.remote.serial 1 1 2026-08-03 13:35:44.896
!MESSAGE port: COM16

!ENTRY com.st.stm32cube.ide.mpu.remote.serial 1 1 2026-08-03 13:39:38.614
!MESSAGE Executed PowerShell command powershell.exe -Command "Get-CimInstance -ClassName Win32_SerialPort | Select-Object -ExpandProperty DeviceID":
COM4
COM5
COM6
COM8
COM17
COM3
COM9
COM10
COM11
COM12
COM13
COM16


!ENTRY com.st.stm32cube.ide.mpu.remote.serial 1 1 2026-08-03 13:39:38.640
!MESSAGE port: COM4

!ENTRY com.st.stm32cube.ide.mpu.remote.serial 1 1 2026-08-03 13:39:38.641
!MESSAGE port: COM5

!ENTRY com.st.stm32cube.ide.mpu.remote.serial 1 1 2026-08-03 13:39:38.643
!MESSAGE port: COM6

!ENTRY com.st.stm32cube.ide.mpu.remote.serial 1 1 2026-08-03 13:39:38.645
!MESSAGE port: COM8

!ENTRY com.st.stm32cube.ide.mpu.remote.serial 1 1 2026-08-03 13:39:38.646
!MESSAGE port: COM17

!ENTRY com.st.stm32cube.ide.mpu.remote.serial 1 1 2026-08-03 13:39:38.651
!MESSAGE port: COM3

!ENTRY com.st.stm32cube.ide.mpu.remote.serial 1 1 2026-08-03 13:39:38.653
!MESSAGE port: COM9

!ENTRY com.st.stm32cube.ide.mpu.remote.serial 1 1 2026-08-03 13:39:38.655
!MESSAGE port: COM10

!ENTRY com.st.stm32cube.ide.mpu.remote.serial 1 1 2026-08-03 13:39:38.658
!MESSAGE port: COM11

!ENTRY com.st.stm32cube.ide.mpu.remote.serial 1 1 2026-08-03 13:39:38.659
!MESSAGE port: COM12

!ENTRY com.st.stm32cube.ide.mpu.remote.serial 1 1 2026-08-03 13:39:38.661
!MESSAGE port: COM13

!ENTRY com.st.stm32cube.ide.mpu.remote.serial 1 1 2026-08-03 13:39:38.663
!MESSAGE port: COM16

!ENTRY com.st.stm32cube.ide.mpu.remote.serial 1 1 2026-08-03 14:01:17.350
!MESSAGE Executed PowerShell command powershell.exe -Command "Get-CimInstance -ClassName Win32_SerialPort | Select-Object -ExpandProperty DeviceID":
COM4
COM5
COM6
COM8
COM17
COM3
COM9
COM10
COM11
COM12
COM13
COM16


!ENTRY com.st.stm32cube.ide.mpu.remote.serial 1 1 2026-08-03 14:01:17.400
!MESSAGE port: COM4

!ENTRY com.st.stm32cube.ide.mpu.remote.serial 1 1 2026-08-03 14:01:17.401
!MESSAGE port: COM5

!ENTRY com.st.stm32cube.ide.mpu.remote.serial 1 1 2026-08-03 14:01:17.404
!MESSAGE port: COM6

!ENTRY com.st.stm32cube.ide.mpu.remote.serial 1 1 2026-08-03 14:01:17.405
!MESSAGE port: COM8

!ENTRY com.st.stm32cube.ide.mpu.remote.serial 1 1 2026-08-03 14:01:17.407
!MESSAGE port: COM17

!ENTRY com.st.stm32cube.ide.mpu.remote.serial 1 1 2026-08-03 14:01:17.409
!MESSAGE port: COM3

!ENTRY com.st.stm32cube.ide.mpu.remote.serial 1 1 2026-08-03 14:01:17.409
!MESSAGE port: COM9

!ENTRY com.st.stm32cube.ide.mpu.remote.serial 1 1 2026-08-03 14:01:17.456
!MESSAGE port: COM10

!ENTRY com.st.stm32cube.ide.mpu.remote.serial 1 1 2026-08-03 14:01:17.471
!MESSAGE port: COM11

!ENTRY com.st.stm32cube.ide.mpu.remote.serial 1 1 2026-08-03 14:01:17.472
!MESSAGE port: COM12

!ENTRY com.st.stm32cube.ide.mpu.remote.serial 1 1 2026-08-03 14:01:17.474
!MESSAGE port: COM13

!ENTRY com.st.stm32cube.ide.mpu.remote.serial 1 1 2026-08-03 14:01:17.475
!MESSAGE port: COM16

!ENTRY com.st.stm32cube.ide.mpu.remote.serial 1 1 2026-08-03 14:03:45.822
!MESSAGE Executed PowerShell command powershell.exe -Command "Get-CimInstance -ClassName Win32_SerialPort | Select-Object -ExpandProperty DeviceID":
COM4
COM5
COM6
COM8
COM17
COM3
COM9
COM10
COM11
COM12
COM13
COM16


!ENTRY com.st.stm32cube.ide.mpu.remote.serial 1 1 2026-08-03 14:03:45.842
!MESSAGE port: COM4

!ENTRY com.st.stm32cube.ide.mpu.remote.serial 1 1 2026-08-03 14:03:45.844
!MESSAGE port: COM5

!ENTRY com.st.stm32cube.ide.mpu.remote.serial 1 1 2026-08-03 14:03:45.882
!MESSAGE port: COM6

!ENTRY com.st.stm32cube.ide.mpu.remote.serial 1 1 2026-08-03 14:03:45.883
!MESSAGE port: COM8

!ENTRY com.st.stm32cube.ide.mpu.remote.serial 1 1 2026-08-03 14:03:45.885
!MESSAGE port: COM17

!ENTRY com.st.stm32cube.ide.mpu.remote.serial 1 1 2026-08-03 14:03:45.886
!MESSAGE port: COM3

!ENTRY com.st.stm32cube.ide.mpu.remote.serial 1 1 2026-08-03 14:03:45.891
!MESSAGE port: COM9

!ENTRY com.st.stm32cube.ide.mpu.remote.serial 1 1 2026-08-03 14:03:45.894
!MESSAGE port: COM10

!ENTRY com.st.stm32cube.ide.mpu.remote.serial 1 1 2026-08-03 14:03:45.895
!MESSAGE port: COM11

!ENTRY com.st.stm32cube.ide.mpu.remote.serial 1 1 2026-08-03 14:03:45.899
!MESSAGE port: COM12

!ENTRY com.st.stm32cube.ide.mpu.remote.serial 1 1 2026-08-03 14:03:45.903
!MESSAGE port: COM13

!ENTRY com.st.stm32cube.ide.mpu.remote.serial 1 1 2026-08-03 14:03:45.904
!MESSAGE port: COM16
!SESSION 2026-08-04 17:24:21.700 -----------------------------------------------
eclipse.buildId=Version 2.2.0
java.version=21.0.10
java.vendor=Eclipse Adoptium
BootLoader constants: OS=win32, ARCH=x86_64, WS=win32, NL=es_AR
Command-line arguments:  -os win32 -ws win32 -arch x86_64

!ENTRY com.st.stm32cube.ide.mcu.informationcenter 1 1 2026-08-04 17:24:35.027
!MESSAGE Log4j2 initialized with config file C:\Users\mechi\OneDrive\FIUBA\2026_1C\TdSEpf\tdse-pf_workspace\.metadata\.log4j2.xml

!ENTRY com.st.stm32cube.ide.mcu.ide 1 1 2026-08-04 17:24:47.694
!MESSAGE Started RMI Server, listening on port 41337

!ENTRY com.st.stm32cube.ide.mpu.remote.serial 1 1 2026-08-04 17:25:47.626
!MESSAGE Executed PowerShell command powershell.exe -Command "Get-CimInstance -ClassName Win32_SerialPort | Select-Object -ExpandProperty DeviceID":
COM4
COM5
COM6
COM8
COM17
COM3
COM9
COM10
COM11
COM12
COM13
COM16


!ENTRY com.st.stm32cube.ide.mpu.remote.serial 1 1 2026-08-04 17:25:47.628
!MESSAGE port: COM4

!ENTRY com.st.stm32cube.ide.mpu.remote.serial 1 1 2026-08-04 17:25:47.628
!MESSAGE port: COM5

!ENTRY com.st.stm32cube.ide.mpu.remote.serial 1 1 2026-08-04 17:25:47.629
!MESSAGE port: COM6

!ENTRY com.st.stm32cube.ide.mpu.remote.serial 1 1 2026-08-04 17:25:47.630
!MESSAGE port: COM8

!ENTRY com.st.stm32cube.ide.mpu.remote.serial 1 1 2026-08-04 17:25:47.631
!MESSAGE port: COM17

!ENTRY com.st.stm32cube.ide.mpu.remote.serial 1 1 2026-08-04 17:25:47.631
!MESSAGE port: COM3

!ENTRY com.st.stm32cube.ide.mpu.remote.serial 1 1 2026-08-04 17:25:47.632
!MESSAGE port: COM9

!ENTRY com.st.stm32cube.ide.mpu.remote.serial 1 1 2026-08-04 17:25:47.633
!MESSAGE port: COM10

!ENTRY com.st.stm32cube.ide.mpu.remote.serial 1 1 2026-08-04 17:25:47.634
!MESSAGE port: COM11

!ENTRY com.st.stm32cube.ide.mpu.remote.serial 1 1 2026-08-04 17:25:47.634
!MESSAGE port: COM12

!ENTRY com.st.stm32cube.ide.mpu.remote.serial 1 1 2026-08-04 17:25:47.636
!MESSAGE port: COM13

!ENTRY com.st.stm32cube.ide.mpu.remote.serial 1 1 2026-08-04 17:25:47.636
!MESSAGE port: COM16
!SESSION 2026-08-04 20:17:07.843 -----------------------------------------------
eclipse.buildId=Version 2.2.0
java.version=21.0.10
java.vendor=Eclipse Adoptium
BootLoader constants: OS=win32, ARCH=x86_64, WS=win32, NL=es_AR
Command-line arguments:  -os win32 -ws win32 -arch x86_64

!ENTRY com.st.stm32cube.ide.mcu.informationcenter 1 1 2026-08-04 20:17:56.257
!MESSAGE Log4j2 initialized with config file C:\Users\mechi\OneDrive\FIUBA\2026_1C\TdSEpf\tdse-pf_workspace\.metadata\.log4j2.xml

!ENTRY com.st.stm32cube.ide.mcu.ide 1 1 2026-08-04 20:19:00.378
!MESSAGE Started RMI Server, listening on port 41337

!ENTRY com.st.stm32cube.ide.mpu.remote.serial 1 1 2026-08-04 20:19:40.620
!MESSAGE Executed PowerShell command powershell.exe -Command "Get-CimInstance -ClassName Win32_SerialPort | Select-Object -ExpandProperty DeviceID":
COM4
COM5
COM6
COM8
COM17
COM3
COM9
COM10
COM11
COM12
COM13
COM16


!ENTRY com.st.stm32cube.ide.mpu.remote.serial 1 1 2026-08-04 20:19:40.623
!MESSAGE port: COM4

!ENTRY com.st.stm32cube.ide.mpu.remote.serial 1 1 2026-08-04 20:19:40.625
!MESSAGE port: COM5

!ENTRY com.st.stm32cube.ide.mpu.remote.serial 1 1 2026-08-04 20:19:40.626
!MESSAGE port: COM6

!ENTRY com.st.stm32cube.ide.mpu.remote.serial 1 1 2026-08-04 20:19:40.627
!MESSAGE port: COM8

!ENTRY com.st.stm32cube.ide.mpu.remote.serial 1 1 2026-08-04 20:19:40.629
!MESSAGE port: COM17

!ENTRY com.st.stm32cube.ide.mpu.remote.serial 1 1 2026-08-04 20:19:40.631
!MESSAGE port: COM3

!ENTRY com.st.stm32cube.ide.mpu.remote.serial 1 1 2026-08-04 20:19:40.632
!MESSAGE port: COM9

!ENTRY com.st.stm32cube.ide.mpu.remote.serial 1 1 2026-08-04 20:19:40.633
!MESSAGE port: COM10

!ENTRY com.st.stm32cube.ide.mpu.remote.serial 1 1 2026-08-04 20:19:40.634
!MESSAGE port: COM11

!ENTRY com.st.stm32cube.ide.mpu.remote.serial 1 1 2026-08-04 20:19:40.635
!MESSAGE port: COM12

!ENTRY com.st.stm32cube.ide.mpu.remote.serial 1 1 2026-08-04 20:19:40.636
!MESSAGE port: COM13

!ENTRY com.st.stm32cube.ide.mpu.remote.serial 1 1 2026-08-04 20:19:40.638
!MESSAGE port: COM16

!ENTRY com.st.stm32cube.ide.mpu.remote.serial 1 1 2026-08-04 20:32:13.999
!MESSAGE Executed PowerShell command powershell.exe -Command "Get-CimInstance -ClassName Win32_SerialPort | Select-Object -ExpandProperty DeviceID":
COM4
COM5
COM6
COM8
COM17
COM3
COM9
COM10
COM11
COM12
COM13
COM16
COM7


!ENTRY com.st.stm32cube.ide.mpu.remote.serial 1 1 2026-08-04 20:32:14.003
!MESSAGE port: COM4

!ENTRY com.st.stm32cube.ide.mpu.remote.serial 1 1 2026-08-04 20:32:14.005
!MESSAGE port: COM5

!ENTRY com.st.stm32cube.ide.mpu.remote.serial 1 1 2026-08-04 20:32:14.006
!MESSAGE port: COM6

!ENTRY com.st.stm32cube.ide.mpu.remote.serial 1 1 2026-08-04 20:32:14.007
!MESSAGE port: COM8

!ENTRY com.st.stm32cube.ide.mpu.remote.serial 1 1 2026-08-04 20:32:14.010
!MESSAGE port: COM17

!ENTRY com.st.stm32cube.ide.mpu.remote.serial 1 1 2026-08-04 20:32:14.011
!MESSAGE port: COM3

!ENTRY com.st.stm32cube.ide.mpu.remote.serial 1 1 2026-08-04 20:32:14.013
!MESSAGE port: COM9

!ENTRY com.st.stm32cube.ide.mpu.remote.serial 1 1 2026-08-04 20:32:14.014
!MESSAGE port: COM10

!ENTRY com.st.stm32cube.ide.mpu.remote.serial 1 1 2026-08-04 20:32:14.016
!MESSAGE port: COM11

!ENTRY com.st.stm32cube.ide.mpu.remote.serial 1 1 2026-08-04 20:32:14.018
!MESSAGE port: COM12

!ENTRY com.st.stm32cube.ide.mpu.remote.serial 1 1 2026-08-04 20:32:14.020
!MESSAGE port: COM13

!ENTRY com.st.stm32cube.ide.mpu.remote.serial 1 1 2026-08-04 20:32:14.022
!MESSAGE port: COM16

!ENTRY com.st.stm32cube.ide.mpu.remote.serial 1 1 2026-08-04 20:32:14.024
!MESSAGE port: COM7

!ENTRY com.st.stm32cube.ide.mpu.remote.serial 1 1 2026-08-04 20:32:56.131
!MESSAGE Executed PowerShell command powershell.exe -Command "Get-CimInstance -ClassName Win32_SerialPort | Select-Object -ExpandProperty DeviceID":
COM4
COM5
COM6
COM8
COM17
COM3
COM9
COM10
COM11
COM12
COM13
COM16


!ENTRY com.st.stm32cube.ide.mpu.remote.serial 1 1 2026-08-04 20:32:56.133
!MESSAGE port: COM4

!ENTRY com.st.stm32cube.ide.mpu.remote.serial 1 1 2026-08-04 20:32:56.136
!MESSAGE port: COM5

!ENTRY com.st.stm32cube.ide.mpu.remote.serial 1 1 2026-08-04 20:32:56.137
!MESSAGE port: COM6

!ENTRY com.st.stm32cube.ide.mpu.remote.serial 1 1 2026-08-04 20:32:56.138
!MESSAGE port: COM8

!ENTRY com.st.stm32cube.ide.mpu.remote.serial 1 1 2026-08-04 20:32:56.140
!MESSAGE port: COM17

!ENTRY com.st.stm32cube.ide.mpu.remote.serial 1 1 2026-08-04 20:32:56.141
!MESSAGE port: COM3

!ENTRY com.st.stm32cube.ide.mpu.remote.serial 1 1 2026-08-04 20:32:56.143
!MESSAGE port: COM9

!ENTRY com.st.stm32cube.ide.mpu.remote.serial 1 1 2026-08-04 20:32:56.145
!MESSAGE port: COM10

!ENTRY com.st.stm32cube.ide.mpu.remote.serial 1 1 2026-08-04 20:32:56.146
!MESSAGE port: COM11

!ENTRY com.st.stm32cube.ide.mpu.remote.serial 1 1 2026-08-04 20:32:56.147
!MESSAGE port: COM12

!ENTRY com.st.stm32cube.ide.mpu.remote.serial 1 1 2026-08-04 20:32:56.149
!MESSAGE port: COM13

!ENTRY com.st.stm32cube.ide.mpu.remote.serial 1 1 2026-08-04 20:32:56.150
!MESSAGE port: COM16

!ENTRY com.st.stm32cube.ide.mpu.remote.serial 1 1 2026-08-04 20:50:20.813
!MESSAGE Executed PowerShell command powershell.exe -Command "Get-CimInstance -ClassName Win32_SerialPort | Select-Object -ExpandProperty DeviceID":
COM4
COM5
COM6
COM8
COM17
COM3
COM9
COM10
COM11
COM12
COM13
COM16
COM7


!ENTRY com.st.stm32cube.ide.mpu.remote.serial 1 1 2026-08-04 20:50:20.816
!MESSAGE port: COM4

!ENTRY com.st.stm32cube.ide.mpu.remote.serial 1 1 2026-08-04 20:50:20.817
!MESSAGE port: COM5

!ENTRY com.st.stm32cube.ide.mpu.remote.serial 1 1 2026-08-04 20:50:20.819
!MESSAGE port: COM6

!ENTRY com.st.stm32cube.ide.mpu.remote.serial 1 1 2026-08-04 20:50:20.820
!MESSAGE port: COM8

!ENTRY com.st.stm32cube.ide.mpu.remote.serial 1 1 2026-08-04 20:50:20.821
!MESSAGE port: COM17

!ENTRY com.st.stm32cube.ide.mpu.remote.serial 1 1 2026-08-04 20:50:20.823
!MESSAGE port: COM3

!ENTRY com.st.stm32cube.ide.mpu.remote.serial 1 1 2026-08-04 20:50:20.824
!MESSAGE port: COM9

!ENTRY com.st.stm32cube.ide.mpu.remote.serial 1 1 2026-08-04 20:50:20.826
!MESSAGE port: COM10

!ENTRY com.st.stm32cube.ide.mpu.remote.serial 1 1 2026-08-04 20:50:20.827
!MESSAGE port: COM11

!ENTRY com.st.stm32cube.ide.mpu.remote.serial 1 1 2026-08-04 20:50:20.828
!MESSAGE port: COM12

!ENTRY com.st.stm32cube.ide.mpu.remote.serial 1 1 2026-08-04 20:50:20.830
!MESSAGE port: COM13

!ENTRY com.st.stm32cube.ide.mpu.remote.serial 1 1 2026-08-04 20:50:20.833
!MESSAGE port: COM16

!ENTRY com.st.stm32cube.ide.mpu.remote.serial 1 1 2026-08-04 20:50:20.834
!MESSAGE port: COM7

!ENTRY com.st.stm32cube.ide.mpu.remote.serial 1 1 2026-08-04 20:50:53.916
!MESSAGE Executed PowerShell command powershell.exe -Command "Get-CimInstance -ClassName Win32_SerialPort | Select-Object -ExpandProperty DeviceID":
COM4
COM5
COM6
COM8
COM17
COM3
COM9
COM10
COM11
COM12
COM13
COM16


!ENTRY com.st.stm32cube.ide.mpu.remote.serial 1 1 2026-08-04 20:50:53.918
!MESSAGE port: COM4

!ENTRY com.st.stm32cube.ide.mpu.remote.serial 1 1 2026-08-04 20:50:53.920
!MESSAGE port: COM5

!ENTRY com.st.stm32cube.ide.mpu.remote.serial 1 1 2026-08-04 20:50:53.921
!MESSAGE port: COM6

!ENTRY com.st.stm32cube.ide.mpu.remote.serial 1 1 2026-08-04 20:50:53.922
!MESSAGE port: COM8

!ENTRY com.st.stm32cube.ide.mpu.remote.serial 1 1 2026-08-04 20:50:53.924
!MESSAGE port: COM17

!ENTRY com.st.stm32cube.ide.mpu.remote.serial 1 1 2026-08-04 20:50:53.926
!MESSAGE port: COM3

!ENTRY com.st.stm32cube.ide.mpu.remote.serial 1 1 2026-08-04 20:50:53.926
!MESSAGE port: COM9

!ENTRY com.st.stm32cube.ide.mpu.remote.serial 1 1 2026-08-04 20:50:53.928
!MESSAGE port: COM10

!ENTRY com.st.stm32cube.ide.mpu.remote.serial 1 1 2026-08-04 20:50:53.929
!MESSAGE port: COM11

!ENTRY com.st.stm32cube.ide.mpu.remote.serial 1 1 2026-08-04 20:50:53.932
!MESSAGE port: COM12

!ENTRY com.st.stm32cube.ide.mpu.remote.serial 1 1 2026-08-04 20:50:53.934
!MESSAGE port: COM13

!ENTRY com.st.stm32cube.ide.mpu.remote.serial 1 1 2026-08-04 20:50:53.935
!MESSAGE port: COM16

!ENTRY com.st.stm32cube.ide.mpu.remote.serial 1 1 2026-08-04 21:42:20.813
!MESSAGE Executed PowerShell command powershell.exe -Command "Get-CimInstance -ClassName Win32_SerialPort | Select-Object -ExpandProperty DeviceID":
COM4
COM5
COM6
COM8
COM17
COM3
COM9
COM10
COM11
COM12
COM13
COM16


!ENTRY com.st.stm32cube.ide.mpu.remote.serial 1 1 2026-08-04 21:42:20.815
!MESSAGE port: COM4

!ENTRY com.st.stm32cube.ide.mpu.remote.serial 1 1 2026-08-04 21:42:20.815
!MESSAGE port: COM5

!ENTRY com.st.stm32cube.ide.mpu.remote.serial 1 1 2026-08-04 21:42:20.816
!MESSAGE port: COM6

!ENTRY com.st.stm32cube.ide.mpu.remote.serial 1 1 2026-08-04 21:42:20.817
!MESSAGE port: COM8

!ENTRY com.st.stm32cube.ide.mpu.remote.serial 1 1 2026-08-04 21:42:20.818
!MESSAGE port: COM17

!ENTRY com.st.stm32cube.ide.mpu.remote.serial 1 1 2026-08-04 21:42:20.819
!MESSAGE port: COM3

!ENTRY com.st.stm32cube.ide.mpu.remote.serial 1 1 2026-08-04 21:42:20.820
!MESSAGE port: COM9

!ENTRY com.st.stm32cube.ide.mpu.remote.serial 1 1 2026-08-04 21:42:20.821
!MESSAGE port: COM10

!ENTRY com.st.stm32cube.ide.mpu.remote.serial 1 1 2026-08-04 21:42:20.823
!MESSAGE port: COM11

!ENTRY com.st.stm32cube.ide.mpu.remote.serial 1 1 2026-08-04 21:42:20.823
!MESSAGE port: COM12

!ENTRY com.st.stm32cube.ide.mpu.remote.serial 1 1 2026-08-04 21:42:20.824
!MESSAGE port: COM13

!ENTRY com.st.stm32cube.ide.mpu.remote.serial 1 1 2026-08-04 21:42:20.824
!MESSAGE port: COM16

!ENTRY com.st.stm32cube.ide.mpu.remote.serial 1 1 2026-08-04 21:42:52.128
!MESSAGE Executed PowerShell command powershell.exe -Command "Get-CimInstance -ClassName Win32_SerialPort | Select-Object -ExpandProperty DeviceID":
COM4
COM5
COM6
COM8
COM17
COM3
COM9
COM10
COM11
COM12
COM13
COM16


!ENTRY com.st.stm32cube.ide.mpu.remote.serial 1 1 2026-08-04 21:42:52.130
!MESSAGE port: COM4

!ENTRY com.st.stm32cube.ide.mpu.remote.serial 1 1 2026-08-04 21:42:52.130
!MESSAGE port: COM5

!ENTRY com.st.stm32cube.ide.mpu.remote.serial 1 1 2026-08-04 21:42:52.131
!MESSAGE port: COM6

!ENTRY com.st.stm32cube.ide.mpu.remote.serial 1 1 2026-08-04 21:42:52.132
!MESSAGE port: COM8

!ENTRY com.st.stm32cube.ide.mpu.remote.serial 1 1 2026-08-04 21:42:52.133
!MESSAGE port: COM17

!ENTRY com.st.stm32cube.ide.mpu.remote.serial 1 1 2026-08-04 21:42:52.133
!MESSAGE port: COM3

!ENTRY com.st.stm32cube.ide.mpu.remote.serial 1 1 2026-08-04 21:42:52.134
!MESSAGE port: COM9

!ENTRY com.st.stm32cube.ide.mpu.remote.serial 1 1 2026-08-04 21:42:52.135
!MESSAGE port: COM10

!ENTRY com.st.stm32cube.ide.mpu.remote.serial 1 1 2026-08-04 21:42:52.136
!MESSAGE port: COM11

!ENTRY com.st.stm32cube.ide.mpu.remote.serial 1 1 2026-08-04 21:42:52.136
!MESSAGE port: COM12

!ENTRY com.st.stm32cube.ide.mpu.remote.serial 1 1 2026-08-04 21:42:52.137
!MESSAGE port: COM13

!ENTRY com.st.stm32cube.ide.mpu.remote.serial 1 1 2026-08-04 21:42:52.137
!MESSAGE port: COM16

!ENTRY com.st.stm32cube.ide.mpu.remote.serial 1 1 2026-08-04 21:44:56.998
!MESSAGE Executed PowerShell command powershell.exe -Command "Get-CimInstance -ClassName Win32_SerialPort | Select-Object -ExpandProperty DeviceID":
COM4
COM5
COM6
COM8
COM17
COM3
COM9
COM10
COM11
COM12
COM13
COM16


!ENTRY com.st.stm32cube.ide.mpu.remote.serial 1 1 2026-08-04 21:44:56.999
!MESSAGE port: COM4

!ENTRY com.st.stm32cube.ide.mpu.remote.serial 1 1 2026-08-04 21:44:57.000
!MESSAGE port: COM5

!ENTRY com.st.stm32cube.ide.mpu.remote.serial 1 1 2026-08-04 21:44:57.001
!MESSAGE port: COM6

!ENTRY com.st.stm32cube.ide.mpu.remote.serial 1 1 2026-08-04 21:44:57.002
!MESSAGE port: COM8

!ENTRY com.st.stm32cube.ide.mpu.remote.serial 1 1 2026-08-04 21:44:57.003
!MESSAGE port: COM17

!ENTRY com.st.stm32cube.ide.mpu.remote.serial 1 1 2026-08-04 21:44:57.004
!MESSAGE port: COM3

!ENTRY com.st.stm32cube.ide.mpu.remote.serial 1 1 2026-08-04 21:44:57.004
!MESSAGE port: COM9

!ENTRY com.st.stm32cube.ide.mpu.remote.serial 1 1 2026-08-04 21:44:57.006
!MESSAGE port: COM10

!ENTRY com.st.stm32cube.ide.mpu.remote.serial 1 1 2026-08-04 21:44:57.007
!MESSAGE port: COM11

!ENTRY com.st.stm32cube.ide.mpu.remote.serial 1 1 2026-08-04 21:44:57.008
!MESSAGE port: COM12

!ENTRY com.st.stm32cube.ide.mpu.remote.serial 1 1 2026-08-04 21:44:57.009
!MESSAGE port: COM13

!ENTRY com.st.stm32cube.ide.mpu.remote.serial 1 1 2026-08-04 21:44:57.010
!MESSAGE port: COM16

!ENTRY com.st.stm32cube.ide.mpu.remote.serial 1 1 2026-08-04 21:45:28.240
!MESSAGE Executed PowerShell command powershell.exe -Command "Get-CimInstance -ClassName Win32_SerialPort | Select-Object -ExpandProperty DeviceID":
COM4
COM5
COM6
COM8
COM17
COM3
COM9
COM10
COM11
COM12
COM13
COM16


!ENTRY com.st.stm32cube.ide.mpu.remote.serial 1 1 2026-08-04 21:45:28.241
!MESSAGE port: COM4

!ENTRY com.st.stm32cube.ide.mpu.remote.serial 1 1 2026-08-04 21:45:28.242
!MESSAGE port: COM5

!ENTRY com.st.stm32cube.ide.mpu.remote.serial 1 1 2026-08-04 21:45:28.244
!MESSAGE port: COM6

!ENTRY com.st.stm32cube.ide.mpu.remote.serial 1 1 2026-08-04 21:45:28.244
!MESSAGE port: COM8

!ENTRY com.st.stm32cube.ide.mpu.remote.serial 1 1 2026-08-04 21:45:28.245
!MESSAGE port: COM17

!ENTRY com.st.stm32cube.ide.mpu.remote.serial 1 1 2026-08-04 21:45:28.247
!MESSAGE port: COM3

!ENTRY com.st.stm32cube.ide.mpu.remote.serial 1 1 2026-08-04 21:45:28.248
!MESSAGE port: COM9

!ENTRY com.st.stm32cube.ide.mpu.remote.serial 1 1 2026-08-04 21:45:28.248
!MESSAGE port: COM10

!ENTRY com.st.stm32cube.ide.mpu.remote.serial 1 1 2026-08-04 21:45:28.249
!MESSAGE port: COM11

!ENTRY com.st.stm32cube.ide.mpu.remote.serial 1 1 2026-08-04 21:45:28.250
!MESSAGE port: COM12

!ENTRY com.st.stm32cube.ide.mpu.remote.serial 1 1 2026-08-04 21:45:28.250
!MESSAGE port: COM13

!ENTRY com.st.stm32cube.ide.mpu.remote.serial 1 1 2026-08-04 21:45:28.252
!MESSAGE port: COM16

!ENTRY com.st.stm32cube.ide.mpu.remote.serial 1 1 2026-08-04 21:48:50.435
!MESSAGE Executed PowerShell command powershell.exe -Command "Get-CimInstance -ClassName Win32_SerialPort | Select-Object -ExpandProperty DeviceID":
COM4
COM5
COM6
COM8
COM17
COM3
COM9
COM10
COM11
COM12
COM13
COM16
COM7


!ENTRY com.st.stm32cube.ide.mpu.remote.serial 1 1 2026-08-04 21:48:50.436
!MESSAGE port: COM4

!ENTRY com.st.stm32cube.ide.mpu.remote.serial 1 1 2026-08-04 21:48:50.439
!MESSAGE port: COM5

!ENTRY com.st.stm32cube.ide.mpu.remote.serial 1 1 2026-08-04 21:48:50.440
!MESSAGE port: COM6

!ENTRY com.st.stm32cube.ide.mpu.remote.serial 1 1 2026-08-04 21:48:50.440
!MESSAGE port: COM8

!ENTRY com.st.stm32cube.ide.mpu.remote.serial 1 1 2026-08-04 21:48:50.441
!MESSAGE port: COM17

!ENTRY com.st.stm32cube.ide.mpu.remote.serial 1 1 2026-08-04 21:48:50.442
!MESSAGE port: COM3

!ENTRY com.st.stm32cube.ide.mpu.remote.serial 1 1 2026-08-04 21:48:50.442
!MESSAGE port: COM9

!ENTRY com.st.stm32cube.ide.mpu.remote.serial 1 1 2026-08-04 21:48:50.444
!MESSAGE port: COM10

!ENTRY com.st.stm32cube.ide.mpu.remote.serial 1 1 2026-08-04 21:48:50.444
!MESSAGE port: COM11

!ENTRY com.st.stm32cube.ide.mpu.remote.serial 1 1 2026-08-04 21:48:50.446
!MESSAGE port: COM12

!ENTRY com.st.stm32cube.ide.mpu.remote.serial 1 1 2026-08-04 21:48:50.447
!MESSAGE port: COM13

!ENTRY com.st.stm32cube.ide.mpu.remote.serial 1 1 2026-08-04 21:48:50.451
!MESSAGE port: COM16

!ENTRY com.st.stm32cube.ide.mpu.remote.serial 1 1 2026-08-04 21:48:50.452
!MESSAGE port: COM7

!ENTRY com.st.stm32cube.ide.mpu.remote.serial 1 1 2026-08-04 21:51:25.618
!MESSAGE Executed PowerShell command powershell.exe -Command "Get-CimInstance -ClassName Win32_SerialPort | Select-Object -ExpandProperty DeviceID":
COM4
COM5
COM6
COM8
COM17
COM3
COM9
COM10
COM11
COM12
COM13
COM16


!ENTRY com.st.stm32cube.ide.mpu.remote.serial 1 1 2026-08-04 21:51:25.619
!MESSAGE port: COM4

!ENTRY com.st.stm32cube.ide.mpu.remote.serial 1 1 2026-08-04 21:51:25.620
!MESSAGE port: COM5

!ENTRY com.st.stm32cube.ide.mpu.remote.serial 1 1 2026-08-04 21:51:25.620
!MESSAGE port: COM6

!ENTRY com.st.stm32cube.ide.mpu.remote.serial 1 1 2026-08-04 21:51:25.621
!MESSAGE port: COM8

!ENTRY com.st.stm32cube.ide.mpu.remote.serial 1 1 2026-08-04 21:51:25.621
!MESSAGE port: COM17

!ENTRY com.st.stm32cube.ide.mpu.remote.serial 1 1 2026-08-04 21:51:25.623
!MESSAGE port: COM3

!ENTRY com.st.stm32cube.ide.mpu.remote.serial 1 1 2026-08-04 21:51:25.623
!MESSAGE port: COM9

!ENTRY com.st.stm32cube.ide.mpu.remote.serial 1 1 2026-08-04 21:51:25.624
!MESSAGE port: COM10

!ENTRY com.st.stm32cube.ide.mpu.remote.serial 1 1 2026-08-04 21:51:25.625
!MESSAGE port: COM11

!ENTRY com.st.stm32cube.ide.mpu.remote.serial 1 1 2026-08-04 21:51:25.625
!MESSAGE port: COM12

!ENTRY com.st.stm32cube.ide.mpu.remote.serial 1 1 2026-08-04 21:51:25.626
!MESSAGE port: COM13

!ENTRY com.st.stm32cube.ide.mpu.remote.serial 1 1 2026-08-04 21:51:25.626
!MESSAGE port: COM16

!ENTRY com.st.stm32cube.ide.mpu.remote.serial 1 1 2026-08-04 23:39:10.922
!MESSAGE Executed PowerShell command powershell.exe -Command "Get-CimInstance -ClassName Win32_SerialPort | Select-Object -ExpandProperty DeviceID":
COM4
COM5
COM6
COM8
COM17
COM3
COM9
COM10
COM11
COM12
COM13
COM16
COM7


!ENTRY com.st.stm32cube.ide.mpu.remote.serial 1 1 2026-08-04 23:39:10.923
!MESSAGE port: COM4

!ENTRY com.st.stm32cube.ide.mpu.remote.serial 1 1 2026-08-04 23:39:10.925
!MESSAGE port: COM5

!ENTRY com.st.stm32cube.ide.mpu.remote.serial 1 1 2026-08-04 23:39:10.926
!MESSAGE port: COM6

!ENTRY com.st.stm32cube.ide.mpu.remote.serial 1 1 2026-08-04 23:39:10.927
!MESSAGE port: COM8

!ENTRY com.st.stm32cube.ide.mpu.remote.serial 1 1 2026-08-04 23:39:10.927
!MESSAGE port: COM17

!ENTRY com.st.stm32cube.ide.mpu.remote.serial 1 1 2026-08-04 23:39:10.929
!MESSAGE port: COM3

!ENTRY com.st.stm32cube.ide.mpu.remote.serial 1 1 2026-08-04 23:39:10.929
!MESSAGE port: COM9

!ENTRY com.st.stm32cube.ide.mpu.remote.serial 1 1 2026-08-04 23:39:10.931
!MESSAGE port: COM10

!ENTRY com.st.stm32cube.ide.mpu.remote.serial 1 1 2026-08-04 23:39:10.933
!MESSAGE port: COM11

!ENTRY com.st.stm32cube.ide.mpu.remote.serial 1 1 2026-08-04 23:39:10.933
!MESSAGE port: COM12

!ENTRY com.st.stm32cube.ide.mpu.remote.serial 1 1 2026-08-04 23:39:10.935
!MESSAGE port: COM13

!ENTRY com.st.stm32cube.ide.mpu.remote.serial 1 1 2026-08-04 23:39:10.935
!MESSAGE port: COM16

!ENTRY com.st.stm32cube.ide.mpu.remote.serial 1 1 2026-08-04 23:39:10.938
!MESSAGE port: COM7

!ENTRY com.st.stm32cube.ide.mpu.remote.serial 1 1 2026-08-04 23:39:44.264
!MESSAGE Executed PowerShell command powershell.exe -Command "Get-CimInstance -ClassName Win32_SerialPort | Select-Object -ExpandProperty DeviceID":
COM4
COM5
COM6
COM8
COM17
COM3
COM9
COM10
COM11
COM12
COM13
COM16


!ENTRY com.st.stm32cube.ide.mpu.remote.serial 1 1 2026-08-04 23:39:44.266
!MESSAGE port: COM4

!ENTRY com.st.stm32cube.ide.mpu.remote.serial 1 1 2026-08-04 23:39:44.266
!MESSAGE port: COM5

!ENTRY com.st.stm32cube.ide.mpu.remote.serial 1 1 2026-08-04 23:39:44.266
!MESSAGE port: COM6

!ENTRY com.st.stm32cube.ide.mpu.remote.serial 1 1 2026-08-04 23:39:44.270
!MESSAGE port: COM8

!ENTRY com.st.stm32cube.ide.mpu.remote.serial 1 1 2026-08-04 23:39:44.270
!MESSAGE port: COM17

!ENTRY com.st.stm32cube.ide.mpu.remote.serial 1 1 2026-08-04 23:39:44.272
!MESSAGE port: COM3

!ENTRY com.st.stm32cube.ide.mpu.remote.serial 1 1 2026-08-04 23:39:44.272
!MESSAGE port: COM9

!ENTRY com.st.stm32cube.ide.mpu.remote.serial 1 1 2026-08-04 23:39:44.274
!MESSAGE port: COM10

!ENTRY com.st.stm32cube.ide.mpu.remote.serial 1 1 2026-08-04 23:39:44.274
!MESSAGE port: COM11

!ENTRY com.st.stm32cube.ide.mpu.remote.serial 1 1 2026-08-04 23:39:44.276
!MESSAGE port: COM12

!ENTRY com.st.stm32cube.ide.mpu.remote.serial 1 1 2026-08-04 23:39:44.278
!MESSAGE port: COM13

!ENTRY com.st.stm32cube.ide.mpu.remote.serial 1 1 2026-08-04 23:39:44.280
!MESSAGE port: COM16

!ENTRY com.st.stm32cube.ide.mpu.remote.serial 1 1 2026-08-05 00:09:50.140
!MESSAGE Executed PowerShell command powershell.exe -Command "Get-CimInstance -ClassName Win32_SerialPort | Select-Object -ExpandProperty DeviceID":
COM4
COM5
COM6
COM8
COM17
COM3
COM9
COM10
COM11
COM12
COM13
COM16
COM7


!ENTRY com.st.stm32cube.ide.mpu.remote.serial 1 1 2026-08-05 00:09:50.184
!MESSAGE port: COM4

!ENTRY com.st.stm32cube.ide.mpu.remote.serial 1 1 2026-08-05 00:09:50.186
!MESSAGE port: COM5

!ENTRY com.st.stm32cube.ide.mpu.remote.serial 1 1 2026-08-05 00:09:50.188
!MESSAGE port: COM6

!ENTRY com.st.stm32cube.ide.mpu.remote.serial 1 1 2026-08-05 00:09:50.191
!MESSAGE port: COM8

!ENTRY com.st.stm32cube.ide.mpu.remote.serial 1 1 2026-08-05 00:09:50.193
!MESSAGE port: COM17

!ENTRY com.st.stm32cube.ide.mpu.remote.serial 1 1 2026-08-05 00:09:50.195
!MESSAGE port: COM3

!ENTRY com.st.stm32cube.ide.mpu.remote.serial 1 1 2026-08-05 00:09:50.200
!MESSAGE port: COM9

!ENTRY com.st.stm32cube.ide.mpu.remote.serial 1 1 2026-08-05 00:09:50.204
!MESSAGE port: COM10

!ENTRY com.st.stm32cube.ide.mpu.remote.serial 1 1 2026-08-05 00:09:50.206
!MESSAGE port: COM11

!ENTRY com.st.stm32cube.ide.mpu.remote.serial 1 1 2026-08-05 00:09:50.209
!MESSAGE port: COM12

!ENTRY com.st.stm32cube.ide.mpu.remote.serial 1 1 2026-08-05 00:09:50.211
!MESSAGE port: COM13

!ENTRY com.st.stm32cube.ide.mpu.remote.serial 1 1 2026-08-05 00:09:50.213
!MESSAGE port: COM16

!ENTRY com.st.stm32cube.ide.mpu.remote.serial 1 1 2026-08-05 00:09:50.216
!MESSAGE port: COM7

!ENTRY com.st.stm32cube.ide.mpu.remote.serial 1 1 2026-08-05 00:13:20.726
!MESSAGE Executed PowerShell command powershell.exe -Command "Get-CimInstance -ClassName Win32_SerialPort | Select-Object -ExpandProperty DeviceID":
COM4
COM5
COM6
COM8
COM17
COM3
COM9
COM10
COM11
COM12
COM13
COM16


!ENTRY com.st.stm32cube.ide.mpu.remote.serial 1 1 2026-08-05 00:13:20.737
!MESSAGE port: COM4

!ENTRY com.st.stm32cube.ide.mpu.remote.serial 1 1 2026-08-05 00:13:20.737
!MESSAGE port: COM5

!ENTRY com.st.stm32cube.ide.mpu.remote.serial 1 1 2026-08-05 00:13:20.754
!MESSAGE port: COM6

!ENTRY com.st.stm32cube.ide.mpu.remote.serial 1 1 2026-08-05 00:13:20.754
!MESSAGE port: COM8

!ENTRY com.st.stm32cube.ide.mpu.remote.serial 1 1 2026-08-05 00:13:20.754
!MESSAGE port: COM17

!ENTRY com.st.stm32cube.ide.mpu.remote.serial 1 1 2026-08-05 00:13:20.754
!MESSAGE port: COM3

!ENTRY com.st.stm32cube.ide.mpu.remote.serial 1 1 2026-08-05 00:13:20.762
!MESSAGE port: COM9

!ENTRY com.st.stm32cube.ide.mpu.remote.serial 1 1 2026-08-05 00:13:20.762
!MESSAGE port: COM10

!ENTRY com.st.stm32cube.ide.mpu.remote.serial 1 1 2026-08-05 00:13:20.765
!MESSAGE port: COM11

!ENTRY com.st.stm32cube.ide.mpu.remote.serial 1 1 2026-08-05 00:13:20.767
!MESSAGE port: COM12

!ENTRY com.st.stm32cube.ide.mpu.remote.serial 1 1 2026-08-05 00:13:20.767
!MESSAGE port: COM13

!ENTRY com.st.stm32cube.ide.mpu.remote.serial 1 1 2026-08-05 00:13:20.770
!MESSAGE port: COM16

!ENTRY com.st.stm32cube.ide.mpu.remote.serial 1 1 2026-08-05 02:11:53.584
!MESSAGE Executed PowerShell command powershell.exe -Command "Get-CimInstance -ClassName Win32_SerialPort | Select-Object -ExpandProperty DeviceID":
COM4
COM5
COM6
COM8
COM17
COM3
COM9
COM10
COM11
COM12
COM13
COM16


!ENTRY com.st.stm32cube.ide.mpu.remote.serial 1 1 2026-08-05 02:11:53.590
!MESSAGE port: COM4

!ENTRY com.st.stm32cube.ide.mpu.remote.serial 1 1 2026-08-05 02:11:53.593
!MESSAGE port: COM5

!ENTRY com.st.stm32cube.ide.mpu.remote.serial 1 1 2026-08-05 02:11:53.595
!MESSAGE port: COM6

!ENTRY com.st.stm32cube.ide.mpu.remote.serial 1 1 2026-08-05 02:11:53.597
!MESSAGE port: COM8

!ENTRY com.st.stm32cube.ide.mpu.remote.serial 1 1 2026-08-05 02:11:53.599
!MESSAGE port: COM17

!ENTRY com.st.stm32cube.ide.mpu.remote.serial 1 1 2026-08-05 02:11:53.602
!MESSAGE port: COM3

!ENTRY com.st.stm32cube.ide.mpu.remote.serial 1 1 2026-08-05 02:11:53.604
!MESSAGE port: COM9

!ENTRY com.st.stm32cube.ide.mpu.remote.serial 1 1 2026-08-05 02:11:53.606
!MESSAGE port: COM10

!ENTRY com.st.stm32cube.ide.mpu.remote.serial 1 1 2026-08-05 02:11:53.608
!MESSAGE port: COM11

!ENTRY com.st.stm32cube.ide.mpu.remote.serial 1 1 2026-08-05 02:11:53.610
!MESSAGE port: COM12

!ENTRY com.st.stm32cube.ide.mpu.remote.serial 1 1 2026-08-05 02:11:53.612
!MESSAGE port: COM13

!ENTRY com.st.stm32cube.ide.mpu.remote.serial 1 1 2026-08-05 02:11:53.614
!MESSAGE port: COM16

!ENTRY com.st.stm32cube.ide.mpu.remote.serial 1 1 2026-08-05 02:12:25.225
!MESSAGE Executed PowerShell command powershell.exe -Command "Get-CimInstance -ClassName Win32_SerialPort | Select-Object -ExpandProperty DeviceID":
COM4
COM5
COM6
COM8
COM17
COM3
COM9
COM10
COM11
COM12
COM13
COM16


!ENTRY com.st.stm32cube.ide.mpu.remote.serial 1 1 2026-08-05 02:12:25.229
!MESSAGE port: COM4

!ENTRY com.st.stm32cube.ide.mpu.remote.serial 1 1 2026-08-05 02:12:25.231
!MESSAGE port: COM5

!ENTRY com.st.stm32cube.ide.mpu.remote.serial 1 1 2026-08-05 02:12:25.233
!MESSAGE port: COM6

!ENTRY com.st.stm32cube.ide.mpu.remote.serial 1 1 2026-08-05 02:12:25.235
!MESSAGE port: COM8

!ENTRY com.st.stm32cube.ide.mpu.remote.serial 1 1 2026-08-05 02:12:25.237
!MESSAGE port: COM17

!ENTRY com.st.stm32cube.ide.mpu.remote.serial 1 1 2026-08-05 02:12:25.239
!MESSAGE port: COM3

!ENTRY com.st.stm32cube.ide.mpu.remote.serial 1 1 2026-08-05 02:12:25.240
!MESSAGE port: COM9

!ENTRY com.st.stm32cube.ide.mpu.remote.serial 1 1 2026-08-05 02:12:25.242
!MESSAGE port: COM10

!ENTRY com.st.stm32cube.ide.mpu.remote.serial 1 1 2026-08-05 02:12:25.243
!MESSAGE port: COM11

!ENTRY com.st.stm32cube.ide.mpu.remote.serial 1 1 2026-08-05 02:12:25.247
!MESSAGE port: COM12

!ENTRY com.st.stm32cube.ide.mpu.remote.serial 1 1 2026-08-05 02:12:25.248
!MESSAGE port: COM13

!ENTRY com.st.stm32cube.ide.mpu.remote.serial 1 1 2026-08-05 02:12:25.250
!MESSAGE port: COM16

!ENTRY com.st.stm32cube.ide.mpu.remote.serial 1 1 2026-08-05 02:14:56.029
!MESSAGE Executed PowerShell command powershell.exe -Command "Get-CimInstance -ClassName Win32_SerialPort | Select-Object -ExpandProperty DeviceID":
COM4
COM5
COM6
COM8
COM17
COM3
COM9
COM10
COM11
COM12
COM13
COM16


!ENTRY com.st.stm32cube.ide.mpu.remote.serial 1 1 2026-08-05 02:14:56.031
!MESSAGE port: COM4

!ENTRY com.st.stm32cube.ide.mpu.remote.serial 1 1 2026-08-05 02:14:56.033
!MESSAGE port: COM5

!ENTRY com.st.stm32cube.ide.mpu.remote.serial 1 1 2026-08-05 02:14:56.035
!MESSAGE port: COM6

!ENTRY com.st.stm32cube.ide.mpu.remote.serial 1 1 2026-08-05 02:14:56.036
!MESSAGE port: COM8

!ENTRY com.st.stm32cube.ide.mpu.remote.serial 1 1 2026-08-05 02:14:56.038
!MESSAGE port: COM17

!ENTRY com.st.stm32cube.ide.mpu.remote.serial 1 1 2026-08-05 02:14:56.040
!MESSAGE port: COM3

!ENTRY com.st.stm32cube.ide.mpu.remote.serial 1 1 2026-08-05 02:14:56.042
!MESSAGE port: COM9

!ENTRY com.st.stm32cube.ide.mpu.remote.serial 1 1 2026-08-05 02:14:56.044
!MESSAGE port: COM10

!ENTRY com.st.stm32cube.ide.mpu.remote.serial 1 1 2026-08-05 02:14:56.045
!MESSAGE port: COM11

!ENTRY com.st.stm32cube.ide.mpu.remote.serial 1 1 2026-08-05 02:14:56.047
!MESSAGE port: COM12

!ENTRY com.st.stm32cube.ide.mpu.remote.serial 1 1 2026-08-05 02:14:56.048
!MESSAGE port: COM13

!ENTRY com.st.stm32cube.ide.mpu.remote.serial 1 1 2026-08-05 02:14:56.050
!MESSAGE port: COM16

!ENTRY com.st.stm32cube.ide.mpu.remote.serial 1 1 2026-08-05 02:15:27.736
!MESSAGE Executed PowerShell command powershell.exe -Command "Get-CimInstance -ClassName Win32_SerialPort | Select-Object -ExpandProperty DeviceID":
COM4
COM5
COM6
COM8
COM17
COM3
COM9
COM10
COM11
COM12
COM13
COM16


!ENTRY com.st.stm32cube.ide.mpu.remote.serial 1 1 2026-08-05 02:15:27.738
!MESSAGE port: COM4

!ENTRY com.st.stm32cube.ide.mpu.remote.serial 1 1 2026-08-05 02:15:27.740
!MESSAGE port: COM5

!ENTRY com.st.stm32cube.ide.mpu.remote.serial 1 1 2026-08-05 02:15:27.741
!MESSAGE port: COM6

!ENTRY com.st.stm32cube.ide.mpu.remote.serial 1 1 2026-08-05 02:15:27.743
!MESSAGE port: COM8

!ENTRY com.st.stm32cube.ide.mpu.remote.serial 1 1 2026-08-05 02:15:27.744
!MESSAGE port: COM17

!ENTRY com.st.stm32cube.ide.mpu.remote.serial 1 1 2026-08-05 02:15:27.746
!MESSAGE port: COM3

!ENTRY com.st.stm32cube.ide.mpu.remote.serial 1 1 2026-08-05 02:15:27.747
!MESSAGE port: COM9

!ENTRY com.st.stm32cube.ide.mpu.remote.serial 1 1 2026-08-05 02:15:27.748
!MESSAGE port: COM10

!ENTRY com.st.stm32cube.ide.mpu.remote.serial 1 1 2026-08-05 02:15:27.750
!MESSAGE port: COM11

!ENTRY com.st.stm32cube.ide.mpu.remote.serial 1 1 2026-08-05 02:15:27.751
!MESSAGE port: COM12

!ENTRY com.st.stm32cube.ide.mpu.remote.serial 1 1 2026-08-05 02:15:27.753
!MESSAGE port: COM13

!ENTRY com.st.stm32cube.ide.mpu.remote.serial 1 1 2026-08-05 02:15:27.754
!MESSAGE port: COM16

!ENTRY com.st.stm32cube.ide.mpu.remote.serial 1 1 2026-08-05 02:18:53.365
!MESSAGE Executed PowerShell command powershell.exe -Command "Get-CimInstance -ClassName Win32_SerialPort | Select-Object -ExpandProperty DeviceID":
COM4
COM5
COM6
COM8
COM17
COM3
COM9
COM10
COM11
COM12
COM13
COM16
COM7


!ENTRY com.st.stm32cube.ide.mpu.remote.serial 1 1 2026-08-05 02:18:53.370
!MESSAGE port: COM4

!ENTRY com.st.stm32cube.ide.mpu.remote.serial 1 1 2026-08-05 02:18:53.372
!MESSAGE port: COM5

!ENTRY com.st.stm32cube.ide.mpu.remote.serial 1 1 2026-08-05 02:18:53.374
!MESSAGE port: COM6

!ENTRY com.st.stm32cube.ide.mpu.remote.serial 1 1 2026-08-05 02:18:53.375
!MESSAGE port: COM8

!ENTRY com.st.stm32cube.ide.mpu.remote.serial 1 1 2026-08-05 02:18:53.376
!MESSAGE port: COM17

!ENTRY com.st.stm32cube.ide.mpu.remote.serial 1 1 2026-08-05 02:18:53.378
!MESSAGE port: COM3

!ENTRY com.st.stm32cube.ide.mpu.remote.serial 1 1 2026-08-05 02:18:53.379
!MESSAGE port: COM9

!ENTRY com.st.stm32cube.ide.mpu.remote.serial 1 1 2026-08-05 02:18:53.380
!MESSAGE port: COM10

!ENTRY com.st.stm32cube.ide.mpu.remote.serial 1 1 2026-08-05 02:18:53.383
!MESSAGE port: COM11

!ENTRY com.st.stm32cube.ide.mpu.remote.serial 1 1 2026-08-05 02:18:53.384
!MESSAGE port: COM12

!ENTRY com.st.stm32cube.ide.mpu.remote.serial 1 1 2026-08-05 02:18:53.386
!MESSAGE port: COM13

!ENTRY com.st.stm32cube.ide.mpu.remote.serial 1 1 2026-08-05 02:18:53.389
!MESSAGE port: COM16

!ENTRY com.st.stm32cube.ide.mpu.remote.serial 1 1 2026-08-05 02:18:53.390
!MESSAGE port: COM7

!ENTRY com.st.stm32cube.ide.mpu.remote.serial 1 1 2026-08-05 02:27:04.401
!MESSAGE Executed PowerShell command powershell.exe -Command "Get-CimInstance -ClassName Win32_SerialPort | Select-Object -ExpandProperty DeviceID":
COM4
COM5
COM6
COM8
COM17
COM3
COM9
COM10
COM11
COM12
COM13
COM16


!ENTRY com.st.stm32cube.ide.mpu.remote.serial 1 1 2026-08-05 02:27:04.403
!MESSAGE port: COM4

!ENTRY com.st.stm32cube.ide.mpu.remote.serial 1 1 2026-08-05 02:27:04.404
!MESSAGE port: COM5

!ENTRY com.st.stm32cube.ide.mpu.remote.serial 1 1 2026-08-05 02:27:04.405
!MESSAGE port: COM6

!ENTRY com.st.stm32cube.ide.mpu.remote.serial 1 1 2026-08-05 02:27:04.407
!MESSAGE port: COM8

!ENTRY com.st.stm32cube.ide.mpu.remote.serial 1 1 2026-08-05 02:27:04.409
!MESSAGE port: COM17

!ENTRY com.st.stm32cube.ide.mpu.remote.serial 1 1 2026-08-05 02:27:04.410
!MESSAGE port: COM3

!ENTRY com.st.stm32cube.ide.mpu.remote.serial 1 1 2026-08-05 02:27:04.411
!MESSAGE port: COM9

!ENTRY com.st.stm32cube.ide.mpu.remote.serial 1 1 2026-08-05 02:27:04.413
!MESSAGE port: COM10

!ENTRY com.st.stm32cube.ide.mpu.remote.serial 1 1 2026-08-05 02:27:04.414
!MESSAGE port: COM11

!ENTRY com.st.stm32cube.ide.mpu.remote.serial 1 1 2026-08-05 02:27:04.415
!MESSAGE port: COM12

!ENTRY com.st.stm32cube.ide.mpu.remote.serial 1 1 2026-08-05 02:27:04.416
!MESSAGE port: COM13

!ENTRY com.st.stm32cube.ide.mpu.remote.serial 1 1 2026-08-05 02:27:04.417
!MESSAGE port: COM16

!ENTRY com.st.stm32cube.ide.mpu.remote.serial 1 1 2026-08-05 02:29:32.811
!MESSAGE Executed PowerShell command powershell.exe -Command "Get-CimInstance -ClassName Win32_SerialPort | Select-Object -ExpandProperty DeviceID":
COM4
COM5
COM6
COM8
COM17
COM3
COM9
COM10
COM11
COM12
COM13
COM16


!ENTRY com.st.stm32cube.ide.mpu.remote.serial 1 1 2026-08-05 02:29:32.813
!MESSAGE port: COM4

!ENTRY com.st.stm32cube.ide.mpu.remote.serial 1 1 2026-08-05 02:29:32.816
!MESSAGE port: COM5

!ENTRY com.st.stm32cube.ide.mpu.remote.serial 1 1 2026-08-05 02:29:32.817
!MESSAGE port: COM6

!ENTRY com.st.stm32cube.ide.mpu.remote.serial 1 1 2026-08-05 02:29:32.819
!MESSAGE port: COM8

!ENTRY com.st.stm32cube.ide.mpu.remote.serial 1 1 2026-08-05 02:29:32.820
!MESSAGE port: COM17

!ENTRY com.st.stm32cube.ide.mpu.remote.serial 1 1 2026-08-05 02:29:32.821
!MESSAGE port: COM3

!ENTRY com.st.stm32cube.ide.mpu.remote.serial 1 1 2026-08-05 02:29:32.823
!MESSAGE port: COM9

!ENTRY com.st.stm32cube.ide.mpu.remote.serial 1 1 2026-08-05 02:29:32.825
!MESSAGE port: COM10

!ENTRY com.st.stm32cube.ide.mpu.remote.serial 1 1 2026-08-05 02:29:32.826
!MESSAGE port: COM11

!ENTRY com.st.stm32cube.ide.mpu.remote.serial 1 1 2026-08-05 02:29:32.828
!MESSAGE port: COM12

!ENTRY com.st.stm32cube.ide.mpu.remote.serial 1 1 2026-08-05 02:29:32.829
!MESSAGE port: COM13

!ENTRY com.st.stm32cube.ide.mpu.remote.serial 1 1 2026-08-05 02:29:32.830
!MESSAGE port: COM16

!ENTRY com.st.stm32cube.ide.mpu.remote.serial 1 1 2026-08-05 02:30:04.377
!MESSAGE Executed PowerShell command powershell.exe -Command "Get-CimInstance -ClassName Win32_SerialPort | Select-Object -ExpandProperty DeviceID":
COM4
COM5
COM6
COM8
COM17
COM3
COM9
COM10
COM11
COM12
COM13
COM16


!ENTRY com.st.stm32cube.ide.mpu.remote.serial 1 1 2026-08-05 02:30:04.378
!MESSAGE port: COM4

!ENTRY com.st.stm32cube.ide.mpu.remote.serial 1 1 2026-08-05 02:30:04.379
!MESSAGE port: COM5

!ENTRY com.st.stm32cube.ide.mpu.remote.serial 1 1 2026-08-05 02:30:04.381
!MESSAGE port: COM6

!ENTRY com.st.stm32cube.ide.mpu.remote.serial 1 1 2026-08-05 02:30:04.382
!MESSAGE port: COM8

!ENTRY com.st.stm32cube.ide.mpu.remote.serial 1 1 2026-08-05 02:30:04.383
!MESSAGE port: COM17

!ENTRY com.st.stm32cube.ide.mpu.remote.serial 1 1 2026-08-05 02:30:04.384
!MESSAGE port: COM3

!ENTRY com.st.stm32cube.ide.mpu.remote.serial 1 1 2026-08-05 02:30:04.386
!MESSAGE port: COM9

!ENTRY com.st.stm32cube.ide.mpu.remote.serial 1 1 2026-08-05 02:30:04.387
!MESSAGE port: COM10

!ENTRY com.st.stm32cube.ide.mpu.remote.serial 1 1 2026-08-05 02:30:04.387
!MESSAGE port: COM11

!ENTRY com.st.stm32cube.ide.mpu.remote.serial 1 1 2026-08-05 02:30:04.388
!MESSAGE port: COM12

!ENTRY com.st.stm32cube.ide.mpu.remote.serial 1 1 2026-08-05 02:30:04.389
!MESSAGE port: COM13

!ENTRY com.st.stm32cube.ide.mpu.remote.serial 1 1 2026-08-05 02:30:04.391
!MESSAGE port: COM16

!ENTRY org.eclipse.cdt.dsf.gdb 4 5012 2026-08-05 02:35:19.874
!MESSAGE Error in final launch sequence:

Failed to execute MI command:
target extended-remote localhost:3333

Error message from debugger back end:
Remote communication error.  Target disconnected: error while reading: No error.
!STACK 1
org.eclipse.core.runtime.CoreException: Failed to execute MI command:
target extended-remote localhost:3333

Error message from debugger back end:
Remote communication error.  Target disconnected: error while reading: No error.
	at org.eclipse.cdt.dsf.concurrent.Query.get(Query.java:112)
	at org.eclipse.cdt.dsf.gdb.launching.GdbLaunchDelegate.launchDebugSession(GdbLaunchDelegate.java:254)
	at org.eclipse.cdt.dsf.gdb.launching.GdbLaunchDelegate.launchDebugger(GdbLaunchDelegate.java:111)
	at org.eclipse.cdt.dsf.gdb.launching.GdbLaunchDelegate.launch(GdbLaunchDelegate.java:99)
	at com.st.stm32cube.ide.mcu.debug.launch.DSFDelegate.launch(DSFDelegate.java:335)
	at org.eclipse.debug.internal.core.LaunchConfiguration.launch(LaunchConfiguration.java:778)
	at org.eclipse.debug.internal.core.LaunchConfiguration.launch(LaunchConfiguration.java:689)
	at org.eclipse.debug.internal.ui.DebugUIPlugin.buildAndLaunch(DebugUIPlugin.java:1052)
	at org.eclipse.debug.internal.ui.DebugUIPlugin$1.run(DebugUIPlugin.java:1254)
	at org.eclipse.core.internal.jobs.Worker.run(Worker.java:63)
Caused by: java.lang.Exception: Remote communication error.  Target disconnected: error while reading: No error.
	at org.eclipse.cdt.dsf.mi.service.command.AbstractMIControl$RxThread.processMIOutput(AbstractMIControl.java:1024)
	at org.eclipse.cdt.dsf.mi.service.command.AbstractMIControl$RxThread.run(AbstractMIControl.java:853)
!SUBENTRY 1 org.eclipse.cdt.dsf.gdb 4 10004 2026-08-05 02:35:19.938
!MESSAGE Failed to execute MI command:
target extended-remote localhost:3333

Error message from debugger back end:
Remote communication error.  Target disconnected: error while reading: No error.
!STACK 0
java.lang.Exception: Remote communication error.  Target disconnected: error while reading: No error.
	at org.eclipse.cdt.dsf.mi.service.command.AbstractMIControl$RxThread.processMIOutput(AbstractMIControl.java:1024)
	at org.eclipse.cdt.dsf.mi.service.command.AbstractMIControl$RxThread.run(AbstractMIControl.java:853)

!ENTRY com.st.stm32cube.ide.mpu.remote.serial 1 1 2026-08-05 02:35:39.254
!MESSAGE Executed PowerShell command powershell.exe -Command "Get-CimInstance -ClassName Win32_SerialPort | Select-Object -ExpandProperty DeviceID":
COM4
COM5
COM6
COM8
COM17
COM3
COM9
COM10
COM11
COM12
COM13
COM16
COM7


!ENTRY com.st.stm32cube.ide.mpu.remote.serial 1 1 2026-08-05 02:35:39.256
!MESSAGE port: COM4

!ENTRY com.st.stm32cube.ide.mpu.remote.serial 1 1 2026-08-05 02:35:39.258
!MESSAGE port: COM5

!ENTRY com.st.stm32cube.ide.mpu.remote.serial 1 1 2026-08-05 02:35:39.259
!MESSAGE port: COM6

!ENTRY com.st.stm32cube.ide.mpu.remote.serial 1 1 2026-08-05 02:35:39.260
!MESSAGE port: COM8

!ENTRY com.st.stm32cube.ide.mpu.remote.serial 1 1 2026-08-05 02:35:39.263
!MESSAGE port: COM17

!ENTRY com.st.stm32cube.ide.mpu.remote.serial 1 1 2026-08-05 02:35:39.265
!MESSAGE port: COM3

!ENTRY com.st.stm32cube.ide.mpu.remote.serial 1 1 2026-08-05 02:35:39.267
!MESSAGE port: COM9

!ENTRY com.st.stm32cube.ide.mpu.remote.serial 1 1 2026-08-05 02:35:39.269
!MESSAGE port: COM10

!ENTRY com.st.stm32cube.ide.mpu.remote.serial 1 1 2026-08-05 02:35:39.270
!MESSAGE port: COM11

!ENTRY com.st.stm32cube.ide.mpu.remote.serial 1 1 2026-08-05 02:35:39.272
!MESSAGE port: COM12

!ENTRY com.st.stm32cube.ide.mpu.remote.serial 1 1 2026-08-05 02:35:39.273
!MESSAGE port: COM13

!ENTRY com.st.stm32cube.ide.mpu.remote.serial 1 1 2026-08-05 02:35:39.274
!MESSAGE port: COM16

!ENTRY com.st.stm32cube.ide.mpu.remote.serial 1 1 2026-08-05 02:35:39.276
!MESSAGE port: COM7

!ENTRY com.st.stm32cube.ide.mpu.remote.serial 1 1 2026-08-05 02:36:36.291
!MESSAGE Executed PowerShell command powershell.exe -Command "Get-CimInstance -ClassName Win32_SerialPort | Select-Object -ExpandProperty DeviceID":
COM4
COM5
COM6
COM8
COM17
COM3
COM9
COM10
COM11
COM12
COM13
COM16


!ENTRY com.st.stm32cube.ide.mpu.remote.serial 1 1 2026-08-05 02:36:36.300
!MESSAGE port: COM4

!ENTRY com.st.stm32cube.ide.mpu.remote.serial 1 1 2026-08-05 02:36:36.301
!MESSAGE port: COM5

!ENTRY com.st.stm32cube.ide.mpu.remote.serial 1 1 2026-08-05 02:36:36.302
!MESSAGE port: COM6

!ENTRY com.st.stm32cube.ide.mpu.remote.serial 1 1 2026-08-05 02:36:36.304
!MESSAGE port: COM8

!ENTRY com.st.stm32cube.ide.mpu.remote.serial 1 1 2026-08-05 02:36:36.305
!MESSAGE port: COM17

!ENTRY com.st.stm32cube.ide.mpu.remote.serial 1 1 2026-08-05 02:36:36.307
!MESSAGE port: COM3

!ENTRY com.st.stm32cube.ide.mpu.remote.serial 1 1 2026-08-05 02:36:36.308
!MESSAGE port: COM9

!ENTRY com.st.stm32cube.ide.mpu.remote.serial 1 1 2026-08-05 02:36:36.309
!MESSAGE port: COM10

!ENTRY com.st.stm32cube.ide.mpu.remote.serial 1 1 2026-08-05 02:36:36.310
!MESSAGE port: COM11

!ENTRY com.st.stm32cube.ide.mpu.remote.serial 1 1 2026-08-05 02:36:36.311
!MESSAGE port: COM12

!ENTRY com.st.stm32cube.ide.mpu.remote.serial 1 1 2026-08-05 02:36:36.313
!MESSAGE port: COM13

!ENTRY com.st.stm32cube.ide.mpu.remote.serial 1 1 2026-08-05 02:36:36.314
!MESSAGE port: COM16

!ENTRY com.st.stm32cube.ide.mpu.remote.serial 1 1 2026-08-05 02:38:44.324
!MESSAGE Executed PowerShell command powershell.exe -Command "Get-CimInstance -ClassName Win32_SerialPort | Select-Object -ExpandProperty DeviceID":
COM4
COM5
COM6
COM8
COM17
COM3
COM9
COM10
COM11
COM12
COM13
COM16
COM7


!ENTRY com.st.stm32cube.ide.mpu.remote.serial 1 1 2026-08-05 02:38:44.327
!MESSAGE port: COM4

!ENTRY com.st.stm32cube.ide.mpu.remote.serial 1 1 2026-08-05 02:38:44.330
!MESSAGE port: COM5

!ENTRY com.st.stm32cube.ide.mpu.remote.serial 1 1 2026-08-05 02:38:44.331
!MESSAGE port: COM6

!ENTRY com.st.stm32cube.ide.mpu.remote.serial 1 1 2026-08-05 02:38:44.332
!MESSAGE port: COM8

!ENTRY com.st.stm32cube.ide.mpu.remote.serial 1 1 2026-08-05 02:38:44.333
!MESSAGE port: COM17

!ENTRY com.st.stm32cube.ide.mpu.remote.serial 1 1 2026-08-05 02:38:44.334
!MESSAGE port: COM3

!ENTRY com.st.stm32cube.ide.mpu.remote.serial 1 1 2026-08-05 02:38:44.336
!MESSAGE port: COM9

!ENTRY com.st.stm32cube.ide.mpu.remote.serial 1 1 2026-08-05 02:38:44.337
!MESSAGE port: COM10

!ENTRY com.st.stm32cube.ide.mpu.remote.serial 1 1 2026-08-05 02:38:44.339
!MESSAGE port: COM11

!ENTRY com.st.stm32cube.ide.mpu.remote.serial 1 1 2026-08-05 02:38:44.340
!MESSAGE port: COM12

!ENTRY com.st.stm32cube.ide.mpu.remote.serial 1 1 2026-08-05 02:38:44.342
!MESSAGE port: COM13

!ENTRY com.st.stm32cube.ide.mpu.remote.serial 1 1 2026-08-05 02:38:44.343
!MESSAGE port: COM16

!ENTRY com.st.stm32cube.ide.mpu.remote.serial 1 1 2026-08-05 02:38:44.344
!MESSAGE port: COM7

!ENTRY com.st.stm32cube.ide.mpu.remote.serial 1 1 2026-08-05 02:39:26.192
!MESSAGE Executed PowerShell command powershell.exe -Command "Get-CimInstance -ClassName Win32_SerialPort | Select-Object -ExpandProperty DeviceID":
COM4
COM5
COM6
COM8
COM17
COM3
COM9
COM10
COM11
COM12
COM13
COM16


!ENTRY com.st.stm32cube.ide.mpu.remote.serial 1 1 2026-08-05 02:39:26.193
!MESSAGE port: COM4

!ENTRY com.st.stm32cube.ide.mpu.remote.serial 1 1 2026-08-05 02:39:26.194
!MESSAGE port: COM5

!ENTRY com.st.stm32cube.ide.mpu.remote.serial 1 1 2026-08-05 02:39:26.195
!MESSAGE port: COM6

!ENTRY com.st.stm32cube.ide.mpu.remote.serial 1 1 2026-08-05 02:39:26.196
!MESSAGE port: COM8

!ENTRY com.st.stm32cube.ide.mpu.remote.serial 1 1 2026-08-05 02:39:26.198
!MESSAGE port: COM17

!ENTRY com.st.stm32cube.ide.mpu.remote.serial 1 1 2026-08-05 02:39:26.198
!MESSAGE port: COM3

!ENTRY com.st.stm32cube.ide.mpu.remote.serial 1 1 2026-08-05 02:39:26.200
!MESSAGE port: COM9

!ENTRY com.st.stm32cube.ide.mpu.remote.serial 1 1 2026-08-05 02:39:26.201
!MESSAGE port: COM10

!ENTRY com.st.stm32cube.ide.mpu.remote.serial 1 1 2026-08-05 02:39:26.203
!MESSAGE port: COM11

!ENTRY com.st.stm32cube.ide.mpu.remote.serial 1 1 2026-08-05 02:39:26.203
!MESSAGE port: COM12

!ENTRY com.st.stm32cube.ide.mpu.remote.serial 1 1 2026-08-05 02:39:26.204
!MESSAGE port: COM13

!ENTRY com.st.stm32cube.ide.mpu.remote.serial 1 1 2026-08-05 02:39:26.205
!MESSAGE port: COM16
!SESSION 2026-08-05 18:18:56.745 -----------------------------------------------
eclipse.buildId=Version 2.2.0
java.version=21.0.10
java.vendor=Eclipse Adoptium
BootLoader constants: OS=win32, ARCH=x86_64, WS=win32, NL=es_AR
Command-line arguments:  -os win32 -ws win32 -arch x86_64

!ENTRY com.st.stm32cube.ide.mcu.informationcenter 1 1 2026-08-05 18:19:25.519
!MESSAGE Log4j2 initialized with config file C:\Users\mechi\OneDrive\FIUBA\2026_1C\TdSEpf\tdse-pf_workspace\.metadata\.log4j2.xml

!ENTRY com.st.stm32cube.ide.mcu.ide 1 1 2026-08-05 18:19:37.773
!MESSAGE Started RMI Server, listening on port 41337

!ENTRY com.st.stm32cube.ide.mpu.remote.serial 1 1 2026-08-05 18:20:11.202
!MESSAGE Executed PowerShell command powershell.exe -Command "Get-CimInstance -ClassName Win32_SerialPort | Select-Object -ExpandProperty DeviceID":
COM4
COM5
COM6
COM8
COM17
COM3
COM9
COM10
COM11
COM12
COM13
COM16


!ENTRY com.st.stm32cube.ide.mpu.remote.serial 1 1 2026-08-05 18:20:11.205
!MESSAGE port: COM4

!ENTRY com.st.stm32cube.ide.mpu.remote.serial 1 1 2026-08-05 18:20:11.206
!MESSAGE port: COM5

!ENTRY com.st.stm32cube.ide.mpu.remote.serial 1 1 2026-08-05 18:20:11.208
!MESSAGE port: COM6

!ENTRY com.st.stm32cube.ide.mpu.remote.serial 1 1 2026-08-05 18:20:11.209
!MESSAGE port: COM8

!ENTRY com.st.stm32cube.ide.mpu.remote.serial 1 1 2026-08-05 18:20:11.210
!MESSAGE port: COM17

!ENTRY com.st.stm32cube.ide.mpu.remote.serial 1 1 2026-08-05 18:20:11.213
!MESSAGE port: COM3

!ENTRY com.st.stm32cube.ide.mpu.remote.serial 1 1 2026-08-05 18:20:11.214
!MESSAGE port: COM9

!ENTRY com.st.stm32cube.ide.mpu.remote.serial 1 1 2026-08-05 18:20:11.215
!MESSAGE port: COM10

!ENTRY com.st.stm32cube.ide.mpu.remote.serial 1 1 2026-08-05 18:20:11.216
!MESSAGE port: COM11

!ENTRY com.st.stm32cube.ide.mpu.remote.serial 1 1 2026-08-05 18:20:11.217
!MESSAGE port: COM12

!ENTRY com.st.stm32cube.ide.mpu.remote.serial 1 1 2026-08-05 18:20:11.218
!MESSAGE port: COM13

!ENTRY com.st.stm32cube.ide.mpu.remote.serial 1 1 2026-08-05 18:20:11.219
!MESSAGE port: COM16

!ENTRY com.st.stm32cube.ide.mpu.remote.serial 1 1 2026-08-05 18:27:48.416
!MESSAGE Executed PowerShell command powershell.exe -Command "Get-CimInstance -ClassName Win32_SerialPort | Select-Object -ExpandProperty DeviceID":
COM4
COM5
COM6
COM8
COM17
COM3
COM9
COM10
COM11
COM12
COM13
COM16


!ENTRY com.st.stm32cube.ide.mpu.remote.serial 1 1 2026-08-05 18:27:48.417
!MESSAGE port: COM4

!ENTRY com.st.stm32cube.ide.mpu.remote.serial 1 1 2026-08-05 18:27:48.419
!MESSAGE port: COM5

!ENTRY com.st.stm32cube.ide.mpu.remote.serial 1 1 2026-08-05 18:27:48.420
!MESSAGE port: COM6

!ENTRY com.st.stm32cube.ide.mpu.remote.serial 1 1 2026-08-05 18:27:48.421
!MESSAGE port: COM8

!ENTRY com.st.stm32cube.ide.mpu.remote.serial 1 1 2026-08-05 18:27:48.422
!MESSAGE port: COM17

!ENTRY com.st.stm32cube.ide.mpu.remote.serial 1 1 2026-08-05 18:27:48.422
!MESSAGE port: COM3

!ENTRY com.st.stm32cube.ide.mpu.remote.serial 1 1 2026-08-05 18:27:48.423
!MESSAGE port: COM9

!ENTRY com.st.stm32cube.ide.mpu.remote.serial 1 1 2026-08-05 18:27:48.424
!MESSAGE port: COM10

!ENTRY com.st.stm32cube.ide.mpu.remote.serial 1 1 2026-08-05 18:27:48.425
!MESSAGE port: COM11

!ENTRY com.st.stm32cube.ide.mpu.remote.serial 1 1 2026-08-05 18:27:48.425
!MESSAGE port: COM12

!ENTRY com.st.stm32cube.ide.mpu.remote.serial 1 1 2026-08-05 18:27:48.427
!MESSAGE port: COM13

!ENTRY com.st.stm32cube.ide.mpu.remote.serial 1 1 2026-08-05 18:27:48.428
!MESSAGE port: COM16

!ENTRY com.st.stm32cube.ide.mpu.remote.serial 1 1 2026-08-05 18:28:20.099
!MESSAGE Executed PowerShell command powershell.exe -Command "Get-CimInstance -ClassName Win32_SerialPort | Select-Object -ExpandProperty DeviceID":
COM4
COM5
COM6
COM8
COM17
COM3
COM9
COM10
COM11
COM12
COM13
COM16


!ENTRY com.st.stm32cube.ide.mpu.remote.serial 1 1 2026-08-05 18:28:20.100
!MESSAGE port: COM4

!ENTRY com.st.stm32cube.ide.mpu.remote.serial 1 1 2026-08-05 18:28:20.102
!MESSAGE port: COM5

!ENTRY com.st.stm32cube.ide.mpu.remote.serial 1 1 2026-08-05 18:28:20.103
!MESSAGE port: COM6

!ENTRY com.st.stm32cube.ide.mpu.remote.serial 1 1 2026-08-05 18:28:20.104
!MESSAGE port: COM8

!ENTRY com.st.stm32cube.ide.mpu.remote.serial 1 1 2026-08-05 18:28:20.104
!MESSAGE port: COM17

!ENTRY com.st.stm32cube.ide.mpu.remote.serial 1 1 2026-08-05 18:28:20.105
!MESSAGE port: COM3

!ENTRY com.st.stm32cube.ide.mpu.remote.serial 1 1 2026-08-05 18:28:20.106
!MESSAGE port: COM9

!ENTRY com.st.stm32cube.ide.mpu.remote.serial 1 1 2026-08-05 18:28:20.107
!MESSAGE port: COM10

!ENTRY com.st.stm32cube.ide.mpu.remote.serial 1 1 2026-08-05 18:28:20.109
!MESSAGE port: COM11

!ENTRY com.st.stm32cube.ide.mpu.remote.serial 1 1 2026-08-05 18:28:20.110
!MESSAGE port: COM12

!ENTRY com.st.stm32cube.ide.mpu.remote.serial 1 1 2026-08-05 18:28:20.111
!MESSAGE port: COM13

!ENTRY com.st.stm32cube.ide.mpu.remote.serial 1 1 2026-08-05 18:28:20.112
!MESSAGE port: COM16
!SESSION 2026-08-06 19:09:10.422 -----------------------------------------------
eclipse.buildId=Version 2.2.0
java.version=21.0.10
java.vendor=Eclipse Adoptium
BootLoader constants: OS=win32, ARCH=x86_64, WS=win32, NL=es_AR
Command-line arguments:  -os win32 -ws win32 -arch x86_64

!ENTRY org.eclipse.core.resources 2 10035 2026-08-06 19:11:02.515
!MESSAGE The workspace exited with unsaved changes in the previous session; refreshing workspace to recover changes.

!ENTRY com.st.stm32cube.ide.mcu.informationcenter 1 1 2026-08-06 19:11:07.963
!MESSAGE Log4j2 initialized with config file C:\Users\mechi\OneDrive\FIUBA\2026_1C\TdSEpf\tdse-pf_workspace\.metadata\.log4j2.xml

!ENTRY com.st.stm32cube.ide.mcu.ide 1 1 2026-08-06 19:11:19.289
!MESSAGE Started RMI Server, listening on port 41337

!ENTRY com.st.stm32cube.ide.mpu.remote.serial 1 1 2026-08-06 19:12:10.632
!MESSAGE Executed PowerShell command powershell.exe -Command "Get-CimInstance -ClassName Win32_SerialPort | Select-Object -ExpandProperty DeviceID":
COM4
COM5
COM6
COM8
COM17
COM3
COM9
COM10
COM11
COM12
COM13
COM16


!ENTRY com.st.stm32cube.ide.mpu.remote.serial 1 1 2026-08-06 19:12:10.634
!MESSAGE port: COM4

!ENTRY com.st.stm32cube.ide.mpu.remote.serial 1 1 2026-08-06 19:12:10.635
!MESSAGE port: COM5

!ENTRY com.st.stm32cube.ide.mpu.remote.serial 1 1 2026-08-06 19:12:10.636
!MESSAGE port: COM6

!ENTRY com.st.stm32cube.ide.mpu.remote.serial 1 1 2026-08-06 19:12:10.637
!MESSAGE port: COM8

!ENTRY com.st.stm32cube.ide.mpu.remote.serial 1 1 2026-08-06 19:12:10.638
!MESSAGE port: COM17

!ENTRY com.st.stm32cube.ide.mpu.remote.serial 1 1 2026-08-06 19:12:10.639
!MESSAGE port: COM3

!ENTRY com.st.stm32cube.ide.mpu.remote.serial 1 1 2026-08-06 19:12:10.640
!MESSAGE port: COM9

!ENTRY com.st.stm32cube.ide.mpu.remote.serial 1 1 2026-08-06 19:12:10.642
!MESSAGE port: COM10

!ENTRY com.st.stm32cube.ide.mpu.remote.serial 1 1 2026-08-06 19:12:10.642
!MESSAGE port: COM11

!ENTRY com.st.stm32cube.ide.mpu.remote.serial 1 1 2026-08-06 19:12:10.643
!MESSAGE port: COM12

!ENTRY com.st.stm32cube.ide.mpu.remote.serial 1 1 2026-08-06 19:12:10.645
!MESSAGE port: COM13

!ENTRY com.st.stm32cube.ide.mpu.remote.serial 1 1 2026-08-06 19:12:10.645
!MESSAGE port: COM16

!ENTRY com.st.stm32cube.ide.mpu.remote.serial 1 1 2026-08-06 19:25:22.702
!MESSAGE Executed PowerShell command powershell.exe -Command "Get-CimInstance -ClassName Win32_SerialPort | Select-Object -ExpandProperty DeviceID":
COM4
COM5
COM6
COM8
COM17
COM3
COM9
COM10
COM11
COM12
COM13
COM16
COM7


!ENTRY com.st.stm32cube.ide.mpu.remote.serial 1 1 2026-08-06 19:25:22.705
!MESSAGE port: COM4

!ENTRY com.st.stm32cube.ide.mpu.remote.serial 1 1 2026-08-06 19:25:22.707
!MESSAGE port: COM5

!ENTRY com.st.stm32cube.ide.mpu.remote.serial 1 1 2026-08-06 19:25:22.709
!MESSAGE port: COM6

!ENTRY com.st.stm32cube.ide.mpu.remote.serial 1 1 2026-08-06 19:25:22.711
!MESSAGE port: COM8

!ENTRY com.st.stm32cube.ide.mpu.remote.serial 1 1 2026-08-06 19:25:22.713
!MESSAGE port: COM17

!ENTRY com.st.stm32cube.ide.mpu.remote.serial 1 1 2026-08-06 19:25:22.715
!MESSAGE port: COM3

!ENTRY com.st.stm32cube.ide.mpu.remote.serial 1 1 2026-08-06 19:25:22.717
!MESSAGE port: COM9

!ENTRY com.st.stm32cube.ide.mpu.remote.serial 1 1 2026-08-06 19:25:22.718
!MESSAGE port: COM10

!ENTRY com.st.stm32cube.ide.mpu.remote.serial 1 1 2026-08-06 19:25:22.720
!MESSAGE port: COM11

!ENTRY com.st.stm32cube.ide.mpu.remote.serial 1 1 2026-08-06 19:25:22.722
!MESSAGE port: COM12

!ENTRY com.st.stm32cube.ide.mpu.remote.serial 1 1 2026-08-06 19:25:22.724
!MESSAGE port: COM13

!ENTRY com.st.stm32cube.ide.mpu.remote.serial 1 1 2026-08-06 19:25:22.725
!MESSAGE port: COM16

!ENTRY com.st.stm32cube.ide.mpu.remote.serial 1 1 2026-08-06 19:25:22.728
!MESSAGE port: COM7

!ENTRY com.st.stm32cube.ide.mpu.remote.serial 1 1 2026-08-06 19:26:07.978
!MESSAGE Executed PowerShell command powershell.exe -Command "Get-CimInstance -ClassName Win32_SerialPort | Select-Object -ExpandProperty DeviceID":
COM4
COM5
COM6
COM8
COM17
COM3
COM9
COM10
COM11
COM12
COM13
COM16


!ENTRY com.st.stm32cube.ide.mpu.remote.serial 1 1 2026-08-06 19:26:07.980
!MESSAGE port: COM4

!ENTRY com.st.stm32cube.ide.mpu.remote.serial 1 1 2026-08-06 19:26:07.982
!MESSAGE port: COM5

!ENTRY com.st.stm32cube.ide.mpu.remote.serial 1 1 2026-08-06 19:26:07.983
!MESSAGE port: COM6

!ENTRY com.st.stm32cube.ide.mpu.remote.serial 1 1 2026-08-06 19:26:07.984
!MESSAGE port: COM8

!ENTRY com.st.stm32cube.ide.mpu.remote.serial 1 1 2026-08-06 19:26:07.986
!MESSAGE port: COM17

!ENTRY com.st.stm32cube.ide.mpu.remote.serial 1 1 2026-08-06 19:26:07.987
!MESSAGE port: COM3

!ENTRY com.st.stm32cube.ide.mpu.remote.serial 1 1 2026-08-06 19:26:07.989
!MESSAGE port: COM9

!ENTRY com.st.stm32cube.ide.mpu.remote.serial 1 1 2026-08-06 19:26:07.991
!MESSAGE port: COM10

!ENTRY com.st.stm32cube.ide.mpu.remote.serial 1 1 2026-08-06 19:26:07.991
!MESSAGE port: COM11

!ENTRY com.st.stm32cube.ide.mpu.remote.serial 1 1 2026-08-06 19:26:07.994
!MESSAGE port: COM12

!ENTRY com.st.stm32cube.ide.mpu.remote.serial 1 1 2026-08-06 19:26:07.995
!MESSAGE port: COM13

!ENTRY com.st.stm32cube.ide.mpu.remote.serial 1 1 2026-08-06 19:26:07.996
!MESSAGE port: COM16

!ENTRY com.st.stm32cube.ide.mpu.remote.serial 1 1 2026-08-06 19:43:24.048
!MESSAGE Executed PowerShell command powershell.exe -Command "Get-CimInstance -ClassName Win32_SerialPort | Select-Object -ExpandProperty DeviceID":
COM4
COM5
COM6
COM8
COM17
COM3
COM9
COM10
COM11
COM12
COM13
COM16
COM7


!ENTRY com.st.stm32cube.ide.mpu.remote.serial 1 1 2026-08-06 19:43:24.051
!MESSAGE port: COM4

!ENTRY com.st.stm32cube.ide.mpu.remote.serial 1 1 2026-08-06 19:43:24.051
!MESSAGE port: COM5

!ENTRY com.st.stm32cube.ide.mpu.remote.serial 1 1 2026-08-06 19:43:24.052
!MESSAGE port: COM6

!ENTRY com.st.stm32cube.ide.mpu.remote.serial 1 1 2026-08-06 19:43:24.053
!MESSAGE port: COM8

!ENTRY com.st.stm32cube.ide.mpu.remote.serial 1 1 2026-08-06 19:43:24.054
!MESSAGE port: COM17

!ENTRY com.st.stm32cube.ide.mpu.remote.serial 1 1 2026-08-06 19:43:24.054
!MESSAGE port: COM3

!ENTRY com.st.stm32cube.ide.mpu.remote.serial 1 1 2026-08-06 19:43:24.055
!MESSAGE port: COM9

!ENTRY com.st.stm32cube.ide.mpu.remote.serial 1 1 2026-08-06 19:43:24.055
!MESSAGE port: COM10

!ENTRY com.st.stm32cube.ide.mpu.remote.serial 1 1 2026-08-06 19:43:24.057
!MESSAGE port: COM11

!ENTRY com.st.stm32cube.ide.mpu.remote.serial 1 1 2026-08-06 19:43:24.058
!MESSAGE port: COM12

!ENTRY com.st.stm32cube.ide.mpu.remote.serial 1 1 2026-08-06 19:43:24.059
!MESSAGE port: COM13

!ENTRY com.st.stm32cube.ide.mpu.remote.serial 1 1 2026-08-06 19:43:24.060
!MESSAGE port: COM16

!ENTRY com.st.stm32cube.ide.mpu.remote.serial 1 1 2026-08-06 19:43:24.061
!MESSAGE port: COM7

!ENTRY com.st.stm32cube.ide.mpu.remote.serial 1 1 2026-08-06 19:43:59.565
!MESSAGE Executed PowerShell command powershell.exe -Command "Get-CimInstance -ClassName Win32_SerialPort | Select-Object -ExpandProperty DeviceID":
COM4
COM5
COM6
COM8
COM17
COM3
COM9
COM10
COM11
COM12
COM13
COM16


!ENTRY com.st.stm32cube.ide.mpu.remote.serial 1 1 2026-08-06 19:43:59.567
!MESSAGE port: COM4

!ENTRY com.st.stm32cube.ide.mpu.remote.serial 1 1 2026-08-06 19:43:59.567
!MESSAGE port: COM5

!ENTRY com.st.stm32cube.ide.mpu.remote.serial 1 1 2026-08-06 19:43:59.569
!MESSAGE port: COM6

!ENTRY com.st.stm32cube.ide.mpu.remote.serial 1 1 2026-08-06 19:43:59.570
!MESSAGE port: COM8

!ENTRY com.st.stm32cube.ide.mpu.remote.serial 1 1 2026-08-06 19:43:59.571
!MESSAGE port: COM17

!ENTRY com.st.stm32cube.ide.mpu.remote.serial 1 1 2026-08-06 19:43:59.573
!MESSAGE port: COM3

!ENTRY com.st.stm32cube.ide.mpu.remote.serial 1 1 2026-08-06 19:43:59.574
!MESSAGE port: COM9

!ENTRY com.st.stm32cube.ide.mpu.remote.serial 1 1 2026-08-06 19:43:59.575
!MESSAGE port: COM10

!ENTRY com.st.stm32cube.ide.mpu.remote.serial 1 1 2026-08-06 19:43:59.576
!MESSAGE port: COM11

!ENTRY com.st.stm32cube.ide.mpu.remote.serial 1 1 2026-08-06 19:43:59.577
!MESSAGE port: COM12

!ENTRY com.st.stm32cube.ide.mpu.remote.serial 1 1 2026-08-06 19:43:59.578
!MESSAGE port: COM13

!ENTRY com.st.stm32cube.ide.mpu.remote.serial 1 1 2026-08-06 19:43:59.579
!MESSAGE port: COM16

!ENTRY com.st.stm32cube.ide.mpu.remote.serial 1 1 2026-08-06 19:53:56.785
!MESSAGE Executed PowerShell command powershell.exe -Command "Get-CimInstance -ClassName Win32_SerialPort | Select-Object -ExpandProperty DeviceID":
COM4
COM5
COM6
COM8
COM17
COM3
COM9
COM10
COM11
COM12
COM13
COM16


!ENTRY com.st.stm32cube.ide.mpu.remote.serial 1 1 2026-08-06 19:53:56.786
!MESSAGE port: COM4

!ENTRY com.st.stm32cube.ide.mpu.remote.serial 1 1 2026-08-06 19:53:56.787
!MESSAGE port: COM5

!ENTRY com.st.stm32cube.ide.mpu.remote.serial 1 1 2026-08-06 19:53:56.789
!MESSAGE port: COM6

!ENTRY com.st.stm32cube.ide.mpu.remote.serial 1 1 2026-08-06 19:53:56.791
!MESSAGE port: COM8

!ENTRY com.st.stm32cube.ide.mpu.remote.serial 1 1 2026-08-06 19:53:56.792
!MESSAGE port: COM17

!ENTRY com.st.stm32cube.ide.mpu.remote.serial 1 1 2026-08-06 19:53:56.793
!MESSAGE port: COM3

!ENTRY com.st.stm32cube.ide.mpu.remote.serial 1 1 2026-08-06 19:53:56.794
!MESSAGE port: COM9

!ENTRY com.st.stm32cube.ide.mpu.remote.serial 1 1 2026-08-06 19:53:56.795
!MESSAGE port: COM10

!ENTRY com.st.stm32cube.ide.mpu.remote.serial 1 1 2026-08-06 19:53:56.796
!MESSAGE port: COM11

!ENTRY com.st.stm32cube.ide.mpu.remote.serial 1 1 2026-08-06 19:53:56.798
!MESSAGE port: COM12

!ENTRY com.st.stm32cube.ide.mpu.remote.serial 1 1 2026-08-06 19:53:56.799
!MESSAGE port: COM13

!ENTRY com.st.stm32cube.ide.mpu.remote.serial 1 1 2026-08-06 19:53:56.800
!MESSAGE port: COM16

!ENTRY com.st.stm32cube.ide.mpu.remote.serial 1 1 2026-08-06 19:54:28.162
!MESSAGE Executed PowerShell command powershell.exe -Command "Get-CimInstance -ClassName Win32_SerialPort | Select-Object -ExpandProperty DeviceID":
COM4
COM5
COM6
COM8
COM17
COM3
COM9
COM10
COM11
COM12
COM13
COM16


!ENTRY com.st.stm32cube.ide.mpu.remote.serial 1 1 2026-08-06 19:54:28.165
!MESSAGE port: COM4

!ENTRY com.st.stm32cube.ide.mpu.remote.serial 1 1 2026-08-06 19:54:28.166
!MESSAGE port: COM5

!ENTRY com.st.stm32cube.ide.mpu.remote.serial 1 1 2026-08-06 19:54:28.168
!MESSAGE port: COM6

!ENTRY com.st.stm32cube.ide.mpu.remote.serial 1 1 2026-08-06 19:54:28.169
!MESSAGE port: COM8

!ENTRY com.st.stm32cube.ide.mpu.remote.serial 1 1 2026-08-06 19:54:28.171
!MESSAGE port: COM17

!ENTRY com.st.stm32cube.ide.mpu.remote.serial 1 1 2026-08-06 19:54:28.172
!MESSAGE port: COM3

!ENTRY com.st.stm32cube.ide.mpu.remote.serial 1 1 2026-08-06 19:54:28.174
!MESSAGE port: COM9

!ENTRY com.st.stm32cube.ide.mpu.remote.serial 1 1 2026-08-06 19:54:28.175
!MESSAGE port: COM10

!ENTRY com.st.stm32cube.ide.mpu.remote.serial 1 1 2026-08-06 19:54:28.177
!MESSAGE port: COM11

!ENTRY com.st.stm32cube.ide.mpu.remote.serial 1 1 2026-08-06 19:54:28.179
!MESSAGE port: COM12

!ENTRY com.st.stm32cube.ide.mpu.remote.serial 1 1 2026-08-06 19:54:28.181
!MESSAGE port: COM13

!ENTRY com.st.stm32cube.ide.mpu.remote.serial 1 1 2026-08-06 19:54:28.182
!MESSAGE port: COM16

!ENTRY com.st.stm32cube.ide.mpu.remote.serial 1 1 2026-08-06 22:52:54.060
!MESSAGE Executed PowerShell command powershell.exe -Command "Get-CimInstance -ClassName Win32_SerialPort | Select-Object -ExpandProperty DeviceID":
COM4
COM5
COM6
COM8
COM17
COM3
COM9
COM10
COM11
COM12
COM13
COM16


!ENTRY com.st.stm32cube.ide.mpu.remote.serial 1 1 2026-08-06 22:52:54.063
!MESSAGE port: COM4

!ENTRY com.st.stm32cube.ide.mpu.remote.serial 1 1 2026-08-06 22:52:54.064
!MESSAGE port: COM5

!ENTRY com.st.stm32cube.ide.mpu.remote.serial 1 1 2026-08-06 22:52:54.066
!MESSAGE port: COM6

!ENTRY com.st.stm32cube.ide.mpu.remote.serial 1 1 2026-08-06 22:52:54.068
!MESSAGE port: COM8

!ENTRY com.st.stm32cube.ide.mpu.remote.serial 1 1 2026-08-06 22:52:54.070
!MESSAGE port: COM17

!ENTRY com.st.stm32cube.ide.mpu.remote.serial 1 1 2026-08-06 22:52:54.071
!MESSAGE port: COM3

!ENTRY com.st.stm32cube.ide.mpu.remote.serial 1 1 2026-08-06 22:52:54.072
!MESSAGE port: COM9

!ENTRY com.st.stm32cube.ide.mpu.remote.serial 1 1 2026-08-06 22:52:54.073
!MESSAGE port: COM10

!ENTRY com.st.stm32cube.ide.mpu.remote.serial 1 1 2026-08-06 22:52:54.074
!MESSAGE port: COM11

!ENTRY com.st.stm32cube.ide.mpu.remote.serial 1 1 2026-08-06 22:52:54.076
!MESSAGE port: COM12

!ENTRY com.st.stm32cube.ide.mpu.remote.serial 1 1 2026-08-06 22:52:54.077
!MESSAGE port: COM13

!ENTRY com.st.stm32cube.ide.mpu.remote.serial 1 1 2026-08-06 22:52:54.078
!MESSAGE port: COM16

!ENTRY com.st.stm32cube.ide.mpu.remote.serial 1 1 2026-08-06 22:53:25.628
!MESSAGE Executed PowerShell command powershell.exe -Command "Get-CimInstance -ClassName Win32_SerialPort | Select-Object -ExpandProperty DeviceID":
COM4
COM5
COM6
COM8
COM17
COM3
COM9
COM10
COM11
COM12
COM13
COM16


!ENTRY com.st.stm32cube.ide.mpu.remote.serial 1 1 2026-08-06 22:53:25.630
!MESSAGE port: COM4

!ENTRY com.st.stm32cube.ide.mpu.remote.serial 1 1 2026-08-06 22:53:25.633
!MESSAGE port: COM5

!ENTRY com.st.stm32cube.ide.mpu.remote.serial 1 1 2026-08-06 22:53:25.633
!MESSAGE port: COM6

!ENTRY com.st.stm32cube.ide.mpu.remote.serial 1 1 2026-08-06 22:53:25.635
!MESSAGE port: COM8

!ENTRY com.st.stm32cube.ide.mpu.remote.serial 1 1 2026-08-06 22:53:25.637
!MESSAGE port: COM17

!ENTRY com.st.stm32cube.ide.mpu.remote.serial 1 1 2026-08-06 22:53:25.639
!MESSAGE port: COM3

!ENTRY com.st.stm32cube.ide.mpu.remote.serial 1 1 2026-08-06 22:53:25.639
!MESSAGE port: COM9

!ENTRY com.st.stm32cube.ide.mpu.remote.serial 1 1 2026-08-06 22:53:25.641
!MESSAGE port: COM10

!ENTRY com.st.stm32cube.ide.mpu.remote.serial 1 1 2026-08-06 22:53:25.641
!MESSAGE port: COM11

!ENTRY com.st.stm32cube.ide.mpu.remote.serial 1 1 2026-08-06 22:53:25.643
!MESSAGE port: COM12

!ENTRY com.st.stm32cube.ide.mpu.remote.serial 1 1 2026-08-06 22:53:25.644
!MESSAGE port: COM13

!ENTRY com.st.stm32cube.ide.mpu.remote.serial 1 1 2026-08-06 22:53:25.644
!MESSAGE port: COM16

!ENTRY com.st.stm32cube.ide.mpu.remote.serial 1 1 2026-08-06 22:54:56.834
!MESSAGE Executed PowerShell command powershell.exe -Command "Get-CimInstance -ClassName Win32_SerialPort | Select-Object -ExpandProperty DeviceID":
COM4
COM5
COM6
COM8
COM17
COM3
COM9
COM10
COM11
COM12
COM13
COM16
COM7


!ENTRY com.st.stm32cube.ide.mpu.remote.serial 1 1 2026-08-06 22:54:56.836
!MESSAGE port: COM4

!ENTRY com.st.stm32cube.ide.mpu.remote.serial 1 1 2026-08-06 22:54:56.836
!MESSAGE port: COM5

!ENTRY com.st.stm32cube.ide.mpu.remote.serial 1 1 2026-08-06 22:54:56.838
!MESSAGE port: COM6

!ENTRY com.st.stm32cube.ide.mpu.remote.serial 1 1 2026-08-06 22:54:56.840
!MESSAGE port: COM8

!ENTRY com.st.stm32cube.ide.mpu.remote.serial 1 1 2026-08-06 22:54:56.841
!MESSAGE port: COM17

!ENTRY com.st.stm32cube.ide.mpu.remote.serial 1 1 2026-08-06 22:54:56.841
!MESSAGE port: COM3

!ENTRY com.st.stm32cube.ide.mpu.remote.serial 1 1 2026-08-06 22:54:56.843
!MESSAGE port: COM9

!ENTRY com.st.stm32cube.ide.mpu.remote.serial 1 1 2026-08-06 22:54:56.844
!MESSAGE port: COM10

!ENTRY com.st.stm32cube.ide.mpu.remote.serial 1 1 2026-08-06 22:54:56.845
!MESSAGE port: COM11

!ENTRY com.st.stm32cube.ide.mpu.remote.serial 1 1 2026-08-06 22:54:56.847
!MESSAGE port: COM12

!ENTRY com.st.stm32cube.ide.mpu.remote.serial 1 1 2026-08-06 22:54:56.848
!MESSAGE port: COM13

!ENTRY com.st.stm32cube.ide.mpu.remote.serial 1 1 2026-08-06 22:54:56.849
!MESSAGE port: COM16

!ENTRY com.st.stm32cube.ide.mpu.remote.serial 1 1 2026-08-06 22:54:56.850
!MESSAGE port: COM7

!ENTRY com.st.stm32cube.ide.mpu.remote.serial 1 1 2026-08-06 22:56:27.129
!MESSAGE Executed PowerShell command powershell.exe -Command "Get-CimInstance -ClassName Win32_SerialPort | Select-Object -ExpandProperty DeviceID":
COM4
COM5
COM6
COM8
COM17
COM3
COM9
COM10
COM11
COM12
COM13
COM16


!ENTRY com.st.stm32cube.ide.mpu.remote.serial 1 1 2026-08-06 22:56:27.130
!MESSAGE port: COM4

!ENTRY com.st.stm32cube.ide.mpu.remote.serial 1 1 2026-08-06 22:56:27.132
!MESSAGE port: COM5

!ENTRY com.st.stm32cube.ide.mpu.remote.serial 1 1 2026-08-06 22:56:27.133
!MESSAGE port: COM6

!ENTRY com.st.stm32cube.ide.mpu.remote.serial 1 1 2026-08-06 22:56:27.134
!MESSAGE port: COM8

!ENTRY com.st.stm32cube.ide.mpu.remote.serial 1 1 2026-08-06 22:56:27.135
!MESSAGE port: COM17

!ENTRY com.st.stm32cube.ide.mpu.remote.serial 1 1 2026-08-06 22:56:27.136
!MESSAGE port: COM3

!ENTRY com.st.stm32cube.ide.mpu.remote.serial 1 1 2026-08-06 22:56:27.138
!MESSAGE port: COM9

!ENTRY com.st.stm32cube.ide.mpu.remote.serial 1 1 2026-08-06 22:56:27.139
!MESSAGE port: COM10

!ENTRY com.st.stm32cube.ide.mpu.remote.serial 1 1 2026-08-06 22:56:27.141
!MESSAGE port: COM11

!ENTRY com.st.stm32cube.ide.mpu.remote.serial 1 1 2026-08-06 22:56:27.142
!MESSAGE port: COM12

!ENTRY com.st.stm32cube.ide.mpu.remote.serial 1 1 2026-08-06 22:56:27.143
!MESSAGE port: COM13

!ENTRY com.st.stm32cube.ide.mpu.remote.serial 1 1 2026-08-06 22:56:27.144
!MESSAGE port: COM16

!ENTRY com.st.stm32cube.ide.mpu.remote.serial 1 1 2026-08-06 23:06:42.415
!MESSAGE Executed PowerShell command powershell.exe -Command "Get-CimInstance -ClassName Win32_SerialPort | Select-Object -ExpandProperty DeviceID":
COM4
COM5
COM6
COM8
COM17
COM3
COM9
COM10
COM11
COM12
COM13
COM16
COM7


!ENTRY com.st.stm32cube.ide.mpu.remote.serial 1 1 2026-08-06 23:06:42.417
!MESSAGE port: COM4

!ENTRY com.st.stm32cube.ide.mpu.remote.serial 1 1 2026-08-06 23:06:42.418
!MESSAGE port: COM5

!ENTRY com.st.stm32cube.ide.mpu.remote.serial 1 1 2026-08-06 23:06:42.419
!MESSAGE port: COM6

!ENTRY com.st.stm32cube.ide.mpu.remote.serial 1 1 2026-08-06 23:06:42.421
!MESSAGE port: COM8

!ENTRY com.st.stm32cube.ide.mpu.remote.serial 1 1 2026-08-06 23:06:42.422
!MESSAGE port: COM17

!ENTRY com.st.stm32cube.ide.mpu.remote.serial 1 1 2026-08-06 23:06:42.423
!MESSAGE port: COM3

!ENTRY com.st.stm32cube.ide.mpu.remote.serial 1 1 2026-08-06 23:06:42.424
!MESSAGE port: COM9

!ENTRY com.st.stm32cube.ide.mpu.remote.serial 1 1 2026-08-06 23:06:42.425
!MESSAGE port: COM10

!ENTRY com.st.stm32cube.ide.mpu.remote.serial 1 1 2026-08-06 23:06:42.425
!MESSAGE port: COM11

!ENTRY com.st.stm32cube.ide.mpu.remote.serial 1 1 2026-08-06 23:06:42.426
!MESSAGE port: COM12

!ENTRY com.st.stm32cube.ide.mpu.remote.serial 1 1 2026-08-06 23:06:42.428
!MESSAGE port: COM13

!ENTRY com.st.stm32cube.ide.mpu.remote.serial 1 1 2026-08-06 23:06:42.430
!MESSAGE port: COM16

!ENTRY com.st.stm32cube.ide.mpu.remote.serial 1 1 2026-08-06 23:06:42.431
!MESSAGE port: COM7

!ENTRY com.st.stm32cube.ide.mpu.remote.serial 1 1 2026-08-06 23:07:20.787
!MESSAGE Executed PowerShell command powershell.exe -Command "Get-CimInstance -ClassName Win32_SerialPort | Select-Object -ExpandProperty DeviceID":
COM4
COM5
COM6
COM8
COM17
COM3
COM9
COM10
COM11
COM12
COM13
COM16


!ENTRY com.st.stm32cube.ide.mpu.remote.serial 1 1 2026-08-06 23:07:20.789
!MESSAGE port: COM4

!ENTRY com.st.stm32cube.ide.mpu.remote.serial 1 1 2026-08-06 23:07:20.790
!MESSAGE port: COM5

!ENTRY com.st.stm32cube.ide.mpu.remote.serial 1 1 2026-08-06 23:07:20.791
!MESSAGE port: COM6

!ENTRY com.st.stm32cube.ide.mpu.remote.serial 1 1 2026-08-06 23:07:20.792
!MESSAGE port: COM8

!ENTRY com.st.stm32cube.ide.mpu.remote.serial 1 1 2026-08-06 23:07:20.793
!MESSAGE port: COM17

!ENTRY com.st.stm32cube.ide.mpu.remote.serial 1 1 2026-08-06 23:07:20.794
!MESSAGE port: COM3

!ENTRY com.st.stm32cube.ide.mpu.remote.serial 1 1 2026-08-06 23:07:20.795
!MESSAGE port: COM9

!ENTRY com.st.stm32cube.ide.mpu.remote.serial 1 1 2026-08-06 23:07:20.796
!MESSAGE port: COM10

!ENTRY com.st.stm32cube.ide.mpu.remote.serial 1 1 2026-08-06 23:07:20.797
!MESSAGE port: COM11

!ENTRY com.st.stm32cube.ide.mpu.remote.serial 1 1 2026-08-06 23:07:20.799
!MESSAGE port: COM12

!ENTRY com.st.stm32cube.ide.mpu.remote.serial 1 1 2026-08-06 23:07:20.800
!MESSAGE port: COM13

!ENTRY com.st.stm32cube.ide.mpu.remote.serial 1 1 2026-08-06 23:07:20.801
!MESSAGE port: COM16

!ENTRY com.st.stm32cube.ide.mpu.remote.serial 1 1 2026-08-06 23:15:04.143
!MESSAGE Executed PowerShell command powershell.exe -Command "Get-CimInstance -ClassName Win32_SerialPort | Select-Object -ExpandProperty DeviceID":
COM4
COM5
COM6
COM8
COM17
COM3
COM9
COM10
COM11
COM12
COM13
COM16


!ENTRY com.st.stm32cube.ide.mpu.remote.serial 1 1 2026-08-06 23:15:04.145
!MESSAGE port: COM4

!ENTRY com.st.stm32cube.ide.mpu.remote.serial 1 1 2026-08-06 23:15:04.146
!MESSAGE port: COM5

!ENTRY com.st.stm32cube.ide.mpu.remote.serial 1 1 2026-08-06 23:15:04.147
!MESSAGE port: COM6

!ENTRY com.st.stm32cube.ide.mpu.remote.serial 1 1 2026-08-06 23:15:04.148
!MESSAGE port: COM8

!ENTRY com.st.stm32cube.ide.mpu.remote.serial 1 1 2026-08-06 23:15:04.149
!MESSAGE port: COM17

!ENTRY com.st.stm32cube.ide.mpu.remote.serial 1 1 2026-08-06 23:15:04.150
!MESSAGE port: COM3

!ENTRY com.st.stm32cube.ide.mpu.remote.serial 1 1 2026-08-06 23:15:04.151
!MESSAGE port: COM9

!ENTRY com.st.stm32cube.ide.mpu.remote.serial 1 1 2026-08-06 23:15:04.152
!MESSAGE port: COM10

!ENTRY com.st.stm32cube.ide.mpu.remote.serial 1 1 2026-08-06 23:15:04.152
!MESSAGE port: COM11

!ENTRY com.st.stm32cube.ide.mpu.remote.serial 1 1 2026-08-06 23:15:04.153
!MESSAGE port: COM12

!ENTRY com.st.stm32cube.ide.mpu.remote.serial 1 1 2026-08-06 23:15:04.155
!MESSAGE port: COM13

!ENTRY com.st.stm32cube.ide.mpu.remote.serial 1 1 2026-08-06 23:15:04.155
!MESSAGE port: COM16

!ENTRY com.st.stm32cube.ide.mpu.remote.serial 1 1 2026-08-06 23:15:35.572
!MESSAGE Executed PowerShell command powershell.exe -Command "Get-CimInstance -ClassName Win32_SerialPort | Select-Object -ExpandProperty DeviceID":
COM4
COM5
COM6
COM8
COM17
COM3
COM9
COM10
COM11
COM12
COM13
COM16


!ENTRY com.st.stm32cube.ide.mpu.remote.serial 1 1 2026-08-06 23:15:35.574
!MESSAGE port: COM4

!ENTRY com.st.stm32cube.ide.mpu.remote.serial 1 1 2026-08-06 23:15:35.575
!MESSAGE port: COM5

!ENTRY com.st.stm32cube.ide.mpu.remote.serial 1 1 2026-08-06 23:15:35.576
!MESSAGE port: COM6

!ENTRY com.st.stm32cube.ide.mpu.remote.serial 1 1 2026-08-06 23:15:35.578
!MESSAGE port: COM8

!ENTRY com.st.stm32cube.ide.mpu.remote.serial 1 1 2026-08-06 23:15:35.579
!MESSAGE port: COM17

!ENTRY com.st.stm32cube.ide.mpu.remote.serial 1 1 2026-08-06 23:15:35.580
!MESSAGE port: COM3

!ENTRY com.st.stm32cube.ide.mpu.remote.serial 1 1 2026-08-06 23:15:35.582
!MESSAGE port: COM9

!ENTRY com.st.stm32cube.ide.mpu.remote.serial 1 1 2026-08-06 23:15:35.583
!MESSAGE port: COM10

!ENTRY com.st.stm32cube.ide.mpu.remote.serial 1 1 2026-08-06 23:15:35.584
!MESSAGE port: COM11

!ENTRY com.st.stm32cube.ide.mpu.remote.serial 1 1 2026-08-06 23:15:35.586
!MESSAGE port: COM12

!ENTRY com.st.stm32cube.ide.mpu.remote.serial 1 1 2026-08-06 23:15:35.586
!MESSAGE port: COM13

!ENTRY com.st.stm32cube.ide.mpu.remote.serial 1 1 2026-08-06 23:15:35.588
!MESSAGE port: COM16

!ENTRY com.st.stm32cube.ide.mpu.remote.serial 1 1 2026-08-06 23:30:56.944
!MESSAGE Executed PowerShell command powershell.exe -Command "Get-CimInstance -ClassName Win32_SerialPort | Select-Object -ExpandProperty DeviceID":
COM4
COM5
COM6
COM8
COM17
COM3
COM9
COM10
COM11
COM12
COM13
COM16


!ENTRY com.st.stm32cube.ide.mpu.remote.serial 1 1 2026-08-06 23:30:56.946
!MESSAGE port: COM4

!ENTRY com.st.stm32cube.ide.mpu.remote.serial 1 1 2026-08-06 23:30:56.947
!MESSAGE port: COM5

!ENTRY com.st.stm32cube.ide.mpu.remote.serial 1 1 2026-08-06 23:30:56.949
!MESSAGE port: COM6

!ENTRY com.st.stm32cube.ide.mpu.remote.serial 1 1 2026-08-06 23:30:56.951
!MESSAGE port: COM8

!ENTRY com.st.stm32cube.ide.mpu.remote.serial 1 1 2026-08-06 23:30:56.953
!MESSAGE port: COM17

!ENTRY com.st.stm32cube.ide.mpu.remote.serial 1 1 2026-08-06 23:30:56.954
!MESSAGE port: COM3

!ENTRY com.st.stm32cube.ide.mpu.remote.serial 1 1 2026-08-06 23:30:56.956
!MESSAGE port: COM9

!ENTRY com.st.stm32cube.ide.mpu.remote.serial 1 1 2026-08-06 23:30:56.957
!MESSAGE port: COM10

!ENTRY com.st.stm32cube.ide.mpu.remote.serial 1 1 2026-08-06 23:30:56.958
!MESSAGE port: COM11

!ENTRY com.st.stm32cube.ide.mpu.remote.serial 1 1 2026-08-06 23:30:56.959
!MESSAGE port: COM12

!ENTRY com.st.stm32cube.ide.mpu.remote.serial 1 1 2026-08-06 23:30:56.961
!MESSAGE port: COM13

!ENTRY com.st.stm32cube.ide.mpu.remote.serial 1 1 2026-08-06 23:30:56.963
!MESSAGE port: COM16

!ENTRY com.st.stm32cube.ide.mpu.remote.serial 1 1 2026-08-06 23:31:28.439
!MESSAGE Executed PowerShell command powershell.exe -Command "Get-CimInstance -ClassName Win32_SerialPort | Select-Object -ExpandProperty DeviceID":
COM4
COM5
COM6
COM8
COM17
COM3
COM9
COM10
COM11
COM12
COM13
COM16


!ENTRY com.st.stm32cube.ide.mpu.remote.serial 1 1 2026-08-06 23:31:28.440
!MESSAGE port: COM4

!ENTRY com.st.stm32cube.ide.mpu.remote.serial 1 1 2026-08-06 23:31:28.442
!MESSAGE port: COM5

!ENTRY com.st.stm32cube.ide.mpu.remote.serial 1 1 2026-08-06 23:31:28.443
!MESSAGE port: COM6

!ENTRY com.st.stm32cube.ide.mpu.remote.serial 1 1 2026-08-06 23:31:28.444
!MESSAGE port: COM8

!ENTRY com.st.stm32cube.ide.mpu.remote.serial 1 1 2026-08-06 23:31:28.445
!MESSAGE port: COM17

!ENTRY com.st.stm32cube.ide.mpu.remote.serial 1 1 2026-08-06 23:31:28.446
!MESSAGE port: COM3

!ENTRY com.st.stm32cube.ide.mpu.remote.serial 1 1 2026-08-06 23:31:28.447
!MESSAGE port: COM9

!ENTRY com.st.stm32cube.ide.mpu.remote.serial 1 1 2026-08-06 23:31:28.448
!MESSAGE port: COM10

!ENTRY com.st.stm32cube.ide.mpu.remote.serial 1 1 2026-08-06 23:31:28.449
!MESSAGE port: COM11

!ENTRY com.st.stm32cube.ide.mpu.remote.serial 1 1 2026-08-06 23:31:28.450
!MESSAGE port: COM12

!ENTRY com.st.stm32cube.ide.mpu.remote.serial 1 1 2026-08-06 23:31:28.451
!MESSAGE port: COM13

!ENTRY com.st.stm32cube.ide.mpu.remote.serial 1 1 2026-08-06 23:31:28.458
!MESSAGE port: COM16

!ENTRY com.st.stm32cube.ide.mpu.remote.serial 1 1 2026-08-06 23:34:51.363
!MESSAGE Executed PowerShell command powershell.exe -Command "Get-CimInstance -ClassName Win32_SerialPort | Select-Object -ExpandProperty DeviceID":
COM4
COM5
COM6
COM8
COM17
COM3
COM9
COM10
COM11
COM12
COM13
COM16
COM7


!ENTRY com.st.stm32cube.ide.mpu.remote.serial 1 1 2026-08-06 23:34:51.366
!MESSAGE port: COM4

!ENTRY com.st.stm32cube.ide.mpu.remote.serial 1 1 2026-08-06 23:34:51.367
!MESSAGE port: COM5

!ENTRY com.st.stm32cube.ide.mpu.remote.serial 1 1 2026-08-06 23:34:51.367
!MESSAGE port: COM6

!ENTRY com.st.stm32cube.ide.mpu.remote.serial 1 1 2026-08-06 23:34:51.368
!MESSAGE port: COM8

!ENTRY com.st.stm32cube.ide.mpu.remote.serial 1 1 2026-08-06 23:34:51.370
!MESSAGE port: COM17

!ENTRY com.st.stm32cube.ide.mpu.remote.serial 1 1 2026-08-06 23:34:51.371
!MESSAGE port: COM3

!ENTRY com.st.stm32cube.ide.mpu.remote.serial 1 1 2026-08-06 23:34:51.372
!MESSAGE port: COM9

!ENTRY com.st.stm32cube.ide.mpu.remote.serial 1 1 2026-08-06 23:34:51.373
!MESSAGE port: COM10

!ENTRY com.st.stm32cube.ide.mpu.remote.serial 1 1 2026-08-06 23:34:51.374
!MESSAGE port: COM11

!ENTRY com.st.stm32cube.ide.mpu.remote.serial 1 1 2026-08-06 23:34:51.376
!MESSAGE port: COM12

!ENTRY com.st.stm32cube.ide.mpu.remote.serial 1 1 2026-08-06 23:34:51.377
!MESSAGE port: COM13

!ENTRY com.st.stm32cube.ide.mpu.remote.serial 1 1 2026-08-06 23:34:51.378
!MESSAGE port: COM16

!ENTRY com.st.stm32cube.ide.mpu.remote.serial 1 1 2026-08-06 23:34:51.379
!MESSAGE port: COM7

!ENTRY com.st.stm32cube.ide.mpu.remote.serial 1 1 2026-08-06 23:36:53.028
!MESSAGE Executed PowerShell command powershell.exe -Command "Get-CimInstance -ClassName Win32_SerialPort | Select-Object -ExpandProperty DeviceID":
COM4
COM5
COM6
COM8
COM17
COM3
COM9
COM10
COM11
COM12
COM13
COM16


!ENTRY com.st.stm32cube.ide.mpu.remote.serial 1 1 2026-08-06 23:36:53.030
!MESSAGE port: COM4

!ENTRY com.st.stm32cube.ide.mpu.remote.serial 1 1 2026-08-06 23:36:53.031
!MESSAGE port: COM5

!ENTRY com.st.stm32cube.ide.mpu.remote.serial 1 1 2026-08-06 23:36:53.033
!MESSAGE port: COM6

!ENTRY com.st.stm32cube.ide.mpu.remote.serial 1 1 2026-08-06 23:36:53.034
!MESSAGE port: COM8

!ENTRY com.st.stm32cube.ide.mpu.remote.serial 1 1 2026-08-06 23:36:53.035
!MESSAGE port: COM17

!ENTRY com.st.stm32cube.ide.mpu.remote.serial 1 1 2026-08-06 23:36:53.037
!MESSAGE port: COM3

!ENTRY com.st.stm32cube.ide.mpu.remote.serial 1 1 2026-08-06 23:36:53.038
!MESSAGE port: COM9

!ENTRY com.st.stm32cube.ide.mpu.remote.serial 1 1 2026-08-06 23:36:53.039
!MESSAGE port: COM10

!ENTRY com.st.stm32cube.ide.mpu.remote.serial 1 1 2026-08-06 23:36:53.040
!MESSAGE port: COM11

!ENTRY com.st.stm32cube.ide.mpu.remote.serial 1 1 2026-08-06 23:36:53.042
!MESSAGE port: COM12

!ENTRY com.st.stm32cube.ide.mpu.remote.serial 1 1 2026-08-06 23:36:53.043
!MESSAGE port: COM13

!ENTRY com.st.stm32cube.ide.mpu.remote.serial 1 1 2026-08-06 23:36:53.044
!MESSAGE port: COM16

!ENTRY com.st.stm32cube.ide.mpu.remote.serial 1 1 2026-08-06 23:48:05.666
!MESSAGE Executed PowerShell command powershell.exe -Command "Get-CimInstance -ClassName Win32_SerialPort | Select-Object -ExpandProperty DeviceID":
COM4
COM5
COM6
COM8
COM17
COM3
COM9
COM10
COM11
COM12
COM13
COM16


!ENTRY com.st.stm32cube.ide.mpu.remote.serial 1 1 2026-08-06 23:48:05.668
!MESSAGE port: COM4

!ENTRY com.st.stm32cube.ide.mpu.remote.serial 1 1 2026-08-06 23:48:05.669
!MESSAGE port: COM5

!ENTRY com.st.stm32cube.ide.mpu.remote.serial 1 1 2026-08-06 23:48:05.671
!MESSAGE port: COM6

!ENTRY com.st.stm32cube.ide.mpu.remote.serial 1 1 2026-08-06 23:48:05.672
!MESSAGE port: COM8

!ENTRY com.st.stm32cube.ide.mpu.remote.serial 1 1 2026-08-06 23:48:05.674
!MESSAGE port: COM17

!ENTRY com.st.stm32cube.ide.mpu.remote.serial 1 1 2026-08-06 23:48:05.675
!MESSAGE port: COM3

!ENTRY com.st.stm32cube.ide.mpu.remote.serial 1 1 2026-08-06 23:48:05.676
!MESSAGE port: COM9

!ENTRY com.st.stm32cube.ide.mpu.remote.serial 1 1 2026-08-06 23:48:05.677
!MESSAGE port: COM10

!ENTRY com.st.stm32cube.ide.mpu.remote.serial 1 1 2026-08-06 23:48:05.679
!MESSAGE port: COM11

!ENTRY com.st.stm32cube.ide.mpu.remote.serial 1 1 2026-08-06 23:48:05.680
!MESSAGE port: COM12

!ENTRY com.st.stm32cube.ide.mpu.remote.serial 1 1 2026-08-06 23:48:05.681
!MESSAGE port: COM13

!ENTRY com.st.stm32cube.ide.mpu.remote.serial 1 1 2026-08-06 23:48:05.681
!MESSAGE port: COM16

!ENTRY com.st.stm32cube.ide.mpu.remote.serial 1 1 2026-08-06 23:48:37.129
!MESSAGE Executed PowerShell command powershell.exe -Command "Get-CimInstance -ClassName Win32_SerialPort | Select-Object -ExpandProperty DeviceID":
COM4
COM5
COM6
COM8
COM17
COM3
COM9
COM10
COM11
COM12
COM13
COM16


!ENTRY com.st.stm32cube.ide.mpu.remote.serial 1 1 2026-08-06 23:48:37.130
!MESSAGE port: COM4

!ENTRY com.st.stm32cube.ide.mpu.remote.serial 1 1 2026-08-06 23:48:37.132
!MESSAGE port: COM5

!ENTRY com.st.stm32cube.ide.mpu.remote.serial 1 1 2026-08-06 23:48:37.133
!MESSAGE port: COM6

!ENTRY com.st.stm32cube.ide.mpu.remote.serial 1 1 2026-08-06 23:48:37.134
!MESSAGE port: COM8

!ENTRY com.st.stm32cube.ide.mpu.remote.serial 1 1 2026-08-06 23:48:37.137
!MESSAGE port: COM17

!ENTRY com.st.stm32cube.ide.mpu.remote.serial 1 1 2026-08-06 23:48:37.139
!MESSAGE port: COM3

!ENTRY com.st.stm32cube.ide.mpu.remote.serial 1 1 2026-08-06 23:48:37.140
!MESSAGE port: COM9

!ENTRY com.st.stm32cube.ide.mpu.remote.serial 1 1 2026-08-06 23:48:37.141
!MESSAGE port: COM10

!ENTRY com.st.stm32cube.ide.mpu.remote.serial 1 1 2026-08-06 23:48:37.142
!MESSAGE port: COM11

!ENTRY com.st.stm32cube.ide.mpu.remote.serial 1 1 2026-08-06 23:48:37.142
!MESSAGE port: COM12

!ENTRY com.st.stm32cube.ide.mpu.remote.serial 1 1 2026-08-06 23:48:37.143
!MESSAGE port: COM13

!ENTRY com.st.stm32cube.ide.mpu.remote.serial 1 1 2026-08-06 23:48:37.144
!MESSAGE port: COM16

!ENTRY com.st.stm32cube.ide.mpu.remote.serial 1 1 2026-08-06 23:49:08.541
!MESSAGE Executed PowerShell command powershell.exe -Command "Get-CimInstance -ClassName Win32_SerialPort | Select-Object -ExpandProperty DeviceID":
COM4
COM5
COM6
COM8
COM17
COM3
COM9
COM10
COM11
COM12
COM13
COM16


!ENTRY com.st.stm32cube.ide.mpu.remote.serial 1 1 2026-08-06 23:49:08.543
!MESSAGE port: COM4

!ENTRY com.st.stm32cube.ide.mpu.remote.serial 1 1 2026-08-06 23:49:08.545
!MESSAGE port: COM5

!ENTRY com.st.stm32cube.ide.mpu.remote.serial 1 1 2026-08-06 23:49:08.546
!MESSAGE port: COM6

!ENTRY com.st.stm32cube.ide.mpu.remote.serial 1 1 2026-08-06 23:49:08.548
!MESSAGE port: COM8

!ENTRY com.st.stm32cube.ide.mpu.remote.serial 1 1 2026-08-06 23:49:08.549
!MESSAGE port: COM17

!ENTRY com.st.stm32cube.ide.mpu.remote.serial 1 1 2026-08-06 23:49:08.550
!MESSAGE port: COM3

!ENTRY com.st.stm32cube.ide.mpu.remote.serial 1 1 2026-08-06 23:49:08.553
!MESSAGE port: COM9

!ENTRY com.st.stm32cube.ide.mpu.remote.serial 1 1 2026-08-06 23:49:08.554
!MESSAGE port: COM10

!ENTRY com.st.stm32cube.ide.mpu.remote.serial 1 1 2026-08-06 23:49:08.555
!MESSAGE port: COM11

!ENTRY com.st.stm32cube.ide.mpu.remote.serial 1 1 2026-08-06 23:49:08.558
!MESSAGE port: COM12

!ENTRY com.st.stm32cube.ide.mpu.remote.serial 1 1 2026-08-06 23:49:08.559
!MESSAGE port: COM13

!ENTRY com.st.stm32cube.ide.mpu.remote.serial 1 1 2026-08-06 23:49:08.560
!MESSAGE port: COM16

!ENTRY com.st.stm32cube.ide.mpu.remote.serial 1 1 2026-08-06 23:49:39.993
!MESSAGE Executed PowerShell command powershell.exe -Command "Get-CimInstance -ClassName Win32_SerialPort | Select-Object -ExpandProperty DeviceID":
COM4
COM5
COM6
COM8
COM17
COM3
COM9
COM10
COM11
COM12
COM13
COM16


!ENTRY com.st.stm32cube.ide.mpu.remote.serial 1 1 2026-08-06 23:49:39.994
!MESSAGE port: COM4

!ENTRY com.st.stm32cube.ide.mpu.remote.serial 1 1 2026-08-06 23:49:39.995
!MESSAGE port: COM5

!ENTRY com.st.stm32cube.ide.mpu.remote.serial 1 1 2026-08-06 23:49:39.995
!MESSAGE port: COM6

!ENTRY com.st.stm32cube.ide.mpu.remote.serial 1 1 2026-08-06 23:49:39.997
!MESSAGE port: COM8

!ENTRY com.st.stm32cube.ide.mpu.remote.serial 1 1 2026-08-06 23:49:39.998
!MESSAGE port: COM17

!ENTRY com.st.stm32cube.ide.mpu.remote.serial 1 1 2026-08-06 23:49:39.999
!MESSAGE port: COM3

!ENTRY com.st.stm32cube.ide.mpu.remote.serial 1 1 2026-08-06 23:49:40.000
!MESSAGE port: COM9

!ENTRY com.st.stm32cube.ide.mpu.remote.serial 1 1 2026-08-06 23:49:40.001
!MESSAGE port: COM10

!ENTRY com.st.stm32cube.ide.mpu.remote.serial 1 1 2026-08-06 23:49:40.002
!MESSAGE port: COM11

!ENTRY com.st.stm32cube.ide.mpu.remote.serial 1 1 2026-08-06 23:49:40.003
!MESSAGE port: COM12

!ENTRY com.st.stm32cube.ide.mpu.remote.serial 1 1 2026-08-06 23:49:40.005
!MESSAGE port: COM13

!ENTRY com.st.stm32cube.ide.mpu.remote.serial 1 1 2026-08-06 23:49:40.006
!MESSAGE port: COM16
!SESSION 2026-08-11 18:31:57.751 -----------------------------------------------
eclipse.buildId=Version 2.2.0
java.version=21.0.10
java.vendor=Eclipse Adoptium
BootLoader constants: OS=win32, ARCH=x86_64, WS=win32, NL=es_AR
Command-line arguments:  -os win32 -ws win32 -arch x86_64

!ENTRY org.eclipse.core.resources 2 10035 2026-08-11 18:32:03.465
!MESSAGE The workspace exited with unsaved changes in the previous session; refreshing workspace to recover changes.

!ENTRY com.st.stm32cube.ide.mcu.informationcenter 1 1 2026-08-11 18:32:09.825
!MESSAGE Log4j2 initialized with config file C:\Users\mechi\OneDrive\FIUBA\2026_1C\TdSEpf\tdse-pf_workspace\.metadata\.log4j2.xml

!ENTRY com.st.stm32cube.ide.mcu.ide 1 1 2026-08-11 18:32:24.702
!MESSAGE Started RMI Server, listening on port 41337

!ENTRY com.st.stm32cube.ide.mpu.remote.serial 1 1 2026-08-11 18:32:56.455
!MESSAGE Executed PowerShell command powershell.exe -Command "Get-CimInstance -ClassName Win32_SerialPort | Select-Object -ExpandProperty DeviceID":
COM4
COM5
COM6
COM8
COM17
COM3
COM9
COM10
COM11
COM12
COM13
COM16


!ENTRY com.st.stm32cube.ide.mpu.remote.serial 1 1 2026-08-11 18:32:56.457
!MESSAGE port: COM4

!ENTRY com.st.stm32cube.ide.mpu.remote.serial 1 1 2026-08-11 18:32:56.457
!MESSAGE port: COM5

!ENTRY com.st.stm32cube.ide.mpu.remote.serial 1 1 2026-08-11 18:32:56.458
!MESSAGE port: COM6

!ENTRY com.st.stm32cube.ide.mpu.remote.serial 1 1 2026-08-11 18:32:56.460
!MESSAGE port: COM8

!ENTRY com.st.stm32cube.ide.mpu.remote.serial 1 1 2026-08-11 18:32:56.461
!MESSAGE port: COM17

!ENTRY com.st.stm32cube.ide.mpu.remote.serial 1 1 2026-08-11 18:32:56.462
!MESSAGE port: COM3

!ENTRY com.st.stm32cube.ide.mpu.remote.serial 1 1 2026-08-11 18:32:56.464
!MESSAGE port: COM9

!ENTRY com.st.stm32cube.ide.mpu.remote.serial 1 1 2026-08-11 18:32:56.464
!MESSAGE port: COM10

!ENTRY com.st.stm32cube.ide.mpu.remote.serial 1 1 2026-08-11 18:32:56.466
!MESSAGE port: COM11

!ENTRY com.st.stm32cube.ide.mpu.remote.serial 1 1 2026-08-11 18:32:56.467
!MESSAGE port: COM12

!ENTRY com.st.stm32cube.ide.mpu.remote.serial 1 1 2026-08-11 18:32:56.468
!MESSAGE port: COM13

!ENTRY com.st.stm32cube.ide.mpu.remote.serial 1 1 2026-08-11 18:32:56.469
!MESSAGE port: COM16

!ENTRY com.st.stm32cube.ide.mpu.remote.serial 1 1 2026-08-11 18:34:01.998
!MESSAGE Executed PowerShell command powershell.exe -Command "Get-CimInstance -ClassName Win32_SerialPort | Select-Object -ExpandProperty DeviceID":
COM4
COM5
COM6
COM8
COM17
COM3
COM9
COM10
COM11
COM12
COM13
COM16
COM7


!ENTRY com.st.stm32cube.ide.mpu.remote.serial 1 1 2026-08-11 18:34:02.005
!MESSAGE port: COM4

!ENTRY com.st.stm32cube.ide.mpu.remote.serial 1 1 2026-08-11 18:34:02.006
!MESSAGE port: COM5

!ENTRY com.st.stm32cube.ide.mpu.remote.serial 1 1 2026-08-11 18:34:02.008
!MESSAGE port: COM6

!ENTRY com.st.stm32cube.ide.mpu.remote.serial 1 1 2026-08-11 18:34:02.009
!MESSAGE port: COM8

!ENTRY com.st.stm32cube.ide.mpu.remote.serial 1 1 2026-08-11 18:34:02.011
!MESSAGE port: COM17

!ENTRY com.st.stm32cube.ide.mpu.remote.serial 1 1 2026-08-11 18:34:02.012
!MESSAGE port: COM3

!ENTRY com.st.stm32cube.ide.mpu.remote.serial 1 1 2026-08-11 18:34:02.013
!MESSAGE port: COM9

!ENTRY com.st.stm32cube.ide.mpu.remote.serial 1 1 2026-08-11 18:34:02.014
!MESSAGE port: COM10

!ENTRY com.st.stm32cube.ide.mpu.remote.serial 1 1 2026-08-11 18:34:02.015
!MESSAGE port: COM11

!ENTRY com.st.stm32cube.ide.mpu.remote.serial 1 1 2026-08-11 18:34:02.016
!MESSAGE port: COM12

!ENTRY com.st.stm32cube.ide.mpu.remote.serial 1 1 2026-08-11 18:34:02.017
!MESSAGE port: COM13

!ENTRY com.st.stm32cube.ide.mpu.remote.serial 1 1 2026-08-11 18:34:02.019
!MESSAGE port: COM16

!ENTRY com.st.stm32cube.ide.mpu.remote.serial 1 1 2026-08-11 18:34:02.020
!MESSAGE port: COM7

!ENTRY com.st.stm32cube.ide.mpu.remote.serial 1 1 2026-08-11 18:34:56.656
!MESSAGE Executed PowerShell command powershell.exe -Command "Get-CimInstance -ClassName Win32_SerialPort | Select-Object -ExpandProperty DeviceID":
COM4
COM5
COM6
COM8
COM17
COM3
COM9
COM10
COM11
COM12
COM13
COM16


!ENTRY com.st.stm32cube.ide.mpu.remote.serial 1 1 2026-08-11 18:34:56.658
!MESSAGE port: COM4

!ENTRY com.st.stm32cube.ide.mpu.remote.serial 1 1 2026-08-11 18:34:56.659
!MESSAGE port: COM5

!ENTRY com.st.stm32cube.ide.mpu.remote.serial 1 1 2026-08-11 18:34:56.660
!MESSAGE port: COM6

!ENTRY com.st.stm32cube.ide.mpu.remote.serial 1 1 2026-08-11 18:34:56.660
!MESSAGE port: COM8

!ENTRY com.st.stm32cube.ide.mpu.remote.serial 1 1 2026-08-11 18:34:56.662
!MESSAGE port: COM17

!ENTRY com.st.stm32cube.ide.mpu.remote.serial 1 1 2026-08-11 18:34:56.663
!MESSAGE port: COM3

!ENTRY com.st.stm32cube.ide.mpu.remote.serial 1 1 2026-08-11 18:34:56.664
!MESSAGE port: COM9

!ENTRY com.st.stm32cube.ide.mpu.remote.serial 1 1 2026-08-11 18:34:56.665
!MESSAGE port: COM10

!ENTRY com.st.stm32cube.ide.mpu.remote.serial 1 1 2026-08-11 18:34:56.666
!MESSAGE port: COM11

!ENTRY com.st.stm32cube.ide.mpu.remote.serial 1 1 2026-08-11 18:34:56.667
!MESSAGE port: COM12

!ENTRY com.st.stm32cube.ide.mpu.remote.serial 1 1 2026-08-11 18:34:56.668
!MESSAGE port: COM13

!ENTRY com.st.stm32cube.ide.mpu.remote.serial 1 1 2026-08-11 18:34:56.669
!MESSAGE port: COM16

!ENTRY com.st.stm32cube.ide.mpu.remote.serial 1 1 2026-08-11 18:38:26.126
!MESSAGE Executed PowerShell command powershell.exe -Command "Get-CimInstance -ClassName Win32_SerialPort | Select-Object -ExpandProperty DeviceID":
COM4
COM5
COM6
COM8
COM17
COM3
COM9
COM10
COM11
COM12
COM13
COM16
COM18


!ENTRY com.st.stm32cube.ide.mpu.remote.serial 1 1 2026-08-11 18:38:26.142
!MESSAGE port: COM4

!ENTRY com.st.stm32cube.ide.mpu.remote.serial 1 1 2026-08-11 18:38:26.143
!MESSAGE port: COM5

!ENTRY com.st.stm32cube.ide.mpu.remote.serial 1 1 2026-08-11 18:38:26.143
!MESSAGE port: COM6

!ENTRY com.st.stm32cube.ide.mpu.remote.serial 1 1 2026-08-11 18:38:26.144
!MESSAGE port: COM8

!ENTRY com.st.stm32cube.ide.mpu.remote.serial 1 1 2026-08-11 18:38:26.145
!MESSAGE port: COM17

!ENTRY com.st.stm32cube.ide.mpu.remote.serial 1 1 2026-08-11 18:38:26.147
!MESSAGE port: COM3

!ENTRY com.st.stm32cube.ide.mpu.remote.serial 1 1 2026-08-11 18:38:26.147
!MESSAGE port: COM9

!ENTRY com.st.stm32cube.ide.mpu.remote.serial 1 1 2026-08-11 18:38:26.148
!MESSAGE port: COM10

!ENTRY com.st.stm32cube.ide.mpu.remote.serial 1 1 2026-08-11 18:38:26.149
!MESSAGE port: COM11

!ENTRY com.st.stm32cube.ide.mpu.remote.serial 1 1 2026-08-11 18:38:26.149
!MESSAGE port: COM12

!ENTRY com.st.stm32cube.ide.mpu.remote.serial 1 1 2026-08-11 18:38:26.151
!MESSAGE port: COM13

!ENTRY com.st.stm32cube.ide.mpu.remote.serial 1 1 2026-08-11 18:38:26.152
!MESSAGE port: COM16

!ENTRY com.st.stm32cube.ide.mpu.remote.serial 1 1 2026-08-11 18:38:26.153
!MESSAGE port: COM18

!ENTRY com.st.stm32cube.ide.mpu.remote.serial 1 1 2026-08-11 18:40:13.812
!MESSAGE Executed PowerShell command powershell.exe -Command "Get-CimInstance -ClassName Win32_SerialPort | Select-Object -ExpandProperty DeviceID":
COM4
COM5
COM6
COM8
COM17
COM3
COM9
COM10
COM11
COM12
COM13
COM16


!ENTRY com.st.stm32cube.ide.mpu.remote.serial 1 1 2026-08-11 18:40:13.817
!MESSAGE port: COM4

!ENTRY com.st.stm32cube.ide.mpu.remote.serial 1 1 2026-08-11 18:40:13.818
!MESSAGE port: COM5

!ENTRY com.st.stm32cube.ide.mpu.remote.serial 1 1 2026-08-11 18:40:13.820
!MESSAGE port: COM6

!ENTRY com.st.stm32cube.ide.mpu.remote.serial 1 1 2026-08-11 18:40:13.821
!MESSAGE port: COM8

!ENTRY com.st.stm32cube.ide.mpu.remote.serial 1 1 2026-08-11 18:40:13.822
!MESSAGE port: COM17

!ENTRY com.st.stm32cube.ide.mpu.remote.serial 1 1 2026-08-11 18:40:13.823
!MESSAGE port: COM3

!ENTRY com.st.stm32cube.ide.mpu.remote.serial 1 1 2026-08-11 18:40:13.824
!MESSAGE port: COM9

!ENTRY com.st.stm32cube.ide.mpu.remote.serial 1 1 2026-08-11 18:40:13.825
!MESSAGE port: COM10

!ENTRY com.st.stm32cube.ide.mpu.remote.serial 1 1 2026-08-11 18:40:13.826
!MESSAGE port: COM11

!ENTRY com.st.stm32cube.ide.mpu.remote.serial 1 1 2026-08-11 18:40:13.826
!MESSAGE port: COM12

!ENTRY com.st.stm32cube.ide.mpu.remote.serial 1 1 2026-08-11 18:40:13.827
!MESSAGE port: COM13

!ENTRY com.st.stm32cube.ide.mpu.remote.serial 1 1 2026-08-11 18:40:13.828
!MESSAGE port: COM16

!ENTRY com.st.stm32cube.ide.mpu.remote.serial 1 1 2026-08-11 18:49:26.146
!MESSAGE Executed PowerShell command powershell.exe -Command "Get-CimInstance -ClassName Win32_SerialPort | Select-Object -ExpandProperty DeviceID":
COM4
COM5
COM6
COM8
COM17
COM3
COM9
COM10
COM11
COM12
COM13
COM16
COM18


!ENTRY com.st.stm32cube.ide.mpu.remote.serial 1 1 2026-08-11 18:49:26.149
!MESSAGE port: COM4

!ENTRY com.st.stm32cube.ide.mpu.remote.serial 1 1 2026-08-11 18:49:26.149
!MESSAGE port: COM5

!ENTRY com.st.stm32cube.ide.mpu.remote.serial 1 1 2026-08-11 18:49:26.150
!MESSAGE port: COM6

!ENTRY com.st.stm32cube.ide.mpu.remote.serial 1 1 2026-08-11 18:49:26.151
!MESSAGE port: COM8

!ENTRY com.st.stm32cube.ide.mpu.remote.serial 1 1 2026-08-11 18:49:26.151
!MESSAGE port: COM17

!ENTRY com.st.stm32cube.ide.mpu.remote.serial 1 1 2026-08-11 18:49:26.152
!MESSAGE port: COM3

!ENTRY com.st.stm32cube.ide.mpu.remote.serial 1 1 2026-08-11 18:49:26.153
!MESSAGE port: COM9

!ENTRY com.st.stm32cube.ide.mpu.remote.serial 1 1 2026-08-11 18:49:26.154
!MESSAGE port: COM10

!ENTRY com.st.stm32cube.ide.mpu.remote.serial 1 1 2026-08-11 18:49:26.155
!MESSAGE port: COM11

!ENTRY com.st.stm32cube.ide.mpu.remote.serial 1 1 2026-08-11 18:49:26.156
!MESSAGE port: COM12

!ENTRY com.st.stm32cube.ide.mpu.remote.serial 1 1 2026-08-11 18:49:26.156
!MESSAGE port: COM13

!ENTRY com.st.stm32cube.ide.mpu.remote.serial 1 1 2026-08-11 18:49:26.157
!MESSAGE port: COM16

!ENTRY com.st.stm32cube.ide.mpu.remote.serial 1 1 2026-08-11 18:49:26.158
!MESSAGE port: COM18

!ENTRY org.eclipse.jface 4 2 2026-08-11 18:59:10.323
!MESSAGE Problems occurred when invoking code from plug-in: "org.eclipse.jface".
!STACK 0
java.lang.NullPointerException: Cannot invoke "org.eclipse.cdt.managedbuilder.internal.ui.compilationdatabase.Configuration.metadata()" because "this.configuration" is null
	at org.eclipse.cdt.managedbuilder.internal.ui.compilationdatabase.CompilationDatabaseGeneratorBlock.getConfigurationArea(CompilationDatabaseGeneratorBlock.java:157)
	at org.eclipse.cdt.managedbuilder.internal.ui.compilationdatabase.CompilationDatabaseGeneratorBlock.createPreferenceContent(CompilationDatabaseGeneratorBlock.java:165)
	at org.eclipse.cdt.managedbuilder.internal.ui.compilationdatabase.CompilationDatabaseGeneratorBlock.createContents(CompilationDatabaseGeneratorBlock.java:146)
	at org.eclipse.jface.preference.PreferencePage.createControl(PreferencePage.java:244)
	at org.eclipse.jface.preference.PreferenceDialog.createPageControl(PreferenceDialog.java:1429)
	at org.eclipse.jface.preference.PreferenceDialog$8.run(PreferenceDialog.java:1192)
	at org.eclipse.core.runtime.SafeRunner.run(SafeRunner.java:47)
	at org.eclipse.jface.util.SafeRunnable.run(SafeRunnable.java:169)
	at org.eclipse.jface.preference.PreferenceDialog.showPage(PreferenceDialog.java:1184)
	at org.eclipse.ui.internal.dialogs.FilteredPreferenceDialog.showPage(FilteredPreferenceDialog.java:616)
	at org.eclipse.jface.preference.PreferenceDialog$5.lambda$0(PreferenceDialog.java:660)
	at org.eclipse.swt.custom.BusyIndicator.showWhile(BusyIndicator.java:67)
	at org.eclipse.jface.preference.PreferenceDialog$5.selectionChanged(PreferenceDialog.java:657)
	at org.eclipse.jface.viewers.StructuredViewer$3.run(StructuredViewer.java:822)
	at org.eclipse.core.runtime.SafeRunner.run(SafeRunner.java:47)
	at org.eclipse.jface.util.SafeRunnable.run(SafeRunnable.java:169)
	at org.eclipse.jface.viewers.StructuredViewer.firePostSelectionChanged(StructuredViewer.java:819)
	at org.eclipse.jface.viewers.ColumnViewer.firePostSelectionChanged(ColumnViewer.java:1054)
	at org.eclipse.jface.viewers.StructuredViewer.handlePostSelect(StructuredViewer.java:1188)
	at org.eclipse.swt.events.SelectionListener$1.widgetSelected(SelectionListener.java:83)
	at org.eclipse.jface.util.OpenStrategy.firePostSelectionEvent(OpenStrategy.java:283)
	at org.eclipse.jface.util.OpenStrategy$1.lambda$1(OpenStrategy.java:437)
	at org.eclipse.swt.widgets.RunnableLock.run(RunnableLock.java:40)
	at org.eclipse.swt.widgets.Synchronizer.runAsyncMessages(Synchronizer.java:132)
	at org.eclipse.swt.widgets.Display.runAsyncMessages(Display.java:4137)
	at org.eclipse.swt.widgets.Display.readAndDispatch(Display.java:3753)
	at org.eclipse.jface.window.Window.runEventLoop(Window.java:824)
	at org.eclipse.jface.window.Window.open(Window.java:804)
	at org.eclipse.ui.dialogs.PropertyDialogAction.run(PropertyDialogAction.java:154)
	at org.eclipse.ui.internal.ide.actions.ProjectPropertyDialogAction.run(ProjectPropertyDialogAction.java:81)
	at org.eclipse.jface.action.Action.runWithEvent(Action.java:474)
	at org.eclipse.jface.action.ActionContributionItem.handleWidgetSelection(ActionContributionItem.java:581)
	at org.eclipse.jface.action.ActionContributionItem.lambda$4(ActionContributionItem.java:415)
	at org.eclipse.swt.widgets.EventTable.sendEvent(EventTable.java:91)
	at org.eclipse.swt.widgets.Display.sendEvent(Display.java:4364)
	at org.eclipse.swt.widgets.Widget.sendEvent(Widget.java:1217)
	at org.eclipse.swt.widgets.Display.runDeferredEvents(Display.java:4162)
	at org.eclipse.swt.widgets.Display.readAndDispatch(Display.java:3750)
	at org.eclipse.e4.ui.internal.workbench.swt.PartRenderingEngine$5.run(PartRenderingEngine.java:1147)
	at org.eclipse.core.databinding.observable.Realm.runWithDefault(Realm.java:339)
	at org.eclipse.e4.ui.internal.workbench.swt.PartRenderingEngine.run(PartRenderingEngine.java:1038)
	at org.eclipse.e4.ui.internal.workbench.E4Workbench.createAndRunUI(E4Workbench.java:153)
	at org.eclipse.ui.internal.Workbench.lambda$3(Workbench.java:677)
	at org.eclipse.core.databinding.observable.Realm.runWithDefault(Realm.java:339)
	at org.eclipse.ui.internal.Workbench.createAndRunWorkbench(Workbench.java:583)
	at org.eclipse.ui.PlatformUI.createAndRunWorkbench(PlatformUI.java:173)
	at org.eclipse.ui.internal.ide.application.IDEApplication.start(IDEApplication.java:185)
	at org.eclipse.equinox.internal.app.EclipseAppHandle.run(EclipseAppHandle.java:219)
	at org.eclipse.core.runtime.internal.adaptor.EclipseAppLauncher.runApplication(EclipseAppLauncher.java:149)
	at org.eclipse.core.runtime.internal.adaptor.EclipseAppLauncher.start(EclipseAppLauncher.java:115)
	at org.eclipse.core.runtime.adaptor.EclipseStarter.run(EclipseStarter.java:467)
	at org.eclipse.core.runtime.adaptor.EclipseStarter.run(EclipseStarter.java:298)
	at java.base/jdk.internal.reflect.DirectMethodHandleAccessor.invoke(DirectMethodHandleAccessor.java:103)
	at java.base/java.lang.reflect.Method.invoke(Method.java:580)
	at org.eclipse.equinox.launcher.Main.invokeFramework(Main.java:615)
	at org.eclipse.equinox.launcher.Main.basicRun(Main.java:563)
	at org.eclipse.equinox.launcher.Main.run(Main.java:1415)

!ENTRY org.eclipse.jface 4 0 2026-08-11 18:59:48.101
!MESSAGE java.lang.NullPointerException: Cannot invoke "org.eclipse.cdt.managedbuilder.internal.ui.compilationdatabase.Configuration.qualifier()" because "this.configuration" is null
!STACK 0
java.lang.NullPointerException: Cannot invoke "org.eclipse.cdt.managedbuilder.internal.ui.compilationdatabase.Configuration.qualifier()" because "this.configuration" is null
	at org.eclipse.cdt.managedbuilder.internal.ui.compilationdatabase.CompilationDatabaseGeneratorBlock.performOk(CompilationDatabaseGeneratorBlock.java:200)
	at org.eclipse.jface.preference.PreferenceDialog$7.run(PreferenceDialog.java:905)
	at org.eclipse.core.runtime.SafeRunner.run(SafeRunner.java:47)
	at org.eclipse.jface.util.SafeRunnable.run(SafeRunnable.java:169)
	at org.eclipse.jface.preference.PreferenceDialog.okPressed(PreferenceDialog.java:889)
	at org.eclipse.ui.internal.dialogs.FilteredPreferenceDialog.okPressed(FilteredPreferenceDialog.java:448)
	at org.eclipse.jface.preference.PreferenceDialog.buttonPressed(PreferenceDialog.java:232)
	at org.eclipse.jface.dialogs.Dialog.lambda$0(Dialog.java:617)
	at org.eclipse.swt.events.SelectionListener$1.widgetSelected(SelectionListener.java:83)
	at org.eclipse.swt.widgets.TypedListener.handleEvent(TypedListener.java:290)
	at org.eclipse.swt.widgets.EventTable.sendEvent(EventTable.java:91)
	at org.eclipse.swt.widgets.Display.sendEvent(Display.java:4364)
	at org.eclipse.swt.widgets.Widget.sendEvent(Widget.java:1217)
	at org.eclipse.swt.widgets.Display.runDeferredEvents(Display.java:4162)
	at org.eclipse.swt.widgets.Display.readAndDispatch(Display.java:3750)
	at org.eclipse.jface.window.Window.runEventLoop(Window.java:824)
	at org.eclipse.jface.window.Window.open(Window.java:804)
	at org.eclipse.ui.dialogs.PropertyDialogAction.run(PropertyDialogAction.java:154)
	at org.eclipse.ui.internal.ide.actions.ProjectPropertyDialogAction.run(ProjectPropertyDialogAction.java:81)
	at org.eclipse.jface.action.Action.runWithEvent(Action.java:474)
	at org.eclipse.jface.action.ActionContributionItem.handleWidgetSelection(ActionContributionItem.java:581)
	at org.eclipse.jface.action.ActionContributionItem.lambda$4(ActionContributionItem.java:415)
	at org.eclipse.swt.widgets.EventTable.sendEvent(EventTable.java:91)
	at org.eclipse.swt.widgets.Display.sendEvent(Display.java:4364)
	at org.eclipse.swt.widgets.Widget.sendEvent(Widget.java:1217)
	at org.eclipse.swt.widgets.Display.runDeferredEvents(Display.java:4162)
	at org.eclipse.swt.widgets.Display.readAndDispatch(Display.java:3750)
	at org.eclipse.e4.ui.internal.workbench.swt.PartRenderingEngine$5.run(PartRenderingEngine.java:1147)
	at org.eclipse.core.databinding.observable.Realm.runWithDefault(Realm.java:339)
	at org.eclipse.e4.ui.internal.workbench.swt.PartRenderingEngine.run(PartRenderingEngine.java:1038)
	at org.eclipse.e4.ui.internal.workbench.E4Workbench.createAndRunUI(E4Workbench.java:153)
	at org.eclipse.ui.internal.Workbench.lambda$3(Workbench.java:677)
	at org.eclipse.core.databinding.observable.Realm.runWithDefault(Realm.java:339)
	at org.eclipse.ui.internal.Workbench.createAndRunWorkbench(Workbench.java:583)
	at org.eclipse.ui.PlatformUI.createAndRunWorkbench(PlatformUI.java:173)
	at org.eclipse.ui.internal.ide.application.IDEApplication.start(IDEApplication.java:185)
	at org.eclipse.equinox.internal.app.EclipseAppHandle.run(EclipseAppHandle.java:219)
	at org.eclipse.core.runtime.internal.adaptor.EclipseAppLauncher.runApplication(EclipseAppLauncher.java:149)
	at org.eclipse.core.runtime.internal.adaptor.EclipseAppLauncher.start(EclipseAppLauncher.java:115)
	at org.eclipse.core.runtime.adaptor.EclipseStarter.run(EclipseStarter.java:467)
	at org.eclipse.core.runtime.adaptor.EclipseStarter.run(EclipseStarter.java:298)
	at java.base/jdk.internal.reflect.DirectMethodHandleAccessor.invoke(DirectMethodHandleAccessor.java:103)
	at java.base/java.lang.reflect.Method.invoke(Method.java:580)
	at org.eclipse.equinox.launcher.Main.invokeFramework(Main.java:615)
	at org.eclipse.equinox.launcher.Main.basicRun(Main.java:563)
	at org.eclipse.equinox.launcher.Main.run(Main.java:1415)

!ENTRY com.st.stm32cube.ide.mpu.remote.serial 1 1 2026-08-11 19:05:06.781
!MESSAGE Executed PowerShell command powershell.exe -Command "Get-CimInstance -ClassName Win32_SerialPort | Select-Object -ExpandProperty DeviceID":
COM4
COM5
COM6
COM8
COM17
COM3
COM9
COM10
COM11
COM12
COM13
COM16


!ENTRY com.st.stm32cube.ide.mpu.remote.serial 1 1 2026-08-11 19:05:06.784
!MESSAGE port: COM4

!ENTRY com.st.stm32cube.ide.mpu.remote.serial 1 1 2026-08-11 19:05:06.785
!MESSAGE port: COM5

!ENTRY com.st.stm32cube.ide.mpu.remote.serial 1 1 2026-08-11 19:05:06.786
!MESSAGE port: COM6

!ENTRY com.st.stm32cube.ide.mpu.remote.serial 1 1 2026-08-11 19:05:06.787
!MESSAGE port: COM8

!ENTRY com.st.stm32cube.ide.mpu.remote.serial 1 1 2026-08-11 19:05:06.787
!MESSAGE port: COM17

!ENTRY com.st.stm32cube.ide.mpu.remote.serial 1 1 2026-08-11 19:05:06.788
!MESSAGE port: COM3

!ENTRY com.st.stm32cube.ide.mpu.remote.serial 1 1 2026-08-11 19:05:06.789
!MESSAGE port: COM9

!ENTRY com.st.stm32cube.ide.mpu.remote.serial 1 1 2026-08-11 19:05:06.789
!MESSAGE port: COM10

!ENTRY com.st.stm32cube.ide.mpu.remote.serial 1 1 2026-08-11 19:05:06.790
!MESSAGE port: COM11

!ENTRY com.st.stm32cube.ide.mpu.remote.serial 1 1 2026-08-11 19:05:06.790
!MESSAGE port: COM12

!ENTRY com.st.stm32cube.ide.mpu.remote.serial 1 1 2026-08-11 19:05:06.792
!MESSAGE port: COM13

!ENTRY com.st.stm32cube.ide.mpu.remote.serial 1 1 2026-08-11 19:05:06.792
!MESSAGE port: COM16

!ENTRY com.st.stm32cube.ide.mpu.remote.serial 1 1 2026-08-11 19:13:46.577
!MESSAGE Executed PowerShell command powershell.exe -Command "Get-CimInstance -ClassName Win32_SerialPort | Select-Object -ExpandProperty DeviceID":
COM4
COM5
COM6
COM8
COM17
COM3
COM9
COM10
COM11
COM12
COM13
COM16
COM18


!ENTRY com.st.stm32cube.ide.mpu.remote.serial 1 1 2026-08-11 19:13:46.579
!MESSAGE port: COM4

!ENTRY com.st.stm32cube.ide.mpu.remote.serial 1 1 2026-08-11 19:13:46.580
!MESSAGE port: COM5

!ENTRY com.st.stm32cube.ide.mpu.remote.serial 1 1 2026-08-11 19:13:46.582
!MESSAGE port: COM6

!ENTRY com.st.stm32cube.ide.mpu.remote.serial 1 1 2026-08-11 19:13:46.582
!MESSAGE port: COM8

!ENTRY com.st.stm32cube.ide.mpu.remote.serial 1 1 2026-08-11 19:13:46.583
!MESSAGE port: COM17

!ENTRY com.st.stm32cube.ide.mpu.remote.serial 1 1 2026-08-11 19:13:46.584
!MESSAGE port: COM3

!ENTRY com.st.stm32cube.ide.mpu.remote.serial 1 1 2026-08-11 19:13:46.584
!MESSAGE port: COM9

!ENTRY com.st.stm32cube.ide.mpu.remote.serial 1 1 2026-08-11 19:13:46.585
!MESSAGE port: COM10

!ENTRY com.st.stm32cube.ide.mpu.remote.serial 1 1 2026-08-11 19:13:46.587
!MESSAGE port: COM11

!ENTRY com.st.stm32cube.ide.mpu.remote.serial 1 1 2026-08-11 19:13:46.588
!MESSAGE port: COM12

!ENTRY com.st.stm32cube.ide.mpu.remote.serial 1 1 2026-08-11 19:13:46.588
!MESSAGE port: COM13

!ENTRY com.st.stm32cube.ide.mpu.remote.serial 1 1 2026-08-11 19:13:46.590
!MESSAGE port: COM16

!ENTRY com.st.stm32cube.ide.mpu.remote.serial 1 1 2026-08-11 19:13:46.590
!MESSAGE port: COM18

!ENTRY com.st.stm32cube.ide.mpu.remote.serial 1 1 2026-08-11 19:14:27.293
!MESSAGE Executed PowerShell command powershell.exe -Command "Get-CimInstance -ClassName Win32_SerialPort | Select-Object -ExpandProperty DeviceID":
COM4
COM5
COM6
COM8
COM17
COM3
COM9
COM10
COM11
COM12
COM13
COM16


!ENTRY com.st.stm32cube.ide.mpu.remote.serial 1 1 2026-08-11 19:14:27.295
!MESSAGE port: COM4

!ENTRY com.st.stm32cube.ide.mpu.remote.serial 1 1 2026-08-11 19:14:27.296
!MESSAGE port: COM5

!ENTRY com.st.stm32cube.ide.mpu.remote.serial 1 1 2026-08-11 19:14:27.296
!MESSAGE port: COM6

!ENTRY com.st.stm32cube.ide.mpu.remote.serial 1 1 2026-08-11 19:14:27.297
!MESSAGE port: COM8

!ENTRY com.st.stm32cube.ide.mpu.remote.serial 1 1 2026-08-11 19:14:27.298
!MESSAGE port: COM17

!ENTRY com.st.stm32cube.ide.mpu.remote.serial 1 1 2026-08-11 19:14:27.298
!MESSAGE port: COM3

!ENTRY com.st.stm32cube.ide.mpu.remote.serial 1 1 2026-08-11 19:14:27.300
!MESSAGE port: COM9

!ENTRY com.st.stm32cube.ide.mpu.remote.serial 1 1 2026-08-11 19:14:27.301
!MESSAGE port: COM10

!ENTRY com.st.stm32cube.ide.mpu.remote.serial 1 1 2026-08-11 19:14:27.302
!MESSAGE port: COM11

!ENTRY com.st.stm32cube.ide.mpu.remote.serial 1 1 2026-08-11 19:14:27.303
!MESSAGE port: COM12

!ENTRY com.st.stm32cube.ide.mpu.remote.serial 1 1 2026-08-11 19:14:27.303
!MESSAGE port: COM13

!ENTRY com.st.stm32cube.ide.mpu.remote.serial 1 1 2026-08-11 19:14:27.305
!MESSAGE port: COM16

!ENTRY com.st.stm32cube.ide.mpu.remote.serial 1 1 2026-08-11 19:21:28.811
!MESSAGE Executed PowerShell command powershell.exe -Command "Get-CimInstance -ClassName Win32_SerialPort | Select-Object -ExpandProperty DeviceID":
COM4
COM5
COM6
COM8
COM17
COM3
COM9
COM10
COM11
COM12
COM13
COM16
COM18


!ENTRY com.st.stm32cube.ide.mpu.remote.serial 1 1 2026-08-11 19:21:28.814
!MESSAGE port: COM4

!ENTRY com.st.stm32cube.ide.mpu.remote.serial 1 1 2026-08-11 19:21:28.815
!MESSAGE port: COM5

!ENTRY com.st.stm32cube.ide.mpu.remote.serial 1 1 2026-08-11 19:21:28.815
!MESSAGE port: COM6

!ENTRY com.st.stm32cube.ide.mpu.remote.serial 1 1 2026-08-11 19:21:28.816
!MESSAGE port: COM8

!ENTRY com.st.stm32cube.ide.mpu.remote.serial 1 1 2026-08-11 19:21:28.817
!MESSAGE port: COM17

!ENTRY com.st.stm32cube.ide.mpu.remote.serial 1 1 2026-08-11 19:21:28.817
!MESSAGE port: COM3

!ENTRY com.st.stm32cube.ide.mpu.remote.serial 1 1 2026-08-11 19:21:28.818
!MESSAGE port: COM9

!ENTRY com.st.stm32cube.ide.mpu.remote.serial 1 1 2026-08-11 19:21:28.819
!MESSAGE port: COM10

!ENTRY com.st.stm32cube.ide.mpu.remote.serial 1 1 2026-08-11 19:21:28.819
!MESSAGE port: COM11

!ENTRY com.st.stm32cube.ide.mpu.remote.serial 1 1 2026-08-11 19:21:28.820
!MESSAGE port: COM12

!ENTRY com.st.stm32cube.ide.mpu.remote.serial 1 1 2026-08-11 19:21:28.822
!MESSAGE port: COM13

!ENTRY com.st.stm32cube.ide.mpu.remote.serial 1 1 2026-08-11 19:21:28.822
!MESSAGE port: COM16

!ENTRY com.st.stm32cube.ide.mpu.remote.serial 1 1 2026-08-11 19:21:28.823
!MESSAGE port: COM18

!ENTRY com.st.stm32cube.ide.mpu.remote.serial 1 1 2026-08-11 19:22:10.711
!MESSAGE Executed PowerShell command powershell.exe -Command "Get-CimInstance -ClassName Win32_SerialPort | Select-Object -ExpandProperty DeviceID":
COM4
COM5
COM6
COM8
COM17
COM3
COM9
COM10
COM11
COM12
COM13
COM16


!ENTRY com.st.stm32cube.ide.mpu.remote.serial 1 1 2026-08-11 19:22:10.713
!MESSAGE port: COM4

!ENTRY com.st.stm32cube.ide.mpu.remote.serial 1 1 2026-08-11 19:22:10.714
!MESSAGE port: COM5

!ENTRY com.st.stm32cube.ide.mpu.remote.serial 1 1 2026-08-11 19:22:10.714
!MESSAGE port: COM6

!ENTRY com.st.stm32cube.ide.mpu.remote.serial 1 1 2026-08-11 19:22:10.715
!MESSAGE port: COM8

!ENTRY com.st.stm32cube.ide.mpu.remote.serial 1 1 2026-08-11 19:22:10.716
!MESSAGE port: COM17

!ENTRY com.st.stm32cube.ide.mpu.remote.serial 1 1 2026-08-11 19:22:10.717
!MESSAGE port: COM3

!ENTRY com.st.stm32cube.ide.mpu.remote.serial 1 1 2026-08-11 19:22:10.718
!MESSAGE port: COM9

!ENTRY com.st.stm32cube.ide.mpu.remote.serial 1 1 2026-08-11 19:22:10.718
!MESSAGE port: COM10

!ENTRY com.st.stm32cube.ide.mpu.remote.serial 1 1 2026-08-11 19:22:10.719
!MESSAGE port: COM11

!ENTRY com.st.stm32cube.ide.mpu.remote.serial 1 1 2026-08-11 19:22:10.721
!MESSAGE port: COM12

!ENTRY com.st.stm32cube.ide.mpu.remote.serial 1 1 2026-08-11 19:22:10.721
!MESSAGE port: COM13

!ENTRY com.st.stm32cube.ide.mpu.remote.serial 1 1 2026-08-11 19:22:10.722
!MESSAGE port: COM16

!ENTRY com.st.stm32cube.ide.mpu.remote.serial 1 1 2026-08-11 19:26:31.186
!MESSAGE Executed PowerShell command powershell.exe -Command "Get-CimInstance -ClassName Win32_SerialPort | Select-Object -ExpandProperty DeviceID":
COM4
COM5
COM6
COM8
COM17
COM3
COM9
COM10
COM11
COM12
COM13
COM16


!ENTRY com.st.stm32cube.ide.mpu.remote.serial 1 1 2026-08-11 19:26:31.188
!MESSAGE port: COM4

!ENTRY com.st.stm32cube.ide.mpu.remote.serial 1 1 2026-08-11 19:26:31.189
!MESSAGE port: COM5

!ENTRY com.st.stm32cube.ide.mpu.remote.serial 1 1 2026-08-11 19:26:31.190
!MESSAGE port: COM6

!ENTRY com.st.stm32cube.ide.mpu.remote.serial 1 1 2026-08-11 19:26:31.191
!MESSAGE port: COM8

!ENTRY com.st.stm32cube.ide.mpu.remote.serial 1 1 2026-08-11 19:26:31.192
!MESSAGE port: COM17

!ENTRY com.st.stm32cube.ide.mpu.remote.serial 1 1 2026-08-11 19:26:31.192
!MESSAGE port: COM3

!ENTRY com.st.stm32cube.ide.mpu.remote.serial 1 1 2026-08-11 19:26:31.194
!MESSAGE port: COM9

!ENTRY com.st.stm32cube.ide.mpu.remote.serial 1 1 2026-08-11 19:26:31.196
!MESSAGE port: COM10

!ENTRY com.st.stm32cube.ide.mpu.remote.serial 1 1 2026-08-11 19:26:31.197
!MESSAGE port: COM11

!ENTRY com.st.stm32cube.ide.mpu.remote.serial 1 1 2026-08-11 19:26:31.197
!MESSAGE port: COM12

!ENTRY com.st.stm32cube.ide.mpu.remote.serial 1 1 2026-08-11 19:26:31.198
!MESSAGE port: COM13

!ENTRY com.st.stm32cube.ide.mpu.remote.serial 1 1 2026-08-11 19:26:31.198
!MESSAGE port: COM16

!ENTRY com.st.stm32cube.ide.mpu.remote.serial 1 1 2026-08-11 19:27:02.535
!MESSAGE Executed PowerShell command powershell.exe -Command "Get-CimInstance -ClassName Win32_SerialPort | Select-Object -ExpandProperty DeviceID":
COM4
COM5
COM6
COM8
COM17
COM3
COM9
COM10
COM11
COM12
COM13
COM16


!ENTRY com.st.stm32cube.ide.mpu.remote.serial 1 1 2026-08-11 19:27:02.540
!MESSAGE port: COM4

!ENTRY com.st.stm32cube.ide.mpu.remote.serial 1 1 2026-08-11 19:27:02.541
!MESSAGE port: COM5

!ENTRY com.st.stm32cube.ide.mpu.remote.serial 1 1 2026-08-11 19:27:02.541
!MESSAGE port: COM6

!ENTRY com.st.stm32cube.ide.mpu.remote.serial 1 1 2026-08-11 19:27:02.541
!MESSAGE port: COM8

!ENTRY com.st.stm32cube.ide.mpu.remote.serial 1 1 2026-08-11 19:27:02.543
!MESSAGE port: COM17

!ENTRY com.st.stm32cube.ide.mpu.remote.serial 1 1 2026-08-11 19:27:02.543
!MESSAGE port: COM3

!ENTRY com.st.stm32cube.ide.mpu.remote.serial 1 1 2026-08-11 19:27:02.544
!MESSAGE port: COM9

!ENTRY com.st.stm32cube.ide.mpu.remote.serial 1 1 2026-08-11 19:27:02.544
!MESSAGE port: COM10

!ENTRY com.st.stm32cube.ide.mpu.remote.serial 1 1 2026-08-11 19:27:02.546
!MESSAGE port: COM11

!ENTRY com.st.stm32cube.ide.mpu.remote.serial 1 1 2026-08-11 19:27:02.546
!MESSAGE port: COM12

!ENTRY com.st.stm32cube.ide.mpu.remote.serial 1 1 2026-08-11 19:27:02.547
!MESSAGE port: COM13

!ENTRY com.st.stm32cube.ide.mpu.remote.serial 1 1 2026-08-11 19:27:02.547
!MESSAGE port: COM16

!ENTRY com.st.stm32cube.ide.mpu.remote.serial 1 1 2026-08-11 19:34:29.417
!MESSAGE Executed PowerShell command powershell.exe -Command "Get-CimInstance -ClassName Win32_SerialPort | Select-Object -ExpandProperty DeviceID":
COM4
COM5
COM6
COM8
COM17
COM3
COM9
COM10
COM11
COM12
COM13
COM16
COM18


!ENTRY com.st.stm32cube.ide.mpu.remote.serial 1 1 2026-08-11 19:34:29.441
!MESSAGE port: COM4

!ENTRY com.st.stm32cube.ide.mpu.remote.serial 1 1 2026-08-11 19:34:29.443
!MESSAGE port: COM5

!ENTRY com.st.stm32cube.ide.mpu.remote.serial 1 1 2026-08-11 19:34:29.444
!MESSAGE port: COM6

!ENTRY com.st.stm32cube.ide.mpu.remote.serial 1 1 2026-08-11 19:34:29.445
!MESSAGE port: COM8

!ENTRY com.st.stm32cube.ide.mpu.remote.serial 1 1 2026-08-11 19:34:29.446
!MESSAGE port: COM17

!ENTRY com.st.stm32cube.ide.mpu.remote.serial 1 1 2026-08-11 19:34:29.452
!MESSAGE port: COM3

!ENTRY com.st.stm32cube.ide.mpu.remote.serial 1 1 2026-08-11 19:34:29.452
!MESSAGE port: COM9

!ENTRY com.st.stm32cube.ide.mpu.remote.serial 1 1 2026-08-11 19:34:29.453
!MESSAGE port: COM10

!ENTRY com.st.stm32cube.ide.mpu.remote.serial 1 1 2026-08-11 19:34:29.454
!MESSAGE port: COM11

!ENTRY com.st.stm32cube.ide.mpu.remote.serial 1 1 2026-08-11 19:34:29.454
!MESSAGE port: COM12

!ENTRY com.st.stm32cube.ide.mpu.remote.serial 1 1 2026-08-11 19:34:29.457
!MESSAGE port: COM13

!ENTRY com.st.stm32cube.ide.mpu.remote.serial 1 1 2026-08-11 19:34:29.458
!MESSAGE port: COM16

!ENTRY com.st.stm32cube.ide.mpu.remote.serial 1 1 2026-08-11 19:34:29.459
!MESSAGE port: COM18

!ENTRY com.st.stm32cube.ide.mpu.remote.serial 1 1 2026-08-11 19:36:08.612
!MESSAGE Executed PowerShell command powershell.exe -Command "Get-CimInstance -ClassName Win32_SerialPort | Select-Object -ExpandProperty DeviceID":
COM4
COM5
COM6
COM8
COM17
COM3
COM9
COM10
COM11
COM12
COM13
COM16


!ENTRY com.st.stm32cube.ide.mpu.remote.serial 1 1 2026-08-11 19:36:08.616
!MESSAGE port: COM4

!ENTRY com.st.stm32cube.ide.mpu.remote.serial 1 1 2026-08-11 19:36:08.616
!MESSAGE port: COM5

!ENTRY com.st.stm32cube.ide.mpu.remote.serial 1 1 2026-08-11 19:36:08.616
!MESSAGE port: COM6

!ENTRY com.st.stm32cube.ide.mpu.remote.serial 1 1 2026-08-11 19:36:08.618
!MESSAGE port: COM8

!ENTRY com.st.stm32cube.ide.mpu.remote.serial 1 1 2026-08-11 19:36:08.618
!MESSAGE port: COM17

!ENTRY com.st.stm32cube.ide.mpu.remote.serial 1 1 2026-08-11 19:36:08.619
!MESSAGE port: COM3

!ENTRY com.st.stm32cube.ide.mpu.remote.serial 1 1 2026-08-11 19:36:08.620
!MESSAGE port: COM9

!ENTRY com.st.stm32cube.ide.mpu.remote.serial 1 1 2026-08-11 19:36:08.620
!MESSAGE port: COM10

!ENTRY com.st.stm32cube.ide.mpu.remote.serial 1 1 2026-08-11 19:36:08.621
!MESSAGE port: COM11

!ENTRY com.st.stm32cube.ide.mpu.remote.serial 1 1 2026-08-11 19:36:08.622
!MESSAGE port: COM12

!ENTRY com.st.stm32cube.ide.mpu.remote.serial 1 1 2026-08-11 19:36:08.623
!MESSAGE port: COM13

!ENTRY com.st.stm32cube.ide.mpu.remote.serial 1 1 2026-08-11 19:36:08.623
!MESSAGE port: COM16

!ENTRY com.st.stm32cube.ide.mpu.remote.serial 1 1 2026-08-11 19:37:08.240
!MESSAGE Executed PowerShell command powershell.exe -Command "Get-CimInstance -ClassName Win32_SerialPort | Select-Object -ExpandProperty DeviceID":
COM4
COM5
COM6
COM8
COM17
COM3
COM9
COM10
COM11
COM12
COM13
COM16


!ENTRY com.st.stm32cube.ide.mpu.remote.serial 1 1 2026-08-11 19:37:08.243
!MESSAGE port: COM4

!ENTRY com.st.stm32cube.ide.mpu.remote.serial 1 1 2026-08-11 19:37:08.244
!MESSAGE port: COM5

!ENTRY com.st.stm32cube.ide.mpu.remote.serial 1 1 2026-08-11 19:37:08.245
!MESSAGE port: COM6

!ENTRY com.st.stm32cube.ide.mpu.remote.serial 1 1 2026-08-11 19:37:08.246
!MESSAGE port: COM8

!ENTRY com.st.stm32cube.ide.mpu.remote.serial 1 1 2026-08-11 19:37:08.246
!MESSAGE port: COM17

!ENTRY com.st.stm32cube.ide.mpu.remote.serial 1 1 2026-08-11 19:37:08.247
!MESSAGE port: COM3

!ENTRY com.st.stm32cube.ide.mpu.remote.serial 1 1 2026-08-11 19:37:08.248
!MESSAGE port: COM9

!ENTRY com.st.stm32cube.ide.mpu.remote.serial 1 1 2026-08-11 19:37:08.250
!MESSAGE port: COM10

!ENTRY com.st.stm32cube.ide.mpu.remote.serial 1 1 2026-08-11 19:37:08.250
!MESSAGE port: COM11

!ENTRY com.st.stm32cube.ide.mpu.remote.serial 1 1 2026-08-11 19:37:08.251
!MESSAGE port: COM12

!ENTRY com.st.stm32cube.ide.mpu.remote.serial 1 1 2026-08-11 19:37:08.253
!MESSAGE port: COM13

!ENTRY com.st.stm32cube.ide.mpu.remote.serial 1 1 2026-08-11 19:37:08.253
!MESSAGE port: COM16

!ENTRY com.st.stm32cube.ide.mpu.remote.serial 1 1 2026-08-11 19:37:39.647
!MESSAGE Executed PowerShell command powershell.exe -Command "Get-CimInstance -ClassName Win32_SerialPort | Select-Object -ExpandProperty DeviceID":
COM4
COM5
COM6
COM8
COM17
COM3
COM9
COM10
COM11
COM12
COM13
COM16


!ENTRY com.st.stm32cube.ide.mpu.remote.serial 1 1 2026-08-11 19:37:39.649
!MESSAGE port: COM4

!ENTRY com.st.stm32cube.ide.mpu.remote.serial 1 1 2026-08-11 19:37:39.650
!MESSAGE port: COM5

!ENTRY com.st.stm32cube.ide.mpu.remote.serial 1 1 2026-08-11 19:37:39.651
!MESSAGE port: COM6

!ENTRY com.st.stm32cube.ide.mpu.remote.serial 1 1 2026-08-11 19:37:39.652
!MESSAGE port: COM8

!ENTRY com.st.stm32cube.ide.mpu.remote.serial 1 1 2026-08-11 19:37:39.653
!MESSAGE port: COM17

!ENTRY com.st.stm32cube.ide.mpu.remote.serial 1 1 2026-08-11 19:37:39.654
!MESSAGE port: COM3

!ENTRY com.st.stm32cube.ide.mpu.remote.serial 1 1 2026-08-11 19:37:39.655
!MESSAGE port: COM9

!ENTRY com.st.stm32cube.ide.mpu.remote.serial 1 1 2026-08-11 19:37:39.657
!MESSAGE port: COM10

!ENTRY com.st.stm32cube.ide.mpu.remote.serial 1 1 2026-08-11 19:37:39.658
!MESSAGE port: COM11

!ENTRY com.st.stm32cube.ide.mpu.remote.serial 1 1 2026-08-11 19:37:39.659
!MESSAGE port: COM12

!ENTRY com.st.stm32cube.ide.mpu.remote.serial 1 1 2026-08-11 19:37:39.661
!MESSAGE port: COM13

!ENTRY com.st.stm32cube.ide.mpu.remote.serial 1 1 2026-08-11 19:37:39.662
!MESSAGE port: COM16

!ENTRY com.st.stm32cube.ide.mpu.remote.serial 1 1 2026-08-11 19:38:25.430
!MESSAGE Executed PowerShell command powershell.exe -Command "Get-CimInstance -ClassName Win32_SerialPort | Select-Object -ExpandProperty DeviceID":
COM4
COM5
COM6
COM8
COM17
COM3
COM9
COM10
COM11
COM12
COM13
COM16


!ENTRY com.st.stm32cube.ide.mpu.remote.serial 1 1 2026-08-11 19:38:25.432
!MESSAGE port: COM4

!ENTRY com.st.stm32cube.ide.mpu.remote.serial 1 1 2026-08-11 19:38:25.432
!MESSAGE port: COM5

!ENTRY com.st.stm32cube.ide.mpu.remote.serial 1 1 2026-08-11 19:38:25.433
!MESSAGE port: COM6

!ENTRY com.st.stm32cube.ide.mpu.remote.serial 1 1 2026-08-11 19:38:25.434
!MESSAGE port: COM8

!ENTRY com.st.stm32cube.ide.mpu.remote.serial 1 1 2026-08-11 19:38:25.435
!MESSAGE port: COM17

!ENTRY com.st.stm32cube.ide.mpu.remote.serial 1 1 2026-08-11 19:38:25.437
!MESSAGE port: COM3

!ENTRY com.st.stm32cube.ide.mpu.remote.serial 1 1 2026-08-11 19:38:25.438
!MESSAGE port: COM9

!ENTRY com.st.stm32cube.ide.mpu.remote.serial 1 1 2026-08-11 19:38:25.439
!MESSAGE port: COM10

!ENTRY com.st.stm32cube.ide.mpu.remote.serial 1 1 2026-08-11 19:38:25.440
!MESSAGE port: COM11

!ENTRY com.st.stm32cube.ide.mpu.remote.serial 1 1 2026-08-11 19:38:25.440
!MESSAGE port: COM12

!ENTRY com.st.stm32cube.ide.mpu.remote.serial 1 1 2026-08-11 19:38:25.441
!MESSAGE port: COM13

!ENTRY com.st.stm32cube.ide.mpu.remote.serial 1 1 2026-08-11 19:38:25.442
!MESSAGE port: COM16

!ENTRY com.st.stm32cube.ide.mpu.remote.serial 1 1 2026-08-11 19:38:56.843
!MESSAGE Executed PowerShell command powershell.exe -Command "Get-CimInstance -ClassName Win32_SerialPort | Select-Object -ExpandProperty DeviceID":
COM4
COM5
COM6
COM8
COM17
COM3
COM9
COM10
COM11
COM12
COM13
COM16


!ENTRY com.st.stm32cube.ide.mpu.remote.serial 1 1 2026-08-11 19:38:56.850
!MESSAGE port: COM4

!ENTRY com.st.stm32cube.ide.mpu.remote.serial 1 1 2026-08-11 19:38:56.851
!MESSAGE port: COM5

!ENTRY com.st.stm32cube.ide.mpu.remote.serial 1 1 2026-08-11 19:38:56.852
!MESSAGE port: COM6

!ENTRY com.st.stm32cube.ide.mpu.remote.serial 1 1 2026-08-11 19:38:56.853
!MESSAGE port: COM8

!ENTRY com.st.stm32cube.ide.mpu.remote.serial 1 1 2026-08-11 19:38:56.855
!MESSAGE port: COM17

!ENTRY com.st.stm32cube.ide.mpu.remote.serial 1 1 2026-08-11 19:38:56.856
!MESSAGE port: COM3

!ENTRY com.st.stm32cube.ide.mpu.remote.serial 1 1 2026-08-11 19:38:56.856
!MESSAGE port: COM9

!ENTRY com.st.stm32cube.ide.mpu.remote.serial 1 1 2026-08-11 19:38:56.857
!MESSAGE port: COM10

!ENTRY com.st.stm32cube.ide.mpu.remote.serial 1 1 2026-08-11 19:38:56.859
!MESSAGE port: COM11

!ENTRY com.st.stm32cube.ide.mpu.remote.serial 1 1 2026-08-11 19:38:56.860
!MESSAGE port: COM12

!ENTRY com.st.stm32cube.ide.mpu.remote.serial 1 1 2026-08-11 19:38:56.860
!MESSAGE port: COM13

!ENTRY com.st.stm32cube.ide.mpu.remote.serial 1 1 2026-08-11 19:38:56.861
!MESSAGE port: COM16

!ENTRY com.st.stm32cube.ide.mpu.remote.serial 1 1 2026-08-11 19:41:04.209
!MESSAGE Executed PowerShell command powershell.exe -Command "Get-CimInstance -ClassName Win32_SerialPort | Select-Object -ExpandProperty DeviceID":
COM4
COM5
COM6
COM8
COM17
COM3
COM9
COM10
COM11
COM12
COM13
COM16
COM18


!ENTRY com.st.stm32cube.ide.mpu.remote.serial 1 1 2026-08-11 19:41:04.220
!MESSAGE port: COM4

!ENTRY com.st.stm32cube.ide.mpu.remote.serial 1 1 2026-08-11 19:41:04.222
!MESSAGE port: COM5

!ENTRY com.st.stm32cube.ide.mpu.remote.serial 1 1 2026-08-11 19:41:04.223
!MESSAGE port: COM6

!ENTRY com.st.stm32cube.ide.mpu.remote.serial 1 1 2026-08-11 19:41:04.224
!MESSAGE port: COM8

!ENTRY com.st.stm32cube.ide.mpu.remote.serial 1 1 2026-08-11 19:41:04.225
!MESSAGE port: COM17

!ENTRY com.st.stm32cube.ide.mpu.remote.serial 1 1 2026-08-11 19:41:04.227
!MESSAGE port: COM3

!ENTRY com.st.stm32cube.ide.mpu.remote.serial 1 1 2026-08-11 19:41:04.228
!MESSAGE port: COM9

!ENTRY com.st.stm32cube.ide.mpu.remote.serial 1 1 2026-08-11 19:41:04.229
!MESSAGE port: COM10

!ENTRY com.st.stm32cube.ide.mpu.remote.serial 1 1 2026-08-11 19:41:04.231
!MESSAGE port: COM11

!ENTRY com.st.stm32cube.ide.mpu.remote.serial 1 1 2026-08-11 19:41:04.233
!MESSAGE port: COM12

!ENTRY com.st.stm32cube.ide.mpu.remote.serial 1 1 2026-08-11 19:41:04.234
!MESSAGE port: COM13

!ENTRY com.st.stm32cube.ide.mpu.remote.serial 1 1 2026-08-11 19:41:04.236
!MESSAGE port: COM16

!ENTRY com.st.stm32cube.ide.mpu.remote.serial 1 1 2026-08-11 19:41:04.238
!MESSAGE port: COM18

!ENTRY com.st.stm32cube.ide.mpu.remote.serial 1 1 2026-08-11 19:41:47.068
!MESSAGE Executed PowerShell command powershell.exe -Command "Get-CimInstance -ClassName Win32_SerialPort | Select-Object -ExpandProperty DeviceID":
COM4
COM5
COM6
COM8
COM17
COM3
COM9
COM10
COM11
COM12
COM13
COM16


!ENTRY com.st.stm32cube.ide.mpu.remote.serial 1 1 2026-08-11 19:41:47.071
!MESSAGE port: COM4

!ENTRY com.st.stm32cube.ide.mpu.remote.serial 1 1 2026-08-11 19:41:47.072
!MESSAGE port: COM5

!ENTRY com.st.stm32cube.ide.mpu.remote.serial 1 1 2026-08-11 19:41:47.072
!MESSAGE port: COM6

!ENTRY com.st.stm32cube.ide.mpu.remote.serial 1 1 2026-08-11 19:41:47.073
!MESSAGE port: COM8

!ENTRY com.st.stm32cube.ide.mpu.remote.serial 1 1 2026-08-11 19:41:47.073
!MESSAGE port: COM17

!ENTRY com.st.stm32cube.ide.mpu.remote.serial 1 1 2026-08-11 19:41:47.074
!MESSAGE port: COM3

!ENTRY com.st.stm32cube.ide.mpu.remote.serial 1 1 2026-08-11 19:41:47.074
!MESSAGE port: COM9

!ENTRY com.st.stm32cube.ide.mpu.remote.serial 1 1 2026-08-11 19:41:47.076
!MESSAGE port: COM10

!ENTRY com.st.stm32cube.ide.mpu.remote.serial 1 1 2026-08-11 19:41:47.076
!MESSAGE port: COM11

!ENTRY com.st.stm32cube.ide.mpu.remote.serial 1 1 2026-08-11 19:41:47.077
!MESSAGE port: COM12

!ENTRY com.st.stm32cube.ide.mpu.remote.serial 1 1 2026-08-11 19:41:47.078
!MESSAGE port: COM13

!ENTRY com.st.stm32cube.ide.mpu.remote.serial 1 1 2026-08-11 19:41:47.078
!MESSAGE port: COM16

!ENTRY com.st.stm32cube.ide.mpu.remote.serial 1 1 2026-08-11 19:44:59.813
!MESSAGE Executed PowerShell command powershell.exe -Command "Get-CimInstance -ClassName Win32_SerialPort | Select-Object -ExpandProperty DeviceID":
COM4
COM5
COM6
COM8
COM17
COM3
COM9
COM10
COM11
COM12
COM13
COM16


!ENTRY com.st.stm32cube.ide.mpu.remote.serial 1 1 2026-08-11 19:44:59.819
!MESSAGE port: COM4

!ENTRY com.st.stm32cube.ide.mpu.remote.serial 1 1 2026-08-11 19:44:59.820
!MESSAGE port: COM5

!ENTRY com.st.stm32cube.ide.mpu.remote.serial 1 1 2026-08-11 19:44:59.820
!MESSAGE port: COM6

!ENTRY com.st.stm32cube.ide.mpu.remote.serial 1 1 2026-08-11 19:44:59.821
!MESSAGE port: COM8

!ENTRY com.st.stm32cube.ide.mpu.remote.serial 1 1 2026-08-11 19:44:59.822
!MESSAGE port: COM17

!ENTRY com.st.stm32cube.ide.mpu.remote.serial 1 1 2026-08-11 19:44:59.823
!MESSAGE port: COM3

!ENTRY com.st.stm32cube.ide.mpu.remote.serial 1 1 2026-08-11 19:44:59.825
!MESSAGE port: COM9

!ENTRY com.st.stm32cube.ide.mpu.remote.serial 1 1 2026-08-11 19:44:59.826
!MESSAGE port: COM10

!ENTRY com.st.stm32cube.ide.mpu.remote.serial 1 1 2026-08-11 19:44:59.827
!MESSAGE port: COM11

!ENTRY com.st.stm32cube.ide.mpu.remote.serial 1 1 2026-08-11 19:44:59.828
!MESSAGE port: COM12

!ENTRY com.st.stm32cube.ide.mpu.remote.serial 1 1 2026-08-11 19:44:59.829
!MESSAGE port: COM13

!ENTRY com.st.stm32cube.ide.mpu.remote.serial 1 1 2026-08-11 19:44:59.830
!MESSAGE port: COM16

!ENTRY com.st.stm32cube.ide.mpu.remote.serial 1 1 2026-08-11 19:45:31.508
!MESSAGE Executed PowerShell command powershell.exe -Command "Get-CimInstance -ClassName Win32_SerialPort | Select-Object -ExpandProperty DeviceID":
COM4
COM5
COM6
COM8
COM17
COM3
COM9
COM10
COM11
COM12
COM13
COM16


!ENTRY com.st.stm32cube.ide.mpu.remote.serial 1 1 2026-08-11 19:45:31.519
!MESSAGE port: COM4

!ENTRY com.st.stm32cube.ide.mpu.remote.serial 1 1 2026-08-11 19:45:31.521
!MESSAGE port: COM5

!ENTRY com.st.stm32cube.ide.mpu.remote.serial 1 1 2026-08-11 19:45:31.522
!MESSAGE port: COM6

!ENTRY com.st.stm32cube.ide.mpu.remote.serial 1 1 2026-08-11 19:45:31.523
!MESSAGE port: COM8

!ENTRY com.st.stm32cube.ide.mpu.remote.serial 1 1 2026-08-11 19:45:31.523
!MESSAGE port: COM17

!ENTRY com.st.stm32cube.ide.mpu.remote.serial 1 1 2026-08-11 19:45:31.524
!MESSAGE port: COM3

!ENTRY com.st.stm32cube.ide.mpu.remote.serial 1 1 2026-08-11 19:45:31.524
!MESSAGE port: COM9

!ENTRY com.st.stm32cube.ide.mpu.remote.serial 1 1 2026-08-11 19:45:31.526
!MESSAGE port: COM10

!ENTRY com.st.stm32cube.ide.mpu.remote.serial 1 1 2026-08-11 19:45:31.527
!MESSAGE port: COM11

!ENTRY com.st.stm32cube.ide.mpu.remote.serial 1 1 2026-08-11 19:45:31.527
!MESSAGE port: COM12

!ENTRY com.st.stm32cube.ide.mpu.remote.serial 1 1 2026-08-11 19:45:31.528
!MESSAGE port: COM13

!ENTRY com.st.stm32cube.ide.mpu.remote.serial 1 1 2026-08-11 19:45:31.529
!MESSAGE port: COM16

!ENTRY com.st.stm32cube.ide.mpu.remote.serial 1 1 2026-08-11 19:46:11.728
!MESSAGE Executed PowerShell command powershell.exe -Command "Get-CimInstance -ClassName Win32_SerialPort | Select-Object -ExpandProperty DeviceID":
COM4
COM5
COM6
COM8
COM17
COM3
COM9
COM10
COM11
COM12
COM13
COM16
COM18


!ENTRY com.st.stm32cube.ide.mpu.remote.serial 1 1 2026-08-11 19:46:11.732
!MESSAGE port: COM4

!ENTRY com.st.stm32cube.ide.mpu.remote.serial 1 1 2026-08-11 19:46:11.733
!MESSAGE port: COM5

!ENTRY com.st.stm32cube.ide.mpu.remote.serial 1 1 2026-08-11 19:46:11.734
!MESSAGE port: COM6

!ENTRY com.st.stm32cube.ide.mpu.remote.serial 1 1 2026-08-11 19:46:11.734
!MESSAGE port: COM8

!ENTRY com.st.stm32cube.ide.mpu.remote.serial 1 1 2026-08-11 19:46:11.735
!MESSAGE port: COM17

!ENTRY com.st.stm32cube.ide.mpu.remote.serial 1 1 2026-08-11 19:46:11.735
!MESSAGE port: COM3

!ENTRY com.st.stm32cube.ide.mpu.remote.serial 1 1 2026-08-11 19:46:11.736
!MESSAGE port: COM9

!ENTRY com.st.stm32cube.ide.mpu.remote.serial 1 1 2026-08-11 19:46:11.737
!MESSAGE port: COM10

!ENTRY com.st.stm32cube.ide.mpu.remote.serial 1 1 2026-08-11 19:46:11.737
!MESSAGE port: COM11

!ENTRY com.st.stm32cube.ide.mpu.remote.serial 1 1 2026-08-11 19:46:11.738
!MESSAGE port: COM12

!ENTRY com.st.stm32cube.ide.mpu.remote.serial 1 1 2026-08-11 19:46:11.738
!MESSAGE port: COM13

!ENTRY com.st.stm32cube.ide.mpu.remote.serial 1 1 2026-08-11 19:46:11.739
!MESSAGE port: COM16

!ENTRY com.st.stm32cube.ide.mpu.remote.serial 1 1 2026-08-11 19:46:11.741
!MESSAGE port: COM18

!ENTRY com.st.stm32cube.ide.mpu.remote.serial 1 1 2026-08-11 19:46:55.965
!MESSAGE Executed PowerShell command powershell.exe -Command "Get-CimInstance -ClassName Win32_SerialPort | Select-Object -ExpandProperty DeviceID":
COM4
COM5
COM6
COM8
COM17
COM3
COM9
COM10
COM11
COM12
COM13
COM16


!ENTRY com.st.stm32cube.ide.mpu.remote.serial 1 1 2026-08-11 19:46:55.967
!MESSAGE port: COM4

!ENTRY com.st.stm32cube.ide.mpu.remote.serial 1 1 2026-08-11 19:46:55.968
!MESSAGE port: COM5

!ENTRY com.st.stm32cube.ide.mpu.remote.serial 1 1 2026-08-11 19:46:55.968
!MESSAGE port: COM6

!ENTRY com.st.stm32cube.ide.mpu.remote.serial 1 1 2026-08-11 19:46:55.969
!MESSAGE port: COM8

!ENTRY com.st.stm32cube.ide.mpu.remote.serial 1 1 2026-08-11 19:46:55.970
!MESSAGE port: COM17

!ENTRY com.st.stm32cube.ide.mpu.remote.serial 1 1 2026-08-11 19:46:55.970
!MESSAGE port: COM3

!ENTRY com.st.stm32cube.ide.mpu.remote.serial 1 1 2026-08-11 19:46:55.971
!MESSAGE port: COM9

!ENTRY com.st.stm32cube.ide.mpu.remote.serial 1 1 2026-08-11 19:46:55.972
!MESSAGE port: COM10

!ENTRY com.st.stm32cube.ide.mpu.remote.serial 1 1 2026-08-11 19:46:55.973
!MESSAGE port: COM11

!ENTRY com.st.stm32cube.ide.mpu.remote.serial 1 1 2026-08-11 19:46:55.975
!MESSAGE port: COM12

!ENTRY com.st.stm32cube.ide.mpu.remote.serial 1 1 2026-08-11 19:46:55.976
!MESSAGE port: COM13

!ENTRY com.st.stm32cube.ide.mpu.remote.serial 1 1 2026-08-11 19:46:55.977
!MESSAGE port: COM16

!ENTRY com.st.stm32cube.ide.mpu.remote.serial 1 1 2026-08-11 19:52:59.079
!MESSAGE Executed PowerShell command powershell.exe -Command "Get-CimInstance -ClassName Win32_SerialPort | Select-Object -ExpandProperty DeviceID":
COM4
COM5
COM6
COM8
COM17
COM3
COM9
COM10
COM11
COM12
COM13
COM16
COM18


!ENTRY com.st.stm32cube.ide.mpu.remote.serial 1 1 2026-08-11 19:52:59.081
!MESSAGE port: COM4

!ENTRY com.st.stm32cube.ide.mpu.remote.serial 1 1 2026-08-11 19:52:59.082
!MESSAGE port: COM5

!ENTRY com.st.stm32cube.ide.mpu.remote.serial 1 1 2026-08-11 19:52:59.083
!MESSAGE port: COM6

!ENTRY com.st.stm32cube.ide.mpu.remote.serial 1 1 2026-08-11 19:52:59.085
!MESSAGE port: COM8

!ENTRY com.st.stm32cube.ide.mpu.remote.serial 1 1 2026-08-11 19:52:59.086
!MESSAGE port: COM17

!ENTRY com.st.stm32cube.ide.mpu.remote.serial 1 1 2026-08-11 19:52:59.087
!MESSAGE port: COM3

!ENTRY com.st.stm32cube.ide.mpu.remote.serial 1 1 2026-08-11 19:52:59.088
!MESSAGE port: COM9

!ENTRY com.st.stm32cube.ide.mpu.remote.serial 1 1 2026-08-11 19:52:59.089
!MESSAGE port: COM10

!ENTRY com.st.stm32cube.ide.mpu.remote.serial 1 1 2026-08-11 19:52:59.091
!MESSAGE port: COM11

!ENTRY com.st.stm32cube.ide.mpu.remote.serial 1 1 2026-08-11 19:52:59.092
!MESSAGE port: COM12

!ENTRY com.st.stm32cube.ide.mpu.remote.serial 1 1 2026-08-11 19:52:59.093
!MESSAGE port: COM13

!ENTRY com.st.stm32cube.ide.mpu.remote.serial 1 1 2026-08-11 19:52:59.094
!MESSAGE port: COM16

!ENTRY com.st.stm32cube.ide.mpu.remote.serial 1 1 2026-08-11 19:52:59.095
!MESSAGE port: COM18

!ENTRY com.st.stm32cube.ide.mpu.remote.serial 1 1 2026-08-11 19:54:01.305
!MESSAGE Executed PowerShell command powershell.exe -Command "Get-CimInstance -ClassName Win32_SerialPort | Select-Object -ExpandProperty DeviceID":
COM4
COM5
COM6
COM8
COM17
COM3
COM9
COM10
COM11
COM12
COM13
COM16


!ENTRY com.st.stm32cube.ide.mpu.remote.serial 1 1 2026-08-11 19:54:01.308
!MESSAGE port: COM4

!ENTRY com.st.stm32cube.ide.mpu.remote.serial 1 1 2026-08-11 19:54:01.312
!MESSAGE port: COM5

!ENTRY com.st.stm32cube.ide.mpu.remote.serial 1 1 2026-08-11 19:54:01.314
!MESSAGE port: COM6

!ENTRY com.st.stm32cube.ide.mpu.remote.serial 1 1 2026-08-11 19:54:01.315
!MESSAGE port: COM8

!ENTRY com.st.stm32cube.ide.mpu.remote.serial 1 1 2026-08-11 19:54:01.315
!MESSAGE port: COM17

!ENTRY com.st.stm32cube.ide.mpu.remote.serial 1 1 2026-08-11 19:54:01.316
!MESSAGE port: COM3

!ENTRY com.st.stm32cube.ide.mpu.remote.serial 1 1 2026-08-11 19:54:01.317
!MESSAGE port: COM9

!ENTRY com.st.stm32cube.ide.mpu.remote.serial 1 1 2026-08-11 19:54:01.317
!MESSAGE port: COM10

!ENTRY com.st.stm32cube.ide.mpu.remote.serial 1 1 2026-08-11 19:54:01.320
!MESSAGE port: COM11

!ENTRY com.st.stm32cube.ide.mpu.remote.serial 1 1 2026-08-11 19:54:01.321
!MESSAGE port: COM12

!ENTRY com.st.stm32cube.ide.mpu.remote.serial 1 1 2026-08-11 19:54:01.322
!MESSAGE port: COM13

!ENTRY com.st.stm32cube.ide.mpu.remote.serial 1 1 2026-08-11 19:54:01.323
!MESSAGE port: COM16

!ENTRY com.st.stm32cube.ide.mpu.remote.serial 1 1 2026-08-11 20:08:52.986
!MESSAGE Executed PowerShell command powershell.exe -Command "Get-CimInstance -ClassName Win32_SerialPort | Select-Object -ExpandProperty DeviceID":
COM4
COM5
COM6
COM8
COM17
COM3
COM9
COM10
COM11
COM12
COM13
COM16
COM18


!ENTRY com.st.stm32cube.ide.mpu.remote.serial 1 1 2026-08-11 20:08:52.989
!MESSAGE port: COM4

!ENTRY com.st.stm32cube.ide.mpu.remote.serial 1 1 2026-08-11 20:08:52.989
!MESSAGE port: COM5

!ENTRY com.st.stm32cube.ide.mpu.remote.serial 1 1 2026-08-11 20:08:52.990
!MESSAGE port: COM6

!ENTRY com.st.stm32cube.ide.mpu.remote.serial 1 1 2026-08-11 20:08:52.991
!MESSAGE port: COM8

!ENTRY com.st.stm32cube.ide.mpu.remote.serial 1 1 2026-08-11 20:08:52.991
!MESSAGE port: COM17

!ENTRY com.st.stm32cube.ide.mpu.remote.serial 1 1 2026-08-11 20:08:52.992
!MESSAGE port: COM3

!ENTRY com.st.stm32cube.ide.mpu.remote.serial 1 1 2026-08-11 20:08:52.992
!MESSAGE port: COM9

!ENTRY com.st.stm32cube.ide.mpu.remote.serial 1 1 2026-08-11 20:08:52.993
!MESSAGE port: COM10

!ENTRY com.st.stm32cube.ide.mpu.remote.serial 1 1 2026-08-11 20:08:52.993
!MESSAGE port: COM11

!ENTRY com.st.stm32cube.ide.mpu.remote.serial 1 1 2026-08-11 20:08:52.994
!MESSAGE port: COM12

!ENTRY com.st.stm32cube.ide.mpu.remote.serial 1 1 2026-08-11 20:08:52.995
!MESSAGE port: COM13

!ENTRY com.st.stm32cube.ide.mpu.remote.serial 1 1 2026-08-11 20:08:52.996
!MESSAGE port: COM16

!ENTRY com.st.stm32cube.ide.mpu.remote.serial 1 1 2026-08-11 20:08:52.997
!MESSAGE port: COM18

!ENTRY com.st.stm32cube.ide.mpu.remote.serial 1 1 2026-08-11 20:09:26.950
!MESSAGE Executed PowerShell command powershell.exe -Command "Get-CimInstance -ClassName Win32_SerialPort | Select-Object -ExpandProperty DeviceID":
COM4
COM5
COM6
COM8
COM17
COM3
COM9
COM10
COM11
COM12
COM13
COM16


!ENTRY com.st.stm32cube.ide.mpu.remote.serial 1 1 2026-08-11 20:09:26.951
!MESSAGE port: COM4

!ENTRY com.st.stm32cube.ide.mpu.remote.serial 1 1 2026-08-11 20:09:26.952
!MESSAGE port: COM5

!ENTRY com.st.stm32cube.ide.mpu.remote.serial 1 1 2026-08-11 20:09:26.954
!MESSAGE port: COM6

!ENTRY com.st.stm32cube.ide.mpu.remote.serial 1 1 2026-08-11 20:09:26.954
!MESSAGE port: COM8

!ENTRY com.st.stm32cube.ide.mpu.remote.serial 1 1 2026-08-11 20:09:26.955
!MESSAGE port: COM17

!ENTRY com.st.stm32cube.ide.mpu.remote.serial 1 1 2026-08-11 20:09:26.956
!MESSAGE port: COM3

!ENTRY com.st.stm32cube.ide.mpu.remote.serial 1 1 2026-08-11 20:09:26.957
!MESSAGE port: COM9

!ENTRY com.st.stm32cube.ide.mpu.remote.serial 1 1 2026-08-11 20:09:26.957
!MESSAGE port: COM10

!ENTRY com.st.stm32cube.ide.mpu.remote.serial 1 1 2026-08-11 20:09:26.959
!MESSAGE port: COM11

!ENTRY com.st.stm32cube.ide.mpu.remote.serial 1 1 2026-08-11 20:09:26.960
!MESSAGE port: COM12

!ENTRY com.st.stm32cube.ide.mpu.remote.serial 1 1 2026-08-11 20:09:26.962
!MESSAGE port: COM13

!ENTRY com.st.stm32cube.ide.mpu.remote.serial 1 1 2026-08-11 20:09:26.962
!MESSAGE port: COM16

!ENTRY com.st.stm32cube.ide.mpu.remote.serial 1 1 2026-08-11 20:14:32.755
!MESSAGE Executed PowerShell command powershell.exe -Command "Get-CimInstance -ClassName Win32_SerialPort | Select-Object -ExpandProperty DeviceID":
COM4
COM5
COM6
COM8
COM17
COM3
COM9
COM10
COM11
COM12
COM13
COM16


!ENTRY com.st.stm32cube.ide.mpu.remote.serial 1 1 2026-08-11 20:14:32.756
!MESSAGE port: COM4

!ENTRY com.st.stm32cube.ide.mpu.remote.serial 1 1 2026-08-11 20:14:32.757
!MESSAGE port: COM5

!ENTRY com.st.stm32cube.ide.mpu.remote.serial 1 1 2026-08-11 20:14:32.758
!MESSAGE port: COM6

!ENTRY com.st.stm32cube.ide.mpu.remote.serial 1 1 2026-08-11 20:14:32.758
!MESSAGE port: COM8

!ENTRY com.st.stm32cube.ide.mpu.remote.serial 1 1 2026-08-11 20:14:32.759
!MESSAGE port: COM17

!ENTRY com.st.stm32cube.ide.mpu.remote.serial 1 1 2026-08-11 20:14:32.759
!MESSAGE port: COM3

!ENTRY com.st.stm32cube.ide.mpu.remote.serial 1 1 2026-08-11 20:14:32.760
!MESSAGE port: COM9

!ENTRY com.st.stm32cube.ide.mpu.remote.serial 1 1 2026-08-11 20:14:32.760
!MESSAGE port: COM10

!ENTRY com.st.stm32cube.ide.mpu.remote.serial 1 1 2026-08-11 20:14:32.761
!MESSAGE port: COM11

!ENTRY com.st.stm32cube.ide.mpu.remote.serial 1 1 2026-08-11 20:14:32.762
!MESSAGE port: COM12

!ENTRY com.st.stm32cube.ide.mpu.remote.serial 1 1 2026-08-11 20:14:32.762
!MESSAGE port: COM13

!ENTRY com.st.stm32cube.ide.mpu.remote.serial 1 1 2026-08-11 20:14:32.763
!MESSAGE port: COM16

!ENTRY com.st.stm32cube.ide.mpu.remote.serial 1 1 2026-08-11 20:15:04.017
!MESSAGE Executed PowerShell command powershell.exe -Command "Get-CimInstance -ClassName Win32_SerialPort | Select-Object -ExpandProperty DeviceID":
COM4
COM5
COM6
COM8
COM17
COM3
COM9
COM10
COM11
COM12
COM13
COM16


!ENTRY com.st.stm32cube.ide.mpu.remote.serial 1 1 2026-08-11 20:15:04.017
!MESSAGE port: COM4

!ENTRY com.st.stm32cube.ide.mpu.remote.serial 1 1 2026-08-11 20:15:04.018
!MESSAGE port: COM5

!ENTRY com.st.stm32cube.ide.mpu.remote.serial 1 1 2026-08-11 20:15:04.019
!MESSAGE port: COM6

!ENTRY com.st.stm32cube.ide.mpu.remote.serial 1 1 2026-08-11 20:15:04.020
!MESSAGE port: COM8

!ENTRY com.st.stm32cube.ide.mpu.remote.serial 1 1 2026-08-11 20:15:04.021
!MESSAGE port: COM17

!ENTRY com.st.stm32cube.ide.mpu.remote.serial 1 1 2026-08-11 20:15:04.021
!MESSAGE port: COM3

!ENTRY com.st.stm32cube.ide.mpu.remote.serial 1 1 2026-08-11 20:15:04.022
!MESSAGE port: COM9

!ENTRY com.st.stm32cube.ide.mpu.remote.serial 1 1 2026-08-11 20:15:04.022
!MESSAGE port: COM10

!ENTRY com.st.stm32cube.ide.mpu.remote.serial 1 1 2026-08-11 20:15:04.023
!MESSAGE port: COM11

!ENTRY com.st.stm32cube.ide.mpu.remote.serial 1 1 2026-08-11 20:15:04.024
!MESSAGE port: COM12

!ENTRY com.st.stm32cube.ide.mpu.remote.serial 1 1 2026-08-11 20:15:04.024
!MESSAGE port: COM13

!ENTRY com.st.stm32cube.ide.mpu.remote.serial 1 1 2026-08-11 20:15:04.025
!MESSAGE port: COM16

!ENTRY com.st.stm32cube.ide.mpu.remote.serial 1 1 2026-08-11 20:22:15.267
!MESSAGE Executed PowerShell command powershell.exe -Command "Get-CimInstance -ClassName Win32_SerialPort | Select-Object -ExpandProperty DeviceID":
COM4
COM5
COM6
COM8
COM17
COM3
COM9
COM10
COM11
COM12
COM13
COM16


!ENTRY com.st.stm32cube.ide.mpu.remote.serial 1 1 2026-08-11 20:22:15.269
!MESSAGE port: COM4

!ENTRY com.st.stm32cube.ide.mpu.remote.serial 1 1 2026-08-11 20:22:15.269
!MESSAGE port: COM5

!ENTRY com.st.stm32cube.ide.mpu.remote.serial 1 1 2026-08-11 20:22:15.270
!MESSAGE port: COM6

!ENTRY com.st.stm32cube.ide.mpu.remote.serial 1 1 2026-08-11 20:22:15.270
!MESSAGE port: COM8

!ENTRY com.st.stm32cube.ide.mpu.remote.serial 1 1 2026-08-11 20:22:15.271
!MESSAGE port: COM17

!ENTRY com.st.stm32cube.ide.mpu.remote.serial 1 1 2026-08-11 20:22:15.272
!MESSAGE port: COM3

!ENTRY com.st.stm32cube.ide.mpu.remote.serial 1 1 2026-08-11 20:22:15.273
!MESSAGE port: COM9

!ENTRY com.st.stm32cube.ide.mpu.remote.serial 1 1 2026-08-11 20:22:15.274
!MESSAGE port: COM10

!ENTRY com.st.stm32cube.ide.mpu.remote.serial 1 1 2026-08-11 20:22:15.274
!MESSAGE port: COM11

!ENTRY com.st.stm32cube.ide.mpu.remote.serial 1 1 2026-08-11 20:22:15.275
!MESSAGE port: COM12

!ENTRY com.st.stm32cube.ide.mpu.remote.serial 1 1 2026-08-11 20:22:15.275
!MESSAGE port: COM13

!ENTRY com.st.stm32cube.ide.mpu.remote.serial 1 1 2026-08-11 20:22:15.276
!MESSAGE port: COM16

!ENTRY com.st.stm32cube.ide.mpu.remote.serial 1 1 2026-08-11 20:22:46.544
!MESSAGE Executed PowerShell command powershell.exe -Command "Get-CimInstance -ClassName Win32_SerialPort | Select-Object -ExpandProperty DeviceID":
COM4
COM5
COM6
COM8
COM17
COM3
COM9
COM10
COM11
COM12
COM13
COM16


!ENTRY com.st.stm32cube.ide.mpu.remote.serial 1 1 2026-08-11 20:22:46.545
!MESSAGE port: COM4

!ENTRY com.st.stm32cube.ide.mpu.remote.serial 1 1 2026-08-11 20:22:46.545
!MESSAGE port: COM5

!ENTRY com.st.stm32cube.ide.mpu.remote.serial 1 1 2026-08-11 20:22:46.547
!MESSAGE port: COM6

!ENTRY com.st.stm32cube.ide.mpu.remote.serial 1 1 2026-08-11 20:22:46.548
!MESSAGE port: COM8

!ENTRY com.st.stm32cube.ide.mpu.remote.serial 1 1 2026-08-11 20:22:46.548
!MESSAGE port: COM17

!ENTRY com.st.stm32cube.ide.mpu.remote.serial 1 1 2026-08-11 20:22:46.549
!MESSAGE port: COM3

!ENTRY com.st.stm32cube.ide.mpu.remote.serial 1 1 2026-08-11 20:22:46.550
!MESSAGE port: COM9

!ENTRY com.st.stm32cube.ide.mpu.remote.serial 1 1 2026-08-11 20:22:46.550
!MESSAGE port: COM10

!ENTRY com.st.stm32cube.ide.mpu.remote.serial 1 1 2026-08-11 20:22:46.551
!MESSAGE port: COM11

!ENTRY com.st.stm32cube.ide.mpu.remote.serial 1 1 2026-08-11 20:22:46.551
!MESSAGE port: COM12

!ENTRY com.st.stm32cube.ide.mpu.remote.serial 1 1 2026-08-11 20:22:46.551
!MESSAGE port: COM13

!ENTRY com.st.stm32cube.ide.mpu.remote.serial 1 1 2026-08-11 20:22:46.553
!MESSAGE port: COM16

!ENTRY com.st.stm32cube.ide.mpu.remote.serial 1 1 2026-08-11 20:32:24.353
!MESSAGE Executed PowerShell command powershell.exe -Command "Get-CimInstance -ClassName Win32_SerialPort | Select-Object -ExpandProperty DeviceID":
COM4
COM5
COM6
COM8
COM17
COM3
COM9
COM10
COM11
COM12
COM13
COM16
COM18


!ENTRY com.st.stm32cube.ide.mpu.remote.serial 1 1 2026-08-11 20:32:24.357
!MESSAGE port: COM4

!ENTRY com.st.stm32cube.ide.mpu.remote.serial 1 1 2026-08-11 20:32:24.358
!MESSAGE port: COM5

!ENTRY com.st.stm32cube.ide.mpu.remote.serial 1 1 2026-08-11 20:32:24.358
!MESSAGE port: COM6

!ENTRY com.st.stm32cube.ide.mpu.remote.serial 1 1 2026-08-11 20:32:24.359
!MESSAGE port: COM8

!ENTRY com.st.stm32cube.ide.mpu.remote.serial 1 1 2026-08-11 20:32:24.360
!MESSAGE port: COM17

!ENTRY com.st.stm32cube.ide.mpu.remote.serial 1 1 2026-08-11 20:32:24.360
!MESSAGE port: COM3

!ENTRY com.st.stm32cube.ide.mpu.remote.serial 1 1 2026-08-11 20:32:24.360
!MESSAGE port: COM9

!ENTRY com.st.stm32cube.ide.mpu.remote.serial 1 1 2026-08-11 20:32:24.362
!MESSAGE port: COM10

!ENTRY com.st.stm32cube.ide.mpu.remote.serial 1 1 2026-08-11 20:32:24.363
!MESSAGE port: COM11

!ENTRY com.st.stm32cube.ide.mpu.remote.serial 1 1 2026-08-11 20:32:24.363
!MESSAGE port: COM12

!ENTRY com.st.stm32cube.ide.mpu.remote.serial 1 1 2026-08-11 20:32:24.364
!MESSAGE port: COM13

!ENTRY com.st.stm32cube.ide.mpu.remote.serial 1 1 2026-08-11 20:32:24.365
!MESSAGE port: COM16

!ENTRY com.st.stm32cube.ide.mpu.remote.serial 1 1 2026-08-11 20:32:24.365
!MESSAGE port: COM18

!ENTRY com.st.stm32cube.ide.mpu.remote.serial 1 1 2026-08-11 20:32:58.070
!MESSAGE Executed PowerShell command powershell.exe -Command "Get-CimInstance -ClassName Win32_SerialPort | Select-Object -ExpandProperty DeviceID":
COM4
COM5
COM6
COM8
COM17
COM3
COM9
COM10
COM11
COM12
COM13
COM16


!ENTRY com.st.stm32cube.ide.mpu.remote.serial 1 1 2026-08-11 20:32:58.071
!MESSAGE port: COM4

!ENTRY com.st.stm32cube.ide.mpu.remote.serial 1 1 2026-08-11 20:32:58.072
!MESSAGE port: COM5

!ENTRY com.st.stm32cube.ide.mpu.remote.serial 1 1 2026-08-11 20:32:58.073
!MESSAGE port: COM6

!ENTRY com.st.stm32cube.ide.mpu.remote.serial 1 1 2026-08-11 20:32:58.073
!MESSAGE port: COM8

!ENTRY com.st.stm32cube.ide.mpu.remote.serial 1 1 2026-08-11 20:32:58.074
!MESSAGE port: COM17

!ENTRY com.st.stm32cube.ide.mpu.remote.serial 1 1 2026-08-11 20:32:58.075
!MESSAGE port: COM3

!ENTRY com.st.stm32cube.ide.mpu.remote.serial 1 1 2026-08-11 20:32:58.075
!MESSAGE port: COM9

!ENTRY com.st.stm32cube.ide.mpu.remote.serial 1 1 2026-08-11 20:32:58.076
!MESSAGE port: COM10

!ENTRY com.st.stm32cube.ide.mpu.remote.serial 1 1 2026-08-11 20:32:58.077
!MESSAGE port: COM11

!ENTRY com.st.stm32cube.ide.mpu.remote.serial 1 1 2026-08-11 20:32:58.078
!MESSAGE port: COM12

!ENTRY com.st.stm32cube.ide.mpu.remote.serial 1 1 2026-08-11 20:32:58.079
!MESSAGE port: COM13

!ENTRY com.st.stm32cube.ide.mpu.remote.serial 1 1 2026-08-11 20:32:58.080
!MESSAGE port: COM16

!ENTRY com.st.stm32cube.ide.mpu.remote.serial 1 1 2026-08-11 20:49:04.840
!MESSAGE Executed PowerShell command powershell.exe -Command "Get-CimInstance -ClassName Win32_SerialPort | Select-Object -ExpandProperty DeviceID":
COM4
COM5
COM6
COM8
COM17
COM3
COM9
COM10
COM11
COM12
COM13
COM16
COM18


!ENTRY com.st.stm32cube.ide.mpu.remote.serial 1 1 2026-08-11 20:49:04.845
!MESSAGE port: COM4

!ENTRY com.st.stm32cube.ide.mpu.remote.serial 1 1 2026-08-11 20:49:04.847
!MESSAGE port: COM5

!ENTRY com.st.stm32cube.ide.mpu.remote.serial 1 1 2026-08-11 20:49:04.848
!MESSAGE port: COM6

!ENTRY com.st.stm32cube.ide.mpu.remote.serial 1 1 2026-08-11 20:49:04.849
!MESSAGE port: COM8

!ENTRY com.st.stm32cube.ide.mpu.remote.serial 1 1 2026-08-11 20:49:04.851
!MESSAGE port: COM17

!ENTRY com.st.stm32cube.ide.mpu.remote.serial 1 1 2026-08-11 20:49:04.851
!MESSAGE port: COM3

!ENTRY com.st.stm32cube.ide.mpu.remote.serial 1 1 2026-08-11 20:49:04.853
!MESSAGE port: COM9

!ENTRY com.st.stm32cube.ide.mpu.remote.serial 1 1 2026-08-11 20:49:04.854
!MESSAGE port: COM10

!ENTRY com.st.stm32cube.ide.mpu.remote.serial 1 1 2026-08-11 20:49:04.854
!MESSAGE port: COM11

!ENTRY com.st.stm32cube.ide.mpu.remote.serial 1 1 2026-08-11 20:49:04.855
!MESSAGE port: COM12

!ENTRY com.st.stm32cube.ide.mpu.remote.serial 1 1 2026-08-11 20:49:04.855
!MESSAGE port: COM13

!ENTRY com.st.stm32cube.ide.mpu.remote.serial 1 1 2026-08-11 20:49:04.856
!MESSAGE port: COM16

!ENTRY com.st.stm32cube.ide.mpu.remote.serial 1 1 2026-08-11 20:49:04.858
!MESSAGE port: COM18

!ENTRY com.st.stm32cube.ide.mpu.remote.serial 1 1 2026-08-11 20:49:51.757
!MESSAGE Executed PowerShell command powershell.exe -Command "Get-CimInstance -ClassName Win32_SerialPort | Select-Object -ExpandProperty DeviceID":
COM4
COM5
COM6
COM8
COM17
COM3
COM9
COM10
COM11
COM12
COM13
COM16


!ENTRY com.st.stm32cube.ide.mpu.remote.serial 1 1 2026-08-11 20:49:51.759
!MESSAGE port: COM4

!ENTRY com.st.stm32cube.ide.mpu.remote.serial 1 1 2026-08-11 20:49:51.759
!MESSAGE port: COM5

!ENTRY com.st.stm32cube.ide.mpu.remote.serial 1 1 2026-08-11 20:49:51.761
!MESSAGE port: COM6

!ENTRY com.st.stm32cube.ide.mpu.remote.serial 1 1 2026-08-11 20:49:51.762
!MESSAGE port: COM8

!ENTRY com.st.stm32cube.ide.mpu.remote.serial 1 1 2026-08-11 20:49:51.763
!MESSAGE port: COM17

!ENTRY com.st.stm32cube.ide.mpu.remote.serial 1 1 2026-08-11 20:49:51.764
!MESSAGE port: COM3

!ENTRY com.st.stm32cube.ide.mpu.remote.serial 1 1 2026-08-11 20:49:51.766
!MESSAGE port: COM9

!ENTRY com.st.stm32cube.ide.mpu.remote.serial 1 1 2026-08-11 20:49:51.767
!MESSAGE port: COM10

!ENTRY com.st.stm32cube.ide.mpu.remote.serial 1 1 2026-08-11 20:49:51.768
!MESSAGE port: COM11

!ENTRY com.st.stm32cube.ide.mpu.remote.serial 1 1 2026-08-11 20:49:51.769
!MESSAGE port: COM12

!ENTRY com.st.stm32cube.ide.mpu.remote.serial 1 1 2026-08-11 20:49:51.771
!MESSAGE port: COM13

!ENTRY com.st.stm32cube.ide.mpu.remote.serial 1 1 2026-08-11 20:49:51.772
!MESSAGE port: COM16

!ENTRY com.st.stm32cube.ide.mpu.remote.serial 1 1 2026-08-11 21:14:17.453
!MESSAGE Executed PowerShell command powershell.exe -Command "Get-CimInstance -ClassName Win32_SerialPort | Select-Object -ExpandProperty DeviceID":
COM4
COM5
COM6
COM8
COM17
COM3
COM9
COM10
COM11
COM12
COM13
COM16
COM18


!ENTRY com.st.stm32cube.ide.mpu.remote.serial 1 1 2026-08-11 21:14:17.456
!MESSAGE port: COM4

!ENTRY com.st.stm32cube.ide.mpu.remote.serial 1 1 2026-08-11 21:14:17.457
!MESSAGE port: COM5

!ENTRY com.st.stm32cube.ide.mpu.remote.serial 1 1 2026-08-11 21:14:17.458
!MESSAGE port: COM6

!ENTRY com.st.stm32cube.ide.mpu.remote.serial 1 1 2026-08-11 21:14:17.459
!MESSAGE port: COM8

!ENTRY com.st.stm32cube.ide.mpu.remote.serial 1 1 2026-08-11 21:14:17.460
!MESSAGE port: COM17

!ENTRY com.st.stm32cube.ide.mpu.remote.serial 1 1 2026-08-11 21:14:17.460
!MESSAGE port: COM3

!ENTRY com.st.stm32cube.ide.mpu.remote.serial 1 1 2026-08-11 21:14:17.461
!MESSAGE port: COM9

!ENTRY com.st.stm32cube.ide.mpu.remote.serial 1 1 2026-08-11 21:14:17.463
!MESSAGE port: COM10

!ENTRY com.st.stm32cube.ide.mpu.remote.serial 1 1 2026-08-11 21:14:17.463
!MESSAGE port: COM11

!ENTRY com.st.stm32cube.ide.mpu.remote.serial 1 1 2026-08-11 21:14:17.464
!MESSAGE port: COM12

!ENTRY com.st.stm32cube.ide.mpu.remote.serial 1 1 2026-08-11 21:14:17.465
!MESSAGE port: COM13

!ENTRY com.st.stm32cube.ide.mpu.remote.serial 1 1 2026-08-11 21:14:17.465
!MESSAGE port: COM16

!ENTRY com.st.stm32cube.ide.mpu.remote.serial 1 1 2026-08-11 21:14:17.467
!MESSAGE port: COM18

!ENTRY com.st.stm32cube.ide.mpu.remote.serial 1 1 2026-08-11 21:21:37.131
!MESSAGE Executed PowerShell command powershell.exe -Command "Get-CimInstance -ClassName Win32_SerialPort | Select-Object -ExpandProperty DeviceID":
COM4
COM5
COM6
COM8
COM17
COM3
COM9
COM10
COM11
COM12
COM13
COM16


!ENTRY com.st.stm32cube.ide.mpu.remote.serial 1 1 2026-08-11 21:21:37.133
!MESSAGE port: COM4

!ENTRY com.st.stm32cube.ide.mpu.remote.serial 1 1 2026-08-11 21:21:37.135
!MESSAGE port: COM5

!ENTRY com.st.stm32cube.ide.mpu.remote.serial 1 1 2026-08-11 21:21:37.136
!MESSAGE port: COM6

!ENTRY com.st.stm32cube.ide.mpu.remote.serial 1 1 2026-08-11 21:21:37.137
!MESSAGE port: COM8

!ENTRY com.st.stm32cube.ide.mpu.remote.serial 1 1 2026-08-11 21:21:37.137
!MESSAGE port: COM17

!ENTRY com.st.stm32cube.ide.mpu.remote.serial 1 1 2026-08-11 21:21:37.138
!MESSAGE port: COM3

!ENTRY com.st.stm32cube.ide.mpu.remote.serial 1 1 2026-08-11 21:21:37.140
!MESSAGE port: COM9

!ENTRY com.st.stm32cube.ide.mpu.remote.serial 1 1 2026-08-11 21:21:37.141
!MESSAGE port: COM10

!ENTRY com.st.stm32cube.ide.mpu.remote.serial 1 1 2026-08-11 21:21:37.142
!MESSAGE port: COM11

!ENTRY com.st.stm32cube.ide.mpu.remote.serial 1 1 2026-08-11 21:21:37.143
!MESSAGE port: COM12

!ENTRY com.st.stm32cube.ide.mpu.remote.serial 1 1 2026-08-11 21:21:37.144
!MESSAGE port: COM13

!ENTRY com.st.stm32cube.ide.mpu.remote.serial 1 1 2026-08-11 21:21:37.145
!MESSAGE port: COM16

!ENTRY com.st.stm32cube.ide.mpu.remote.serial 1 1 2026-08-12 18:17:59.397
!MESSAGE Executed PowerShell command powershell.exe -Command "Get-CimInstance -ClassName Win32_SerialPort | Select-Object -ExpandProperty DeviceID":
COM4
COM5
COM6
COM8
COM17
COM3
COM9
COM10
COM11
COM12
COM13
COM16
COM18


!ENTRY com.st.stm32cube.ide.mpu.remote.serial 1 1 2026-08-12 18:17:59.467
!MESSAGE port: COM4

!ENTRY com.st.stm32cube.ide.mpu.remote.serial 1 1 2026-08-12 18:17:59.479
!MESSAGE port: COM5

!ENTRY com.st.stm32cube.ide.mpu.remote.serial 1 1 2026-08-12 18:17:59.486
!MESSAGE port: COM6

!ENTRY com.st.stm32cube.ide.mpu.remote.serial 1 1 2026-08-12 18:17:59.487
!MESSAGE port: COM8

!ENTRY com.st.stm32cube.ide.mpu.remote.serial 1 1 2026-08-12 18:17:59.487
!MESSAGE port: COM17

!ENTRY com.st.stm32cube.ide.mpu.remote.serial 1 1 2026-08-12 18:17:59.487
!MESSAGE port: COM3

!ENTRY com.st.stm32cube.ide.mpu.remote.serial 1 1 2026-08-12 18:17:59.514
!MESSAGE port: COM9

!ENTRY com.st.stm32cube.ide.mpu.remote.serial 1 1 2026-08-12 18:17:59.517
!MESSAGE port: COM10

!ENTRY com.st.stm32cube.ide.mpu.remote.serial 1 1 2026-08-12 18:17:59.519
!MESSAGE port: COM11

!ENTRY com.st.stm32cube.ide.mpu.remote.serial 1 1 2026-08-12 18:17:59.525
!MESSAGE port: COM12

!ENTRY com.st.stm32cube.ide.mpu.remote.serial 1 1 2026-08-12 18:17:59.526
!MESSAGE port: COM13

!ENTRY com.st.stm32cube.ide.mpu.remote.serial 1 1 2026-08-12 18:17:59.527
!MESSAGE port: COM16

!ENTRY com.st.stm32cube.ide.mpu.remote.serial 1 1 2026-08-12 18:17:59.529
!MESSAGE port: COM18

!ENTRY org.eclipse.ltk.core.refactoring 4 10000 2026-08-12 18:21:17.777
!MESSAGE Internal Error
!STACK 1
org.eclipse.core.runtime.CoreException: Could not delete: C:\Users\mechi\OneDrive\FIUBA\2026_1C\TdSEpf\tdse-pf_workspace\.metadata\.plugins\org.eclipse.ltk.core.refactoring\.refactorings\.workspace\2026\8\33.
	at org.eclipse.core.internal.filesystem.local.LocalFile.delete(LocalFile.java:205)
	at org.eclipse.ltk.internal.core.refactoring.history.RefactoringHistoryManager.removeIndexTree(RefactoringHistoryManager.java:364)
	at org.eclipse.ltk.internal.core.refactoring.history.RefactoringHistoryManager.removeRefactoringDescriptors(RefactoringHistoryManager.java:981)
	at org.eclipse.ltk.internal.core.refactoring.history.RefactoringHistoryManager.removeRefactoringDescriptors(RefactoringHistoryManager.java:1068)
	at org.eclipse.ltk.internal.core.refactoring.history.RefactoringHistorySerializer.processHistoryNotification(RefactoringHistorySerializer.java:118)
	at org.eclipse.ltk.internal.core.refactoring.history.RefactoringHistorySerializer.historyNotification(RefactoringHistorySerializer.java:85)
	at org.eclipse.ltk.internal.core.refactoring.history.RefactoringHistoryService$3.run(RefactoringHistoryService.java:580)
	at org.eclipse.core.runtime.SafeRunner.run(SafeRunner.java:47)
	at org.eclipse.ltk.internal.core.refactoring.history.RefactoringHistoryService.fireRefactoringHistoryEvent(RefactoringHistoryService.java:571)
	at org.eclipse.ltk.internal.core.refactoring.history.RefactoringHistoryService.performHistoryNotification(RefactoringHistoryService.java:934)
	at org.eclipse.ltk.internal.core.refactoring.history.RefactoringHistoryService.lambda$0(RefactoringHistoryService.java:370)
	at org.eclipse.core.commands.operations.DefaultOperationHistory$2.run(DefaultOperationHistory.java:867)
	at org.eclipse.core.runtime.SafeRunner.run(SafeRunner.java:47)
	at org.eclipse.core.commands.operations.DefaultOperationHistory.notifyListeners(DefaultOperationHistory.java:856)
	at org.eclipse.core.commands.operations.DefaultOperationHistory.notifyUndone(DefaultOperationHistory.java:978)
	at org.eclipse.core.commands.operations.DefaultOperationHistory.doUndo(DefaultOperationHistory.java:438)
	at org.eclipse.core.commands.operations.DefaultOperationHistory.undo(DefaultOperationHistory.java:1140)
	at org.eclipse.ui.operations.UndoActionHandler.runCommand(UndoActionHandler.java:85)
	at org.eclipse.ui.operations.OperationHistoryActionHandler.lambda$0(OperationHistoryActionHandler.java:296)
	at org.eclipse.jface.operation.ModalContext.runInCurrentThread(ModalContext.java:435)
	at org.eclipse.jface.operation.ModalContext.run(ModalContext.java:354)
	at org.eclipse.jface.dialogs.ProgressMonitorDialog.run(ProgressMonitorDialog.java:472)
	at org.eclipse.ui.internal.operations.TimeTriggeredProgressMonitorDialog.access$1(TimeTriggeredProgressMonitorDialog.java:1)
	at org.eclipse.ui.internal.operations.TimeTriggeredProgressMonitorDialog.lambda$0(TimeTriggeredProgressMonitorDialog.java:154)
	at org.eclipse.swt.custom.BusyIndicator.showWhile(BusyIndicator.java:67)
	at org.eclipse.ui.internal.operations.TimeTriggeredProgressMonitorDialog.run(TimeTriggeredProgressMonitorDialog.java:166)
	at org.eclipse.ui.operations.OperationHistoryActionHandler.run(OperationHistoryActionHandler.java:335)
	at org.eclipse.jface.action.Action.runWithEvent(Action.java:474)
	at org.eclipse.jface.commands.ActionHandler.execute(ActionHandler.java:124)
	at org.eclipse.ui.internal.handlers.E4HandlerProxy.execute(E4HandlerProxy.java:98)
	at java.base/jdk.internal.reflect.DirectMethodHandleAccessor.invoke(DirectMethodHandleAccessor.java:103)
	at java.base/java.lang.reflect.Method.invoke(Method.java:580)
	at org.eclipse.e4.core.internal.di.MethodRequestor.execute(MethodRequestor.java:58)
	at org.eclipse.e4.core.internal.di.InjectorImpl.invokeUsingClass(InjectorImpl.java:305)
	at org.eclipse.e4.core.internal.di.InjectorImpl.invoke(InjectorImpl.java:237)
	at org.eclipse.e4.core.contexts.ContextInjectionFactory.invoke(ContextInjectionFactory.java:174)
	at org.eclipse.e4.core.commands.internal.HandlerServiceHandler.execute(HandlerServiceHandler.java:165)
	at org.eclipse.core.commands.Command.executeWithChecks(Command.java:488)
	at org.eclipse.core.commands.ParameterizedCommand.executeWithChecks(ParameterizedCommand.java:484)
	at org.eclipse.e4.core.commands.internal.HandlerServiceImpl.executeHandler(HandlerServiceImpl.java:204)
	at org.eclipse.e4.ui.bindings.keys.KeyBindingDispatcher.executeCommand(KeyBindingDispatcher.java:320)
	at org.eclipse.e4.ui.bindings.keys.KeyBindingDispatcher.press(KeyBindingDispatcher.java:580)
	at org.eclipse.e4.ui.bindings.keys.KeyBindingDispatcher.processKeyEvent(KeyBindingDispatcher.java:661)
	at org.eclipse.e4.ui.bindings.keys.KeyBindingDispatcher.filterKeySequenceBindings(KeyBindingDispatcher.java:450)
	at org.eclipse.e4.ui.bindings.keys.KeyBindingDispatcher$KeyDownFilter.handleEvent(KeyBindingDispatcher.java:104)
	at org.eclipse.swt.widgets.EventTable.sendEvent(EventTable.java:91)
	at org.eclipse.swt.widgets.Display.filterEvent(Display.java:1342)
	at org.eclipse.swt.widgets.Widget.sendEvent(Widget.java:1216)
	at org.eclipse.swt.widgets.Widget.sendEvent(Widget.java:1241)
	at org.eclipse.swt.widgets.Widget.sendEvent(Widget.java:1226)
	at org.eclipse.swt.widgets.Widget.sendKeyEvent(Widget.java:1268)
	at org.eclipse.swt.widgets.Widget.sendKeyEvent(Widget.java:1264)
	at org.eclipse.swt.widgets.Widget.wmChar(Widget.java:1747)
	at org.eclipse.swt.widgets.Control.WM_CHAR(Control.java:4982)
	at org.eclipse.swt.widgets.Tree.WM_CHAR(Tree.java:6160)
	at org.eclipse.swt.widgets.Control.windowProc(Control.java:4859)
	at org.eclipse.swt.widgets.Tree.windowProc(Tree.java:6155)
	at org.eclipse.swt.widgets.Display.windowProc(Display.java:5132)
	at org.eclipse.swt.internal.win32.OS.DispatchMessage(Native Method)
	at org.eclipse.swt.widgets.Display.readAndDispatch(Display.java:3748)
	at org.eclipse.e4.ui.internal.workbench.swt.PartRenderingEngine$5.run(PartRenderingEngine.java:1147)
	at org.eclipse.core.databinding.observable.Realm.runWithDefault(Realm.java:339)
	at org.eclipse.e4.ui.internal.workbench.swt.PartRenderingEngine.run(PartRenderingEngine.java:1038)
	at org.eclipse.e4.ui.internal.workbench.E4Workbench.createAndRunUI(E4Workbench.java:153)
	at org.eclipse.ui.internal.Workbench.lambda$3(Workbench.java:677)
	at org.eclipse.core.databinding.observable.Realm.runWithDefault(Realm.java:339)
	at org.eclipse.ui.internal.Workbench.createAndRunWorkbench(Workbench.java:583)
	at org.eclipse.ui.PlatformUI.createAndRunWorkbench(PlatformUI.java:173)
	at org.eclipse.ui.internal.ide.application.IDEApplication.start(IDEApplication.java:185)
	at org.eclipse.equinox.internal.app.EclipseAppHandle.run(EclipseAppHandle.java:219)
	at org.eclipse.core.runtime.internal.adaptor.EclipseAppLauncher.runApplication(EclipseAppLauncher.java:149)
	at org.eclipse.core.runtime.internal.adaptor.EclipseAppLauncher.start(EclipseAppLauncher.java:115)
	at org.eclipse.core.runtime.adaptor.EclipseStarter.run(EclipseStarter.java:467)
	at org.eclipse.core.runtime.adaptor.EclipseStarter.run(EclipseStarter.java:298)
	at java.base/jdk.internal.reflect.DirectMethodHandleAccessor.invoke(DirectMethodHandleAccessor.java:103)
	at java.base/java.lang.reflect.Method.invoke(Method.java:580)
	at org.eclipse.equinox.launcher.Main.invokeFramework(Main.java:615)
	at org.eclipse.equinox.launcher.Main.basicRun(Main.java:563)
	at org.eclipse.equinox.launcher.Main.run(Main.java:1415)
Caused by: java.nio.file.AccessDeniedException: C:\Users\mechi\OneDrive\FIUBA\2026_1C\TdSEpf\tdse-pf_workspace\.metadata\.plugins\org.eclipse.ltk.core.refactoring\.refactorings\.workspace\2026\8\33
	at java.base/sun.nio.fs.WindowsException.translateToIOException(WindowsException.java:89)
	at java.base/sun.nio.fs.WindowsException.rethrowAsIOException(WindowsException.java:103)
	at java.base/sun.nio.fs.WindowsException.rethrowAsIOException(WindowsException.java:108)
	at java.base/sun.nio.fs.WindowsFileSystemProvider.implDelete(WindowsFileSystemProvider.java:273)
	at java.base/sun.nio.fs.AbstractFileSystemProvider.deleteIfExists(AbstractFileSystemProvider.java:110)
	at java.base/java.nio.file.Files.deleteIfExists(Files.java:1192)
	at org.eclipse.core.internal.filesystem.local.LocalFile.internalDelete(LocalFile.java:312)
	at org.eclipse.core.internal.filesystem.local.LocalFile.delete(LocalFile.java:203)
	... 78 more
!SUBENTRY 1 org.eclipse.core.filesystem 4 273 2026-08-12 18:21:17.787
!MESSAGE Could not delete: C:\Users\mechi\OneDrive\FIUBA\2026_1C\TdSEpf\tdse-pf_workspace\.metadata\.plugins\org.eclipse.ltk.core.refactoring\.refactorings\.workspace\2026\8\33.
!STACK 0
java.nio.file.AccessDeniedException: C:\Users\mechi\OneDrive\FIUBA\2026_1C\TdSEpf\tdse-pf_workspace\.metadata\.plugins\org.eclipse.ltk.core.refactoring\.refactorings\.workspace\2026\8\33
	at java.base/sun.nio.fs.WindowsException.translateToIOException(WindowsException.java:89)
	at java.base/sun.nio.fs.WindowsException.rethrowAsIOException(WindowsException.java:103)
	at java.base/sun.nio.fs.WindowsException.rethrowAsIOException(WindowsException.java:108)
	at java.base/sun.nio.fs.WindowsFileSystemProvider.implDelete(WindowsFileSystemProvider.java:273)
	at java.base/sun.nio.fs.AbstractFileSystemProvider.deleteIfExists(AbstractFileSystemProvider.java:110)
	at java.base/java.nio.file.Files.deleteIfExists(Files.java:1192)
	at org.eclipse.core.internal.filesystem.local.LocalFile.internalDelete(LocalFile.java:312)
	at org.eclipse.core.internal.filesystem.local.LocalFile.delete(LocalFile.java:203)
	at org.eclipse.ltk.internal.core.refactoring.history.RefactoringHistoryManager.removeIndexTree(RefactoringHistoryManager.java:364)
	at org.eclipse.ltk.internal.core.refactoring.history.RefactoringHistoryManager.removeRefactoringDescriptors(RefactoringHistoryManager.java:981)
	at org.eclipse.ltk.internal.core.refactoring.history.RefactoringHistoryManager.removeRefactoringDescriptors(RefactoringHistoryManager.java:1068)
	at org.eclipse.ltk.internal.core.refactoring.history.RefactoringHistorySerializer.processHistoryNotification(RefactoringHistorySerializer.java:118)
	at org.eclipse.ltk.internal.core.refactoring.history.RefactoringHistorySerializer.historyNotification(RefactoringHistorySerializer.java:85)
	at org.eclipse.ltk.internal.core.refactoring.history.RefactoringHistoryService$3.run(RefactoringHistoryService.java:580)
	at org.eclipse.core.runtime.SafeRunner.run(SafeRunner.java:47)
	at org.eclipse.ltk.internal.core.refactoring.history.RefactoringHistoryService.fireRefactoringHistoryEvent(RefactoringHistoryService.java:571)
	at org.eclipse.ltk.internal.core.refactoring.history.RefactoringHistoryService.performHistoryNotification(RefactoringHistoryService.java:934)
	at org.eclipse.ltk.internal.core.refactoring.history.RefactoringHistoryService.lambda$0(RefactoringHistoryService.java:370)
	at org.eclipse.core.commands.operations.DefaultOperationHistory$2.run(DefaultOperationHistory.java:867)
	at org.eclipse.core.runtime.SafeRunner.run(SafeRunner.java:47)
	at org.eclipse.core.commands.operations.DefaultOperationHistory.notifyListeners(DefaultOperationHistory.java:856)
	at org.eclipse.core.commands.operations.DefaultOperationHistory.notifyUndone(DefaultOperationHistory.java:978)
	at org.eclipse.core.commands.operations.DefaultOperationHistory.doUndo(DefaultOperationHistory.java:438)
	at org.eclipse.core.commands.operations.DefaultOperationHistory.undo(DefaultOperationHistory.java:1140)
	at org.eclipse.ui.operations.UndoActionHandler.runCommand(UndoActionHandler.java:85)
	at org.eclipse.ui.operations.OperationHistoryActionHandler.lambda$0(OperationHistoryActionHandler.java:296)
	at org.eclipse.jface.operation.ModalContext.runInCurrentThread(ModalContext.java:435)
	at org.eclipse.jface.operation.ModalContext.run(ModalContext.java:354)
	at org.eclipse.jface.dialogs.ProgressMonitorDialog.run(ProgressMonitorDialog.java:472)
	at org.eclipse.ui.internal.operations.TimeTriggeredProgressMonitorDialog.access$1(TimeTriggeredProgressMonitorDialog.java:1)
	at org.eclipse.ui.internal.operations.TimeTriggeredProgressMonitorDialog.lambda$0(TimeTriggeredProgressMonitorDialog.java:154)
	at org.eclipse.swt.custom.BusyIndicator.showWhile(BusyIndicator.java:67)
	at org.eclipse.ui.internal.operations.TimeTriggeredProgressMonitorDialog.run(TimeTriggeredProgressMonitorDialog.java:166)
	at org.eclipse.ui.operations.OperationHistoryActionHandler.run(OperationHistoryActionHandler.java:335)
	at org.eclipse.jface.action.Action.runWithEvent(Action.java:474)
	at org.eclipse.jface.commands.ActionHandler.execute(ActionHandler.java:124)
	at org.eclipse.ui.internal.handlers.E4HandlerProxy.execute(E4HandlerProxy.java:98)
	at java.base/jdk.internal.reflect.DirectMethodHandleAccessor.invoke(DirectMethodHandleAccessor.java:103)
	at java.base/java.lang.reflect.Method.invoke(Method.java:580)
	at org.eclipse.e4.core.internal.di.MethodRequestor.execute(MethodRequestor.java:58)
	at org.eclipse.e4.core.internal.di.InjectorImpl.invokeUsingClass(InjectorImpl.java:305)
	at org.eclipse.e4.core.internal.di.InjectorImpl.invoke(InjectorImpl.java:237)
	at org.eclipse.e4.core.contexts.ContextInjectionFactory.invoke(ContextInjectionFactory.java:174)
	at org.eclipse.e4.core.commands.internal.HandlerServiceHandler.execute(HandlerServiceHandler.java:165)
	at org.eclipse.core.commands.Command.executeWithChecks(Command.java:488)
	at org.eclipse.core.commands.ParameterizedCommand.executeWithChecks(ParameterizedCommand.java:484)
	at org.eclipse.e4.core.commands.internal.HandlerServiceImpl.executeHandler(HandlerServiceImpl.java:204)
	at org.eclipse.e4.ui.bindings.keys.KeyBindingDispatcher.executeCommand(KeyBindingDispatcher.java:320)
	at org.eclipse.e4.ui.bindings.keys.KeyBindingDispatcher.press(KeyBindingDispatcher.java:580)
	at org.eclipse.e4.ui.bindings.keys.KeyBindingDispatcher.processKeyEvent(KeyBindingDispatcher.java:661)
	at org.eclipse.e4.ui.bindings.keys.KeyBindingDispatcher.filterKeySequenceBindings(KeyBindingDispatcher.java:450)
	at org.eclipse.e4.ui.bindings.keys.KeyBindingDispatcher$KeyDownFilter.handleEvent(KeyBindingDispatcher.java:104)
	at org.eclipse.swt.widgets.EventTable.sendEvent(EventTable.java:91)
	at org.eclipse.swt.widgets.Display.filterEvent(Display.java:1342)
	at org.eclipse.swt.widgets.Widget.sendEvent(Widget.java:1216)
	at org.eclipse.swt.widgets.Widget.sendEvent(Widget.java:1241)
	at org.eclipse.swt.widgets.Widget.sendEvent(Widget.java:1226)
	at org.eclipse.swt.widgets.Widget.sendKeyEvent(Widget.java:1268)
	at org.eclipse.swt.widgets.Widget.sendKeyEvent(Widget.java:1264)
	at org.eclipse.swt.widgets.Widget.wmChar(Widget.java:1747)
	at org.eclipse.swt.widgets.Control.WM_CHAR(Control.java:4982)
	at org.eclipse.swt.widgets.Tree.WM_CHAR(Tree.java:6160)
	at org.eclipse.swt.widgets.Control.windowProc(Control.java:4859)
	at org.eclipse.swt.widgets.Tree.windowProc(Tree.java:6155)
	at org.eclipse.swt.widgets.Display.windowProc(Display.java:5132)
	at org.eclipse.swt.internal.win32.OS.DispatchMessage(Native Method)
	at org.eclipse.swt.widgets.Display.readAndDispatch(Display.java:3748)
	at org.eclipse.e4.ui.internal.workbench.swt.PartRenderingEngine$5.run(PartRenderingEngine.java:1147)
	at org.eclipse.core.databinding.observable.Realm.runWithDefault(Realm.java:339)
	at org.eclipse.e4.ui.internal.workbench.swt.PartRenderingEngine.run(PartRenderingEngine.java:1038)
	at org.eclipse.e4.ui.internal.workbench.E4Workbench.createAndRunUI(E4Workbench.java:153)
	at org.eclipse.ui.internal.Workbench.lambda$3(Workbench.java:677)
	at org.eclipse.core.databinding.observable.Realm.runWithDefault(Realm.java:339)
	at org.eclipse.ui.internal.Workbench.createAndRunWorkbench(Workbench.java:583)
	at org.eclipse.ui.PlatformUI.createAndRunWorkbench(PlatformUI.java:173)
	at org.eclipse.ui.internal.ide.application.IDEApplication.start(IDEApplication.java:185)
	at org.eclipse.equinox.internal.app.EclipseAppHandle.run(EclipseAppHandle.java:219)
	at org.eclipse.core.runtime.internal.adaptor.EclipseAppLauncher.runApplication(EclipseAppLauncher.java:149)
	at org.eclipse.core.runtime.internal.adaptor.EclipseAppLauncher.start(EclipseAppLauncher.java:115)
	at org.eclipse.core.runtime.adaptor.EclipseStarter.run(EclipseStarter.java:467)
	at org.eclipse.core.runtime.adaptor.EclipseStarter.run(EclipseStarter.java:298)
	at java.base/jdk.internal.reflect.DirectMethodHandleAccessor.invoke(DirectMethodHandleAccessor.java:103)
	at java.base/java.lang.reflect.Method.invoke(Method.java:580)
	at org.eclipse.equinox.launcher.Main.invokeFramework(Main.java:615)
	at org.eclipse.equinox.launcher.Main.basicRun(Main.java:563)
	at org.eclipse.equinox.launcher.Main.run(Main.java:1415)

!ENTRY org.eclipse.cdt.dsf.gdb 4 104 2026-08-12 18:38:04.149
!MESSAGE Program file does not exist
!STACK 0
java.io.FileNotFoundException: C:\Users\mechi\OneDrive\FIUBA\2026_1C\TdSEpf\tdse-pf_workspace\tdse-tp2_00-model_integration\Debug\tdse-tp2_00-model_integration.elf not found
	at org.eclipse.cdt.dsf.gdb.launching.LaunchUtils.verifyProgramPath(LaunchUtils.java:130)
	at org.eclipse.cdt.dsf.gdb.launching.GdbLaunchDelegate.checkBinaryDetails(GdbLaunchDelegate.java:332)
	at org.eclipse.cdt.dsf.gdb.launching.GdbLaunchDelegate.launchDebugSession(GdbLaunchDelegate.java:154)
	at org.eclipse.cdt.dsf.gdb.launching.GdbLaunchDelegate.launchDebugger(GdbLaunchDelegate.java:111)
	at org.eclipse.cdt.dsf.gdb.launching.GdbLaunchDelegate.launch(GdbLaunchDelegate.java:99)
	at com.st.stm32cube.ide.mcu.debug.launch.DSFDelegate.launch(DSFDelegate.java:335)
	at org.eclipse.debug.internal.core.LaunchConfiguration.launch(LaunchConfiguration.java:778)
	at org.eclipse.debug.internal.core.LaunchConfiguration.launch(LaunchConfiguration.java:689)
	at org.eclipse.debug.internal.ui.DebugUIPlugin.buildAndLaunch(DebugUIPlugin.java:1052)
	at org.eclipse.debug.internal.ui.DebugUIPlugin$1.run(DebugUIPlugin.java:1254)
	at org.eclipse.core.internal.jobs.Worker.run(Worker.java:63)
!SUBENTRY 1 org.eclipse.cdt.dsf.gdb 4 104 2026-08-12 18:38:04.156
!MESSAGE C:\Users\mechi\OneDrive\FIUBA\2026_1C\TdSEpf\tdse-pf_workspace\tdse-tp2_00-model_integration\Debug\tdse-tp2_00-model_integration.elf not found
!STACK 0
java.io.FileNotFoundException: C:\Users\mechi\OneDrive\FIUBA\2026_1C\TdSEpf\tdse-pf_workspace\tdse-tp2_00-model_integration\Debug\tdse-tp2_00-model_integration.elf not found
	at org.eclipse.cdt.dsf.gdb.launching.LaunchUtils.verifyProgramPath(LaunchUtils.java:130)
	at org.eclipse.cdt.dsf.gdb.launching.GdbLaunchDelegate.checkBinaryDetails(GdbLaunchDelegate.java:332)
	at org.eclipse.cdt.dsf.gdb.launching.GdbLaunchDelegate.launchDebugSession(GdbLaunchDelegate.java:154)
	at org.eclipse.cdt.dsf.gdb.launching.GdbLaunchDelegate.launchDebugger(GdbLaunchDelegate.java:111)
	at org.eclipse.cdt.dsf.gdb.launching.GdbLaunchDelegate.launch(GdbLaunchDelegate.java:99)
	at com.st.stm32cube.ide.mcu.debug.launch.DSFDelegate.launch(DSFDelegate.java:335)
	at org.eclipse.debug.internal.core.LaunchConfiguration.launch(LaunchConfiguration.java:778)
	at org.eclipse.debug.internal.core.LaunchConfiguration.launch(LaunchConfiguration.java:689)
	at org.eclipse.debug.internal.ui.DebugUIPlugin.buildAndLaunch(DebugUIPlugin.java:1052)
	at org.eclipse.debug.internal.ui.DebugUIPlugin$1.run(DebugUIPlugin.java:1254)
	at org.eclipse.core.internal.jobs.Worker.run(Worker.java:63)

!ENTRY com.st.stm32cube.ide.mpu.remote.serial 1 1 2026-08-12 18:42:31.993
!MESSAGE Executed PowerShell command powershell.exe -Command "Get-CimInstance -ClassName Win32_SerialPort | Select-Object -ExpandProperty DeviceID":
COM4
COM5
COM6
COM8
COM17
COM3
COM9
COM10
COM11
COM12
COM13
COM16


!ENTRY com.st.stm32cube.ide.mpu.remote.serial 1 1 2026-08-12 18:42:32.001
!MESSAGE port: COM4

!ENTRY com.st.stm32cube.ide.mpu.remote.serial 1 1 2026-08-12 18:42:32.002
!MESSAGE port: COM5

!ENTRY com.st.stm32cube.ide.mpu.remote.serial 1 1 2026-08-12 18:42:32.004
!MESSAGE port: COM6

!ENTRY com.st.stm32cube.ide.mpu.remote.serial 1 1 2026-08-12 18:42:32.006
!MESSAGE port: COM8

!ENTRY com.st.stm32cube.ide.mpu.remote.serial 1 1 2026-08-12 18:42:32.008
!MESSAGE port: COM17

!ENTRY com.st.stm32cube.ide.mpu.remote.serial 1 1 2026-08-12 18:42:32.009
!MESSAGE port: COM3

!ENTRY com.st.stm32cube.ide.mpu.remote.serial 1 1 2026-08-12 18:42:32.010
!MESSAGE port: COM9

!ENTRY com.st.stm32cube.ide.mpu.remote.serial 1 1 2026-08-12 18:42:32.012
!MESSAGE port: COM10

!ENTRY com.st.stm32cube.ide.mpu.remote.serial 1 1 2026-08-12 18:42:32.014
!MESSAGE port: COM11

!ENTRY com.st.stm32cube.ide.mpu.remote.serial 1 1 2026-08-12 18:42:32.017
!MESSAGE port: COM12

!ENTRY com.st.stm32cube.ide.mpu.remote.serial 1 1 2026-08-12 18:42:32.019
!MESSAGE port: COM13

!ENTRY com.st.stm32cube.ide.mpu.remote.serial 1 1 2026-08-12 18:42:32.020
!MESSAGE port: COM16

!ENTRY com.st.stm32cube.ide.mpu.remote.serial 1 1 2026-08-12 19:31:50.168
!MESSAGE Executed PowerShell command powershell.exe -Command "Get-CimInstance -ClassName Win32_SerialPort | Select-Object -ExpandProperty DeviceID":
COM4
COM5
COM6
COM8
COM17
COM3
COM9
COM10
COM11
COM12
COM13
COM16
COM18


!ENTRY com.st.stm32cube.ide.mpu.remote.serial 1 1 2026-08-12 19:31:50.191
!MESSAGE port: COM4

!ENTRY com.st.stm32cube.ide.mpu.remote.serial 1 1 2026-08-12 19:31:50.192
!MESSAGE port: COM5

!ENTRY com.st.stm32cube.ide.mpu.remote.serial 1 1 2026-08-12 19:31:50.195
!MESSAGE port: COM6

!ENTRY com.st.stm32cube.ide.mpu.remote.serial 1 1 2026-08-12 19:31:50.198
!MESSAGE port: COM8

!ENTRY com.st.stm32cube.ide.mpu.remote.serial 1 1 2026-08-12 19:31:50.203
!MESSAGE port: COM17

!ENTRY com.st.stm32cube.ide.mpu.remote.serial 1 1 2026-08-12 19:31:50.205
!MESSAGE port: COM3

!ENTRY com.st.stm32cube.ide.mpu.remote.serial 1 1 2026-08-12 19:31:50.210
!MESSAGE port: COM9

!ENTRY com.st.stm32cube.ide.mpu.remote.serial 1 1 2026-08-12 19:31:50.213
!MESSAGE port: COM10

!ENTRY com.st.stm32cube.ide.mpu.remote.serial 1 1 2026-08-12 19:31:50.215
!MESSAGE port: COM11

!ENTRY com.st.stm32cube.ide.mpu.remote.serial 1 1 2026-08-12 19:31:50.216
!MESSAGE port: COM12

!ENTRY com.st.stm32cube.ide.mpu.remote.serial 1 1 2026-08-12 19:31:50.220
!MESSAGE port: COM13

!ENTRY com.st.stm32cube.ide.mpu.remote.serial 1 1 2026-08-12 19:31:50.228
!MESSAGE port: COM16

!ENTRY com.st.stm32cube.ide.mpu.remote.serial 1 1 2026-08-12 19:31:50.229
!MESSAGE port: COM18

!ENTRY com.st.stm32cube.ide.mpu.remote.serial 1 1 2026-08-12 19:33:38.879
!MESSAGE Executed PowerShell command powershell.exe -Command "Get-CimInstance -ClassName Win32_SerialPort | Select-Object -ExpandProperty DeviceID":
COM4
COM5
COM6
COM8
COM17
COM3
COM9
COM10
COM11
COM12
COM13
COM16


!ENTRY com.st.stm32cube.ide.mpu.remote.serial 1 1 2026-08-12 19:33:38.888
!MESSAGE port: COM4

!ENTRY com.st.stm32cube.ide.mpu.remote.serial 1 1 2026-08-12 19:33:38.890
!MESSAGE port: COM5

!ENTRY com.st.stm32cube.ide.mpu.remote.serial 1 1 2026-08-12 19:33:38.892
!MESSAGE port: COM6

!ENTRY com.st.stm32cube.ide.mpu.remote.serial 1 1 2026-08-12 19:33:38.895
!MESSAGE port: COM8

!ENTRY com.st.stm32cube.ide.mpu.remote.serial 1 1 2026-08-12 19:33:38.897
!MESSAGE port: COM17

!ENTRY com.st.stm32cube.ide.mpu.remote.serial 1 1 2026-08-12 19:33:38.901
!MESSAGE port: COM3

!ENTRY com.st.stm32cube.ide.mpu.remote.serial 1 1 2026-08-12 19:33:38.903
!MESSAGE port: COM9

!ENTRY com.st.stm32cube.ide.mpu.remote.serial 1 1 2026-08-12 19:33:38.905
!MESSAGE port: COM10

!ENTRY com.st.stm32cube.ide.mpu.remote.serial 1 1 2026-08-12 19:33:38.906
!MESSAGE port: COM11

!ENTRY com.st.stm32cube.ide.mpu.remote.serial 1 1 2026-08-12 19:33:38.907
!MESSAGE port: COM12

!ENTRY com.st.stm32cube.ide.mpu.remote.serial 1 1 2026-08-12 19:33:38.910
!MESSAGE port: COM13

!ENTRY com.st.stm32cube.ide.mpu.remote.serial 1 1 2026-08-12 19:33:38.911
!MESSAGE port: COM16

!ENTRY com.st.stm32cube.ide.mpu.remote.serial 1 1 2026-08-12 20:17:32.660
!MESSAGE Executed PowerShell command powershell.exe -Command "Get-CimInstance -ClassName Win32_SerialPort | Select-Object -ExpandProperty DeviceID":
COM4
COM5
COM6
COM8
COM17
COM3
COM9
COM10
COM11
COM12
COM13
COM16
COM18


!ENTRY com.st.stm32cube.ide.mpu.remote.serial 1 1 2026-08-12 20:17:32.667
!MESSAGE port: COM4

!ENTRY com.st.stm32cube.ide.mpu.remote.serial 1 1 2026-08-12 20:17:32.668
!MESSAGE port: COM5

!ENTRY com.st.stm32cube.ide.mpu.remote.serial 1 1 2026-08-12 20:17:32.670
!MESSAGE port: COM6

!ENTRY com.st.stm32cube.ide.mpu.remote.serial 1 1 2026-08-12 20:17:32.679
!MESSAGE port: COM8

!ENTRY com.st.stm32cube.ide.mpu.remote.serial 1 1 2026-08-12 20:17:32.681
!MESSAGE port: COM17

!ENTRY com.st.stm32cube.ide.mpu.remote.serial 1 1 2026-08-12 20:17:32.684
!MESSAGE port: COM3

!ENTRY com.st.stm32cube.ide.mpu.remote.serial 1 1 2026-08-12 20:17:32.685
!MESSAGE port: COM9

!ENTRY com.st.stm32cube.ide.mpu.remote.serial 1 1 2026-08-12 20:17:32.686
!MESSAGE port: COM10

!ENTRY com.st.stm32cube.ide.mpu.remote.serial 1 1 2026-08-12 20:17:32.687
!MESSAGE port: COM11

!ENTRY com.st.stm32cube.ide.mpu.remote.serial 1 1 2026-08-12 20:17:32.687
!MESSAGE port: COM12

!ENTRY com.st.stm32cube.ide.mpu.remote.serial 1 1 2026-08-12 20:17:32.687
!MESSAGE port: COM13

!ENTRY com.st.stm32cube.ide.mpu.remote.serial 1 1 2026-08-12 20:17:32.689
!MESSAGE port: COM16

!ENTRY com.st.stm32cube.ide.mpu.remote.serial 1 1 2026-08-12 20:17:32.690
!MESSAGE port: COM18

!ENTRY com.st.stm32cube.ide.mpu.remote.serial 1 1 2026-08-12 20:24:18.960
!MESSAGE Executed PowerShell command powershell.exe -Command "Get-CimInstance -ClassName Win32_SerialPort | Select-Object -ExpandProperty DeviceID":
COM4
COM5
COM6
COM8
COM17
COM3
COM9
COM10
COM11
COM12
COM13
COM16


!ENTRY com.st.stm32cube.ide.mpu.remote.serial 1 1 2026-08-12 20:24:18.967
!MESSAGE port: COM4

!ENTRY com.st.stm32cube.ide.mpu.remote.serial 1 1 2026-08-12 20:24:18.968
!MESSAGE port: COM5

!ENTRY com.st.stm32cube.ide.mpu.remote.serial 1 1 2026-08-12 20:24:18.969
!MESSAGE port: COM6

!ENTRY com.st.stm32cube.ide.mpu.remote.serial 1 1 2026-08-12 20:24:18.970
!MESSAGE port: COM8

!ENTRY com.st.stm32cube.ide.mpu.remote.serial 1 1 2026-08-12 20:24:18.970
!MESSAGE port: COM17

!ENTRY com.st.stm32cube.ide.mpu.remote.serial 1 1 2026-08-12 20:24:18.972
!MESSAGE port: COM3

!ENTRY com.st.stm32cube.ide.mpu.remote.serial 1 1 2026-08-12 20:24:18.973
!MESSAGE port: COM9

!ENTRY com.st.stm32cube.ide.mpu.remote.serial 1 1 2026-08-12 20:24:18.974
!MESSAGE port: COM10

!ENTRY com.st.stm32cube.ide.mpu.remote.serial 1 1 2026-08-12 20:24:18.975
!MESSAGE port: COM11

!ENTRY com.st.stm32cube.ide.mpu.remote.serial 1 1 2026-08-12 20:24:18.976
!MESSAGE port: COM12

!ENTRY com.st.stm32cube.ide.mpu.remote.serial 1 1 2026-08-12 20:24:18.976
!MESSAGE port: COM13

!ENTRY com.st.stm32cube.ide.mpu.remote.serial 1 1 2026-08-12 20:24:18.977
!MESSAGE port: COM16

!ENTRY com.st.stm32cube.ide.mpu.remote.serial 1 1 2026-08-12 20:59:23.695
!MESSAGE Executed PowerShell command powershell.exe -Command "Get-CimInstance -ClassName Win32_SerialPort | Select-Object -ExpandProperty DeviceID":
COM4
COM5
COM6
COM8
COM17
COM3
COM9
COM10
COM11
COM12
COM13
COM16
COM18


!ENTRY com.st.stm32cube.ide.mpu.remote.serial 1 1 2026-08-12 20:59:23.753
!MESSAGE port: COM4

!ENTRY com.st.stm32cube.ide.mpu.remote.serial 1 1 2026-08-12 20:59:23.754
!MESSAGE port: COM5

!ENTRY com.st.stm32cube.ide.mpu.remote.serial 1 1 2026-08-12 20:59:23.755
!MESSAGE port: COM6

!ENTRY com.st.stm32cube.ide.mpu.remote.serial 1 1 2026-08-12 20:59:23.755
!MESSAGE port: COM8

!ENTRY com.st.stm32cube.ide.mpu.remote.serial 1 1 2026-08-12 20:59:23.756
!MESSAGE port: COM17

!ENTRY com.st.stm32cube.ide.mpu.remote.serial 1 1 2026-08-12 20:59:23.756
!MESSAGE port: COM3

!ENTRY com.st.stm32cube.ide.mpu.remote.serial 1 1 2026-08-12 20:59:23.758
!MESSAGE port: COM9

!ENTRY com.st.stm32cube.ide.mpu.remote.serial 1 1 2026-08-12 20:59:23.760
!MESSAGE port: COM10

!ENTRY com.st.stm32cube.ide.mpu.remote.serial 1 1 2026-08-12 20:59:23.761
!MESSAGE port: COM11

!ENTRY com.st.stm32cube.ide.mpu.remote.serial 1 1 2026-08-12 20:59:23.762
!MESSAGE port: COM12

!ENTRY com.st.stm32cube.ide.mpu.remote.serial 1 1 2026-08-12 20:59:23.764
!MESSAGE port: COM13

!ENTRY com.st.stm32cube.ide.mpu.remote.serial 1 1 2026-08-12 20:59:23.766
!MESSAGE port: COM16

!ENTRY com.st.stm32cube.ide.mpu.remote.serial 1 1 2026-08-12 20:59:23.766
!MESSAGE port: COM18

!ENTRY com.st.stm32cube.ide.mpu.remote.serial 1 1 2026-08-12 21:03:55.183
!MESSAGE Executed PowerShell command powershell.exe -Command "Get-CimInstance -ClassName Win32_SerialPort | Select-Object -ExpandProperty DeviceID":
COM4
COM5
COM6
COM8
COM17
COM3
COM9
COM10
COM11
COM12
COM13
COM16


!ENTRY com.st.stm32cube.ide.mpu.remote.serial 1 1 2026-08-12 21:03:55.189
!MESSAGE port: COM4

!ENTRY com.st.stm32cube.ide.mpu.remote.serial 1 1 2026-08-12 21:03:55.190
!MESSAGE port: COM5

!ENTRY com.st.stm32cube.ide.mpu.remote.serial 1 1 2026-08-12 21:03:55.191
!MESSAGE port: COM6

!ENTRY com.st.stm32cube.ide.mpu.remote.serial 1 1 2026-08-12 21:03:55.193
!MESSAGE port: COM8

!ENTRY com.st.stm32cube.ide.mpu.remote.serial 1 1 2026-08-12 21:03:55.194
!MESSAGE port: COM17

!ENTRY com.st.stm32cube.ide.mpu.remote.serial 1 1 2026-08-12 21:03:55.195
!MESSAGE port: COM3

!ENTRY com.st.stm32cube.ide.mpu.remote.serial 1 1 2026-08-12 21:03:55.196
!MESSAGE port: COM9

!ENTRY com.st.stm32cube.ide.mpu.remote.serial 1 1 2026-08-12 21:03:55.197
!MESSAGE port: COM10

!ENTRY com.st.stm32cube.ide.mpu.remote.serial 1 1 2026-08-12 21:03:55.198
!MESSAGE port: COM11

!ENTRY com.st.stm32cube.ide.mpu.remote.serial 1 1 2026-08-12 21:03:55.199
!MESSAGE port: COM12

!ENTRY com.st.stm32cube.ide.mpu.remote.serial 1 1 2026-08-12 21:03:55.200
!MESSAGE port: COM13

!ENTRY com.st.stm32cube.ide.mpu.remote.serial 1 1 2026-08-12 21:03:55.201
!MESSAGE port: COM16

!ENTRY com.st.stm32cube.ide.mpu.remote.serial 1 1 2026-08-12 22:07:45.284
!MESSAGE Executed PowerShell command powershell.exe -Command "Get-CimInstance -ClassName Win32_SerialPort | Select-Object -ExpandProperty DeviceID":
COM4
COM5
COM6
COM8
COM17
COM3
COM9
COM10
COM11
COM12
COM13
COM16
COM18


!ENTRY com.st.stm32cube.ide.mpu.remote.serial 1 1 2026-08-12 22:07:45.320
!MESSAGE port: COM4

!ENTRY com.st.stm32cube.ide.mpu.remote.serial 1 1 2026-08-12 22:07:45.324
!MESSAGE port: COM5

!ENTRY com.st.stm32cube.ide.mpu.remote.serial 1 1 2026-08-12 22:07:45.325
!MESSAGE port: COM6

!ENTRY com.st.stm32cube.ide.mpu.remote.serial 1 1 2026-08-12 22:07:45.327
!MESSAGE port: COM8

!ENTRY com.st.stm32cube.ide.mpu.remote.serial 1 1 2026-08-12 22:07:45.328
!MESSAGE port: COM17

!ENTRY com.st.stm32cube.ide.mpu.remote.serial 1 1 2026-08-12 22:07:45.329
!MESSAGE port: COM3

!ENTRY com.st.stm32cube.ide.mpu.remote.serial 1 1 2026-08-12 22:07:45.331
!MESSAGE port: COM9

!ENTRY com.st.stm32cube.ide.mpu.remote.serial 1 1 2026-08-12 22:07:45.332
!MESSAGE port: COM10

!ENTRY com.st.stm32cube.ide.mpu.remote.serial 1 1 2026-08-12 22:07:45.333
!MESSAGE port: COM11

!ENTRY com.st.stm32cube.ide.mpu.remote.serial 1 1 2026-08-12 22:07:45.334
!MESSAGE port: COM12

!ENTRY com.st.stm32cube.ide.mpu.remote.serial 1 1 2026-08-12 22:07:45.335
!MESSAGE port: COM13

!ENTRY com.st.stm32cube.ide.mpu.remote.serial 1 1 2026-08-12 22:07:45.338
!MESSAGE port: COM16

!ENTRY com.st.stm32cube.ide.mpu.remote.serial 1 1 2026-08-12 22:07:45.338
!MESSAGE port: COM18

!ENTRY com.st.stm32cube.ide.mpu.remote.serial 1 1 2026-08-12 22:14:21.170
!MESSAGE Executed PowerShell command powershell.exe -Command "Get-CimInstance -ClassName Win32_SerialPort | Select-Object -ExpandProperty DeviceID":
COM4
COM5
COM6
COM8
COM17
COM3
COM9
COM10
COM11
COM12
COM13
COM16


!ENTRY com.st.stm32cube.ide.mpu.remote.serial 1 1 2026-08-12 22:14:21.173
!MESSAGE port: COM4

!ENTRY com.st.stm32cube.ide.mpu.remote.serial 1 1 2026-08-12 22:14:21.175
!MESSAGE port: COM5

!ENTRY com.st.stm32cube.ide.mpu.remote.serial 1 1 2026-08-12 22:14:21.176
!MESSAGE port: COM6

!ENTRY com.st.stm32cube.ide.mpu.remote.serial 1 1 2026-08-12 22:14:21.178
!MESSAGE port: COM8

!ENTRY com.st.stm32cube.ide.mpu.remote.serial 1 1 2026-08-12 22:14:21.179
!MESSAGE port: COM17

!ENTRY com.st.stm32cube.ide.mpu.remote.serial 1 1 2026-08-12 22:14:21.180
!MESSAGE port: COM3

!ENTRY com.st.stm32cube.ide.mpu.remote.serial 1 1 2026-08-12 22:14:21.181
!MESSAGE port: COM9

!ENTRY com.st.stm32cube.ide.mpu.remote.serial 1 1 2026-08-12 22:14:21.182
!MESSAGE port: COM10

!ENTRY com.st.stm32cube.ide.mpu.remote.serial 1 1 2026-08-12 22:14:21.183
!MESSAGE port: COM11

!ENTRY com.st.stm32cube.ide.mpu.remote.serial 1 1 2026-08-12 22:14:21.184
!MESSAGE port: COM12

!ENTRY com.st.stm32cube.ide.mpu.remote.serial 1 1 2026-08-12 22:14:21.185
!MESSAGE port: COM13

!ENTRY com.st.stm32cube.ide.mpu.remote.serial 1 1 2026-08-12 22:14:21.186
!MESSAGE port: COM16

!ENTRY com.st.stm32cube.ide.mpu.remote.serial 1 1 2026-08-12 22:17:37.185
!MESSAGE Executed PowerShell command powershell.exe -Command "Get-CimInstance -ClassName Win32_SerialPort | Select-Object -ExpandProperty DeviceID":
COM4
COM5
COM6
COM8
COM17
COM3
COM9
COM10
COM11
COM12
COM13
COM16
COM18


!ENTRY com.st.stm32cube.ide.mpu.remote.serial 1 1 2026-08-12 22:17:37.189
!MESSAGE port: COM4

!ENTRY com.st.stm32cube.ide.mpu.remote.serial 1 1 2026-08-12 22:17:37.191
!MESSAGE port: COM5

!ENTRY com.st.stm32cube.ide.mpu.remote.serial 1 1 2026-08-12 22:17:37.192
!MESSAGE port: COM6

!ENTRY com.st.stm32cube.ide.mpu.remote.serial 1 1 2026-08-12 22:17:37.193
!MESSAGE port: COM8

!ENTRY com.st.stm32cube.ide.mpu.remote.serial 1 1 2026-08-12 22:17:37.195
!MESSAGE port: COM17

!ENTRY com.st.stm32cube.ide.mpu.remote.serial 1 1 2026-08-12 22:17:37.196
!MESSAGE port: COM3

!ENTRY com.st.stm32cube.ide.mpu.remote.serial 1 1 2026-08-12 22:17:37.196
!MESSAGE port: COM9

!ENTRY com.st.stm32cube.ide.mpu.remote.serial 1 1 2026-08-12 22:17:37.198
!MESSAGE port: COM10

!ENTRY com.st.stm32cube.ide.mpu.remote.serial 1 1 2026-08-12 22:17:37.199
!MESSAGE port: COM11

!ENTRY com.st.stm32cube.ide.mpu.remote.serial 1 1 2026-08-12 22:17:37.200
!MESSAGE port: COM12

!ENTRY com.st.stm32cube.ide.mpu.remote.serial 1 1 2026-08-12 22:17:37.202
!MESSAGE port: COM13

!ENTRY com.st.stm32cube.ide.mpu.remote.serial 1 1 2026-08-12 22:17:37.203
!MESSAGE port: COM16

!ENTRY com.st.stm32cube.ide.mpu.remote.serial 1 1 2026-08-12 22:17:37.204
!MESSAGE port: COM18

!ENTRY com.st.stm32cube.ide.mpu.remote.serial 1 1 2026-08-12 22:19:06.127
!MESSAGE Executed PowerShell command powershell.exe -Command "Get-CimInstance -ClassName Win32_SerialPort | Select-Object -ExpandProperty DeviceID":
COM4
COM5
COM6
COM8
COM17
COM3
COM9
COM10
COM11
COM12
COM13
COM16


!ENTRY com.st.stm32cube.ide.mpu.remote.serial 1 1 2026-08-12 22:19:06.136
!MESSAGE port: COM4

!ENTRY com.st.stm32cube.ide.mpu.remote.serial 1 1 2026-08-12 22:19:06.137
!MESSAGE port: COM5

!ENTRY com.st.stm32cube.ide.mpu.remote.serial 1 1 2026-08-12 22:19:06.139
!MESSAGE port: COM6

!ENTRY com.st.stm32cube.ide.mpu.remote.serial 1 1 2026-08-12 22:19:06.140
!MESSAGE port: COM8

!ENTRY com.st.stm32cube.ide.mpu.remote.serial 1 1 2026-08-12 22:19:06.141
!MESSAGE port: COM17

!ENTRY com.st.stm32cube.ide.mpu.remote.serial 1 1 2026-08-12 22:19:06.142
!MESSAGE port: COM3

!ENTRY com.st.stm32cube.ide.mpu.remote.serial 1 1 2026-08-12 22:19:06.143
!MESSAGE port: COM9

!ENTRY com.st.stm32cube.ide.mpu.remote.serial 1 1 2026-08-12 22:19:06.144
!MESSAGE port: COM10

!ENTRY com.st.stm32cube.ide.mpu.remote.serial 1 1 2026-08-12 22:19:06.144
!MESSAGE port: COM11

!ENTRY com.st.stm32cube.ide.mpu.remote.serial 1 1 2026-08-12 22:19:06.145
!MESSAGE port: COM12

!ENTRY com.st.stm32cube.ide.mpu.remote.serial 1 1 2026-08-12 22:19:06.146
!MESSAGE port: COM13

!ENTRY com.st.stm32cube.ide.mpu.remote.serial 1 1 2026-08-12 22:19:06.146
!MESSAGE port: COM16

!ENTRY com.st.stm32cube.ide.mpu.remote.serial 1 1 2026-08-12 22:58:06.184
!MESSAGE Executed PowerShell command powershell.exe -Command "Get-CimInstance -ClassName Win32_SerialPort | Select-Object -ExpandProperty DeviceID":
COM4
COM5
COM6
COM8
COM17
COM3
COM9
COM10
COM11
COM12
COM13
COM16
COM18


!ENTRY com.st.stm32cube.ide.mpu.remote.serial 1 1 2026-08-12 22:58:06.238
!MESSAGE port: COM4

!ENTRY com.st.stm32cube.ide.mpu.remote.serial 1 1 2026-08-12 22:58:06.239
!MESSAGE port: COM5

!ENTRY com.st.stm32cube.ide.mpu.remote.serial 1 1 2026-08-12 22:58:06.239
!MESSAGE port: COM6

!ENTRY com.st.stm32cube.ide.mpu.remote.serial 1 1 2026-08-12 22:58:06.241
!MESSAGE port: COM8

!ENTRY com.st.stm32cube.ide.mpu.remote.serial 1 1 2026-08-12 22:58:06.241
!MESSAGE port: COM17

!ENTRY com.st.stm32cube.ide.mpu.remote.serial 1 1 2026-08-12 22:58:06.242
!MESSAGE port: COM3

!ENTRY com.st.stm32cube.ide.mpu.remote.serial 1 1 2026-08-12 22:58:06.242
!MESSAGE port: COM9

!ENTRY com.st.stm32cube.ide.mpu.remote.serial 1 1 2026-08-12 22:58:06.243
!MESSAGE port: COM10

!ENTRY com.st.stm32cube.ide.mpu.remote.serial 1 1 2026-08-12 22:58:06.245
!MESSAGE port: COM11

!ENTRY com.st.stm32cube.ide.mpu.remote.serial 1 1 2026-08-12 22:58:06.245
!MESSAGE port: COM12

!ENTRY com.st.stm32cube.ide.mpu.remote.serial 1 1 2026-08-12 22:58:06.246
!MESSAGE port: COM13

!ENTRY com.st.stm32cube.ide.mpu.remote.serial 1 1 2026-08-12 22:58:06.247
!MESSAGE port: COM16

!ENTRY com.st.stm32cube.ide.mpu.remote.serial 1 1 2026-08-12 22:58:06.248
!MESSAGE port: COM18

!ENTRY com.st.stm32cube.ide.mpu.remote.serial 1 1 2026-08-12 22:58:57.266
!MESSAGE Executed PowerShell command powershell.exe -Command "Get-CimInstance -ClassName Win32_SerialPort | Select-Object -ExpandProperty DeviceID":
COM4
COM5
COM6
COM8
COM17
COM3
COM9
COM10
COM11
COM12
COM13
COM16


!ENTRY com.st.stm32cube.ide.mpu.remote.serial 1 1 2026-08-12 22:58:57.278
!MESSAGE port: COM4

!ENTRY com.st.stm32cube.ide.mpu.remote.serial 1 1 2026-08-12 22:58:57.279
!MESSAGE port: COM5

!ENTRY com.st.stm32cube.ide.mpu.remote.serial 1 1 2026-08-12 22:58:57.281
!MESSAGE port: COM6

!ENTRY com.st.stm32cube.ide.mpu.remote.serial 1 1 2026-08-12 22:58:57.281
!MESSAGE port: COM8

!ENTRY com.st.stm32cube.ide.mpu.remote.serial 1 1 2026-08-12 22:58:57.282
!MESSAGE port: COM17

!ENTRY com.st.stm32cube.ide.mpu.remote.serial 1 1 2026-08-12 22:58:57.283
!MESSAGE port: COM3

!ENTRY com.st.stm32cube.ide.mpu.remote.serial 1 1 2026-08-12 22:58:57.283
!MESSAGE port: COM9

!ENTRY com.st.stm32cube.ide.mpu.remote.serial 1 1 2026-08-12 22:58:57.285
!MESSAGE port: COM10

!ENTRY com.st.stm32cube.ide.mpu.remote.serial 1 1 2026-08-12 22:58:57.285
!MESSAGE port: COM11

!ENTRY com.st.stm32cube.ide.mpu.remote.serial 1 1 2026-08-12 22:58:57.287
!MESSAGE port: COM12

!ENTRY com.st.stm32cube.ide.mpu.remote.serial 1 1 2026-08-12 22:58:57.287
!MESSAGE port: COM13

!ENTRY com.st.stm32cube.ide.mpu.remote.serial 1 1 2026-08-12 22:58:57.288
!MESSAGE port: COM16

!ENTRY com.st.stm32cube.ide.mpu.remote.serial 1 1 2026-08-12 23:04:33.009
!MESSAGE Executed PowerShell command powershell.exe -Command "Get-CimInstance -ClassName Win32_SerialPort | Select-Object -ExpandProperty DeviceID":
COM4
COM5
COM6
COM8
COM17
COM3
COM9
COM10
COM11
COM12
COM13
COM16


!ENTRY com.st.stm32cube.ide.mpu.remote.serial 1 1 2026-08-12 23:04:33.013
!MESSAGE port: COM4

!ENTRY com.st.stm32cube.ide.mpu.remote.serial 1 1 2026-08-12 23:04:33.014
!MESSAGE port: COM5

!ENTRY com.st.stm32cube.ide.mpu.remote.serial 1 1 2026-08-12 23:04:33.015
!MESSAGE port: COM6

!ENTRY com.st.stm32cube.ide.mpu.remote.serial 1 1 2026-08-12 23:04:33.016
!MESSAGE port: COM8

!ENTRY com.st.stm32cube.ide.mpu.remote.serial 1 1 2026-08-12 23:04:33.018
!MESSAGE port: COM17

!ENTRY com.st.stm32cube.ide.mpu.remote.serial 1 1 2026-08-12 23:04:33.019
!MESSAGE port: COM3

!ENTRY com.st.stm32cube.ide.mpu.remote.serial 1 1 2026-08-12 23:04:33.021
!MESSAGE port: COM9

!ENTRY com.st.stm32cube.ide.mpu.remote.serial 1 1 2026-08-12 23:04:33.022
!MESSAGE port: COM10

!ENTRY com.st.stm32cube.ide.mpu.remote.serial 1 1 2026-08-12 23:04:33.023
!MESSAGE port: COM11

!ENTRY com.st.stm32cube.ide.mpu.remote.serial 1 1 2026-08-12 23:04:33.024
!MESSAGE port: COM12

!ENTRY com.st.stm32cube.ide.mpu.remote.serial 1 1 2026-08-12 23:04:33.025
!MESSAGE port: COM13

!ENTRY com.st.stm32cube.ide.mpu.remote.serial 1 1 2026-08-12 23:04:33.027
!MESSAGE port: COM16

!ENTRY com.st.stm32cube.ide.mpu.remote.serial 1 1 2026-08-12 23:06:07.668
!MESSAGE Executed PowerShell command powershell.exe -Command "Get-CimInstance -ClassName Win32_SerialPort | Select-Object -ExpandProperty DeviceID":
COM4
COM5
COM6
COM8
COM17
COM3
COM9
COM10
COM11
COM12
COM13
COM16


!ENTRY com.st.stm32cube.ide.mpu.remote.serial 1 1 2026-08-12 23:06:07.673
!MESSAGE port: COM4

!ENTRY com.st.stm32cube.ide.mpu.remote.serial 1 1 2026-08-12 23:06:07.674
!MESSAGE port: COM5

!ENTRY com.st.stm32cube.ide.mpu.remote.serial 1 1 2026-08-12 23:06:07.676
!MESSAGE port: COM6

!ENTRY com.st.stm32cube.ide.mpu.remote.serial 1 1 2026-08-12 23:06:07.677
!MESSAGE port: COM8

!ENTRY com.st.stm32cube.ide.mpu.remote.serial 1 1 2026-08-12 23:06:07.677
!MESSAGE port: COM17

!ENTRY com.st.stm32cube.ide.mpu.remote.serial 1 1 2026-08-12 23:06:07.678
!MESSAGE port: COM3

!ENTRY com.st.stm32cube.ide.mpu.remote.serial 1 1 2026-08-12 23:06:07.679
!MESSAGE port: COM9

!ENTRY com.st.stm32cube.ide.mpu.remote.serial 1 1 2026-08-12 23:06:07.680
!MESSAGE port: COM10

!ENTRY com.st.stm32cube.ide.mpu.remote.serial 1 1 2026-08-12 23:06:07.681
!MESSAGE port: COM11

!ENTRY com.st.stm32cube.ide.mpu.remote.serial 1 1 2026-08-12 23:06:07.681
!MESSAGE port: COM12

!ENTRY com.st.stm32cube.ide.mpu.remote.serial 1 1 2026-08-12 23:06:07.683
!MESSAGE port: COM13

!ENTRY com.st.stm32cube.ide.mpu.remote.serial 1 1 2026-08-12 23:06:07.684
!MESSAGE port: COM16

!ENTRY com.st.stm32cube.ide.mpu.remote.serial 1 1 2026-08-12 23:55:53.644
!MESSAGE Executed PowerShell command powershell.exe -Command "Get-CimInstance -ClassName Win32_SerialPort | Select-Object -ExpandProperty DeviceID":
COM4
COM5
COM6
COM8
COM17
COM3
COM9
COM10
COM11
COM12
COM13
COM16
COM18


!ENTRY com.st.stm32cube.ide.mpu.remote.serial 1 1 2026-08-12 23:55:53.647
!MESSAGE port: COM4

!ENTRY com.st.stm32cube.ide.mpu.remote.serial 1 1 2026-08-12 23:55:53.647
!MESSAGE port: COM5

!ENTRY com.st.stm32cube.ide.mpu.remote.serial 1 1 2026-08-12 23:55:53.648
!MESSAGE port: COM6

!ENTRY com.st.stm32cube.ide.mpu.remote.serial 1 1 2026-08-12 23:55:53.649
!MESSAGE port: COM8

!ENTRY com.st.stm32cube.ide.mpu.remote.serial 1 1 2026-08-12 23:55:53.650
!MESSAGE port: COM17

!ENTRY com.st.stm32cube.ide.mpu.remote.serial 1 1 2026-08-12 23:55:53.651
!MESSAGE port: COM3

!ENTRY com.st.stm32cube.ide.mpu.remote.serial 1 1 2026-08-12 23:55:53.652
!MESSAGE port: COM9

!ENTRY com.st.stm32cube.ide.mpu.remote.serial 1 1 2026-08-12 23:55:53.653
!MESSAGE port: COM10

!ENTRY com.st.stm32cube.ide.mpu.remote.serial 1 1 2026-08-12 23:55:53.653
!MESSAGE port: COM11

!ENTRY com.st.stm32cube.ide.mpu.remote.serial 1 1 2026-08-12 23:55:53.654
!MESSAGE port: COM12

!ENTRY com.st.stm32cube.ide.mpu.remote.serial 1 1 2026-08-12 23:55:53.655
!MESSAGE port: COM13

!ENTRY com.st.stm32cube.ide.mpu.remote.serial 1 1 2026-08-12 23:55:53.656
!MESSAGE port: COM16

!ENTRY com.st.stm32cube.ide.mpu.remote.serial 1 1 2026-08-12 23:55:53.656
!MESSAGE port: COM18

!ENTRY com.st.stm32cube.ide.mpu.remote.serial 1 1 2026-08-13 00:05:36.199
!MESSAGE Executed PowerShell command powershell.exe -Command "Get-CimInstance -ClassName Win32_SerialPort | Select-Object -ExpandProperty DeviceID":
COM4
COM5
COM6
COM8
COM17
COM3
COM9
COM10
COM11
COM12
COM13
COM16


!ENTRY com.st.stm32cube.ide.mpu.remote.serial 1 1 2026-08-13 00:05:36.213
!MESSAGE port: COM4

!ENTRY com.st.stm32cube.ide.mpu.remote.serial 1 1 2026-08-13 00:05:36.213
!MESSAGE port: COM5

!ENTRY com.st.stm32cube.ide.mpu.remote.serial 1 1 2026-08-13 00:05:36.215
!MESSAGE port: COM6

!ENTRY com.st.stm32cube.ide.mpu.remote.serial 1 1 2026-08-13 00:05:36.216
!MESSAGE port: COM8

!ENTRY com.st.stm32cube.ide.mpu.remote.serial 1 1 2026-08-13 00:05:36.217
!MESSAGE port: COM17

!ENTRY com.st.stm32cube.ide.mpu.remote.serial 1 1 2026-08-13 00:05:36.219
!MESSAGE port: COM3

!ENTRY com.st.stm32cube.ide.mpu.remote.serial 1 1 2026-08-13 00:05:36.220
!MESSAGE port: COM9

!ENTRY com.st.stm32cube.ide.mpu.remote.serial 1 1 2026-08-13 00:05:36.221
!MESSAGE port: COM10

!ENTRY com.st.stm32cube.ide.mpu.remote.serial 1 1 2026-08-13 00:05:36.222
!MESSAGE port: COM11

!ENTRY com.st.stm32cube.ide.mpu.remote.serial 1 1 2026-08-13 00:05:36.224
!MESSAGE port: COM12

!ENTRY com.st.stm32cube.ide.mpu.remote.serial 1 1 2026-08-13 00:05:36.226
!MESSAGE port: COM13

!ENTRY com.st.stm32cube.ide.mpu.remote.serial 1 1 2026-08-13 00:05:36.230
!MESSAGE port: COM16

!ENTRY com.st.stm32cube.ide.mpu.remote.serial 1 1 2026-08-13 00:09:31.128
!MESSAGE Executed PowerShell command powershell.exe -Command "Get-CimInstance -ClassName Win32_SerialPort | Select-Object -ExpandProperty DeviceID":
COM4
COM5
COM6
COM8
COM17
COM3
COM9
COM10
COM11
COM12
COM13
COM16
COM18


!ENTRY com.st.stm32cube.ide.mpu.remote.serial 1 1 2026-08-13 00:09:31.133
!MESSAGE port: COM4

!ENTRY com.st.stm32cube.ide.mpu.remote.serial 1 1 2026-08-13 00:09:31.135
!MESSAGE port: COM5

!ENTRY com.st.stm32cube.ide.mpu.remote.serial 1 1 2026-08-13 00:09:31.136
!MESSAGE port: COM6

!ENTRY com.st.stm32cube.ide.mpu.remote.serial 1 1 2026-08-13 00:09:31.137
!MESSAGE port: COM8

!ENTRY com.st.stm32cube.ide.mpu.remote.serial 1 1 2026-08-13 00:09:31.138
!MESSAGE port: COM17

!ENTRY com.st.stm32cube.ide.mpu.remote.serial 1 1 2026-08-13 00:09:31.141
!MESSAGE port: COM3

!ENTRY com.st.stm32cube.ide.mpu.remote.serial 1 1 2026-08-13 00:09:31.142
!MESSAGE port: COM9

!ENTRY com.st.stm32cube.ide.mpu.remote.serial 1 1 2026-08-13 00:09:31.143
!MESSAGE port: COM10

!ENTRY com.st.stm32cube.ide.mpu.remote.serial 1 1 2026-08-13 00:09:31.144
!MESSAGE port: COM11

!ENTRY com.st.stm32cube.ide.mpu.remote.serial 1 1 2026-08-13 00:09:31.146
!MESSAGE port: COM12

!ENTRY com.st.stm32cube.ide.mpu.remote.serial 1 1 2026-08-13 00:09:31.147
!MESSAGE port: COM13

!ENTRY com.st.stm32cube.ide.mpu.remote.serial 1 1 2026-08-13 00:09:31.149
!MESSAGE port: COM16

!ENTRY com.st.stm32cube.ide.mpu.remote.serial 1 1 2026-08-13 00:09:31.150
!MESSAGE port: COM18

!ENTRY com.st.stm32cube.ide.mpu.remote.serial 1 1 2026-08-13 00:10:13.165
!MESSAGE Executed PowerShell command powershell.exe -Command "Get-CimInstance -ClassName Win32_SerialPort | Select-Object -ExpandProperty DeviceID":
COM4
COM5
COM6
COM8
COM17
COM3
COM9
COM10
COM11
COM12
COM13
COM16


!ENTRY com.st.stm32cube.ide.mpu.remote.serial 1 1 2026-08-13 00:10:13.173
!MESSAGE port: COM4

!ENTRY com.st.stm32cube.ide.mpu.remote.serial 1 1 2026-08-13 00:10:13.174
!MESSAGE port: COM5

!ENTRY com.st.stm32cube.ide.mpu.remote.serial 1 1 2026-08-13 00:10:13.176
!MESSAGE port: COM6

!ENTRY com.st.stm32cube.ide.mpu.remote.serial 1 1 2026-08-13 00:10:13.177
!MESSAGE port: COM8

!ENTRY com.st.stm32cube.ide.mpu.remote.serial 1 1 2026-08-13 00:10:13.178
!MESSAGE port: COM17

!ENTRY com.st.stm32cube.ide.mpu.remote.serial 1 1 2026-08-13 00:10:13.180
!MESSAGE port: COM3

!ENTRY com.st.stm32cube.ide.mpu.remote.serial 1 1 2026-08-13 00:10:13.181
!MESSAGE port: COM9

!ENTRY com.st.stm32cube.ide.mpu.remote.serial 1 1 2026-08-13 00:10:13.182
!MESSAGE port: COM10

!ENTRY com.st.stm32cube.ide.mpu.remote.serial 1 1 2026-08-13 00:10:13.183
!MESSAGE port: COM11

!ENTRY com.st.stm32cube.ide.mpu.remote.serial 1 1 2026-08-13 00:10:13.185
!MESSAGE port: COM12

!ENTRY com.st.stm32cube.ide.mpu.remote.serial 1 1 2026-08-13 00:10:13.187
!MESSAGE port: COM13

!ENTRY com.st.stm32cube.ide.mpu.remote.serial 1 1 2026-08-13 00:10:13.188
!MESSAGE port: COM16

!ENTRY com.st.stm32cube.ide.mpu.remote.serial 1 1 2026-08-13 00:24:53.745
!MESSAGE Executed PowerShell command powershell.exe -Command "Get-CimInstance -ClassName Win32_SerialPort | Select-Object -ExpandProperty DeviceID":
COM4
COM5
COM6
COM8
COM17
COM3
COM9
COM10
COM11
COM12
COM13
COM16
COM18


!ENTRY com.st.stm32cube.ide.mpu.remote.serial 1 1 2026-08-13 00:24:53.787
!MESSAGE port: COM4

!ENTRY com.st.stm32cube.ide.mpu.remote.serial 1 1 2026-08-13 00:24:53.789
!MESSAGE port: COM5

!ENTRY com.st.stm32cube.ide.mpu.remote.serial 1 1 2026-08-13 00:24:53.791
!MESSAGE port: COM6

!ENTRY com.st.stm32cube.ide.mpu.remote.serial 1 1 2026-08-13 00:24:53.793
!MESSAGE port: COM8

!ENTRY com.st.stm32cube.ide.mpu.remote.serial 1 1 2026-08-13 00:24:53.799
!MESSAGE port: COM17

!ENTRY com.st.stm32cube.ide.mpu.remote.serial 1 1 2026-08-13 00:24:53.803
!MESSAGE port: COM3

!ENTRY com.st.stm32cube.ide.mpu.remote.serial 1 1 2026-08-13 00:24:53.816
!MESSAGE port: COM9

!ENTRY com.st.stm32cube.ide.mpu.remote.serial 1 1 2026-08-13 00:24:53.819
!MESSAGE port: COM10

!ENTRY com.st.stm32cube.ide.mpu.remote.serial 1 1 2026-08-13 00:24:53.820
!MESSAGE port: COM11

!ENTRY com.st.stm32cube.ide.mpu.remote.serial 1 1 2026-08-13 00:24:53.825
!MESSAGE port: COM12

!ENTRY com.st.stm32cube.ide.mpu.remote.serial 1 1 2026-08-13 00:24:53.832
!MESSAGE port: COM13

!ENTRY com.st.stm32cube.ide.mpu.remote.serial 1 1 2026-08-13 00:24:53.836
!MESSAGE port: COM16

!ENTRY com.st.stm32cube.ide.mpu.remote.serial 1 1 2026-08-13 00:24:53.840
!MESSAGE port: COM18

!ENTRY org.eclipse.cdt.dsf.gdb 4 104 2026-08-13 00:25:10.715
!MESSAGE Program file does not exist
!STACK 0
java.io.FileNotFoundException: C:\Users\mechi\OneDrive\FIUBA\2026_1C\TdSEpf\tdse-pf_workspace\tdse-tp2_00-model_integration\Debug\tdse-tp2_00-model_integration.elf not found
	at org.eclipse.cdt.dsf.gdb.launching.LaunchUtils.verifyProgramPath(LaunchUtils.java:130)
	at org.eclipse.cdt.dsf.gdb.launching.GdbLaunchDelegate.checkBinaryDetails(GdbLaunchDelegate.java:332)
	at org.eclipse.cdt.dsf.gdb.launching.GdbLaunchDelegate.launchDebugSession(GdbLaunchDelegate.java:154)
	at org.eclipse.cdt.dsf.gdb.launching.GdbLaunchDelegate.launchDebugger(GdbLaunchDelegate.java:111)
	at org.eclipse.cdt.dsf.gdb.launching.GdbLaunchDelegate.launch(GdbLaunchDelegate.java:99)
	at com.st.stm32cube.ide.mcu.debug.launch.DSFDelegate.launch(DSFDelegate.java:335)
	at org.eclipse.debug.internal.core.LaunchConfiguration.launch(LaunchConfiguration.java:778)
	at org.eclipse.debug.internal.core.LaunchConfiguration.launch(LaunchConfiguration.java:689)
	at org.eclipse.debug.internal.ui.DebugUIPlugin.buildAndLaunch(DebugUIPlugin.java:1052)
	at org.eclipse.debug.internal.ui.DebugUIPlugin$1.run(DebugUIPlugin.java:1254)
	at org.eclipse.core.internal.jobs.Worker.run(Worker.java:63)
!SUBENTRY 1 org.eclipse.cdt.dsf.gdb 4 104 2026-08-13 00:25:10.790
!MESSAGE C:\Users\mechi\OneDrive\FIUBA\2026_1C\TdSEpf\tdse-pf_workspace\tdse-tp2_00-model_integration\Debug\tdse-tp2_00-model_integration.elf not found
!STACK 0
java.io.FileNotFoundException: C:\Users\mechi\OneDrive\FIUBA\2026_1C\TdSEpf\tdse-pf_workspace\tdse-tp2_00-model_integration\Debug\tdse-tp2_00-model_integration.elf not found
	at org.eclipse.cdt.dsf.gdb.launching.LaunchUtils.verifyProgramPath(LaunchUtils.java:130)
	at org.eclipse.cdt.dsf.gdb.launching.GdbLaunchDelegate.checkBinaryDetails(GdbLaunchDelegate.java:332)
	at org.eclipse.cdt.dsf.gdb.launching.GdbLaunchDelegate.launchDebugSession(GdbLaunchDelegate.java:154)
	at org.eclipse.cdt.dsf.gdb.launching.GdbLaunchDelegate.launchDebugger(GdbLaunchDelegate.java:111)
	at org.eclipse.cdt.dsf.gdb.launching.GdbLaunchDelegate.launch(GdbLaunchDelegate.java:99)
	at com.st.stm32cube.ide.mcu.debug.launch.DSFDelegate.launch(DSFDelegate.java:335)
	at org.eclipse.debug.internal.core.LaunchConfiguration.launch(LaunchConfiguration.java:778)
	at org.eclipse.debug.internal.core.LaunchConfiguration.launch(LaunchConfiguration.java:689)
	at org.eclipse.debug.internal.ui.DebugUIPlugin.buildAndLaunch(DebugUIPlugin.java:1052)
	at org.eclipse.debug.internal.ui.DebugUIPlugin$1.run(DebugUIPlugin.java:1254)
	at org.eclipse.core.internal.jobs.Worker.run(Worker.java:63)

!ENTRY com.st.stm32cube.ide.mpu.remote.serial 1 1 2026-08-13 00:27:17.063
!MESSAGE Executed PowerShell command powershell.exe -Command "Get-CimInstance -ClassName Win32_SerialPort | Select-Object -ExpandProperty DeviceID":
COM4
COM5
COM6
COM8
COM17
COM3
COM9
COM10
COM11
COM12
COM13
COM16


!ENTRY com.st.stm32cube.ide.mpu.remote.serial 1 1 2026-08-13 00:27:17.069
!MESSAGE port: COM4

!ENTRY com.st.stm32cube.ide.mpu.remote.serial 1 1 2026-08-13 00:27:17.070
!MESSAGE port: COM5

!ENTRY com.st.stm32cube.ide.mpu.remote.serial 1 1 2026-08-13 00:27:17.071
!MESSAGE port: COM6

!ENTRY com.st.stm32cube.ide.mpu.remote.serial 1 1 2026-08-13 00:27:17.072
!MESSAGE port: COM8

!ENTRY com.st.stm32cube.ide.mpu.remote.serial 1 1 2026-08-13 00:27:17.074
!MESSAGE port: COM17

!ENTRY com.st.stm32cube.ide.mpu.remote.serial 1 1 2026-08-13 00:27:17.075
!MESSAGE port: COM3

!ENTRY com.st.stm32cube.ide.mpu.remote.serial 1 1 2026-08-13 00:27:17.076
!MESSAGE port: COM9

!ENTRY com.st.stm32cube.ide.mpu.remote.serial 1 1 2026-08-13 00:27:17.079
!MESSAGE port: COM10

!ENTRY com.st.stm32cube.ide.mpu.remote.serial 1 1 2026-08-13 00:27:17.081
!MESSAGE port: COM11

!ENTRY com.st.stm32cube.ide.mpu.remote.serial 1 1 2026-08-13 00:27:17.083
!MESSAGE port: COM12

!ENTRY com.st.stm32cube.ide.mpu.remote.serial 1 1 2026-08-13 00:27:17.083
!MESSAGE port: COM13

!ENTRY com.st.stm32cube.ide.mpu.remote.serial 1 1 2026-08-13 00:27:17.086
!MESSAGE port: COM16

!ENTRY com.st.stm32cube.ide.mpu.remote.serial 1 1 2026-08-13 00:31:19.557
!MESSAGE Executed PowerShell command powershell.exe -Command "Get-CimInstance -ClassName Win32_SerialPort | Select-Object -ExpandProperty DeviceID":
COM4
COM5
COM6
COM8
COM17
COM3
COM9
COM10
COM11
COM12
COM13
COM16


!ENTRY com.st.stm32cube.ide.mpu.remote.serial 1 1 2026-08-13 00:31:19.591
!MESSAGE port: COM4

!ENTRY com.st.stm32cube.ide.mpu.remote.serial 1 1 2026-08-13 00:31:19.592
!MESSAGE port: COM5

!ENTRY com.st.stm32cube.ide.mpu.remote.serial 1 1 2026-08-13 00:31:19.594
!MESSAGE port: COM6

!ENTRY com.st.stm32cube.ide.mpu.remote.serial 1 1 2026-08-13 00:31:19.596
!MESSAGE port: COM8

!ENTRY com.st.stm32cube.ide.mpu.remote.serial 1 1 2026-08-13 00:31:19.596
!MESSAGE port: COM17

!ENTRY com.st.stm32cube.ide.mpu.remote.serial 1 1 2026-08-13 00:31:19.597
!MESSAGE port: COM3

!ENTRY com.st.stm32cube.ide.mpu.remote.serial 1 1 2026-08-13 00:31:19.598
!MESSAGE port: COM9

!ENTRY com.st.stm32cube.ide.mpu.remote.serial 1 1 2026-08-13 00:31:19.599
!MESSAGE port: COM10

!ENTRY com.st.stm32cube.ide.mpu.remote.serial 1 1 2026-08-13 00:31:19.600
!MESSAGE port: COM11

!ENTRY com.st.stm32cube.ide.mpu.remote.serial 1 1 2026-08-13 00:31:19.601
!MESSAGE port: COM12

!ENTRY com.st.stm32cube.ide.mpu.remote.serial 1 1 2026-08-13 00:31:19.602
!MESSAGE port: COM13

!ENTRY com.st.stm32cube.ide.mpu.remote.serial 1 1 2026-08-13 00:31:19.606
!MESSAGE port: COM16

!ENTRY com.st.stm32cube.ide.mpu.remote.serial 1 1 2026-08-13 00:31:51.600
!MESSAGE Executed PowerShell command powershell.exe -Command "Get-CimInstance -ClassName Win32_SerialPort | Select-Object -ExpandProperty DeviceID":
COM4
COM5
COM6
COM8
COM17
COM3
COM9
COM10
COM11
COM12
COM13
COM16


!ENTRY com.st.stm32cube.ide.mpu.remote.serial 1 1 2026-08-13 00:31:51.603
!MESSAGE port: COM4

!ENTRY com.st.stm32cube.ide.mpu.remote.serial 1 1 2026-08-13 00:31:51.604
!MESSAGE port: COM5

!ENTRY com.st.stm32cube.ide.mpu.remote.serial 1 1 2026-08-13 00:31:51.606
!MESSAGE port: COM6

!ENTRY com.st.stm32cube.ide.mpu.remote.serial 1 1 2026-08-13 00:31:51.608
!MESSAGE port: COM8

!ENTRY com.st.stm32cube.ide.mpu.remote.serial 1 1 2026-08-13 00:31:51.608
!MESSAGE port: COM17

!ENTRY com.st.stm32cube.ide.mpu.remote.serial 1 1 2026-08-13 00:31:51.608
!MESSAGE port: COM3

!ENTRY com.st.stm32cube.ide.mpu.remote.serial 1 1 2026-08-13 00:31:51.613
!MESSAGE port: COM9

!ENTRY com.st.stm32cube.ide.mpu.remote.serial 1 1 2026-08-13 00:31:51.613
!MESSAGE port: COM10

!ENTRY com.st.stm32cube.ide.mpu.remote.serial 1 1 2026-08-13 00:31:51.613
!MESSAGE port: COM11

!ENTRY com.st.stm32cube.ide.mpu.remote.serial 1 1 2026-08-13 00:31:51.616
!MESSAGE port: COM12

!ENTRY com.st.stm32cube.ide.mpu.remote.serial 1 1 2026-08-13 00:31:51.617
!MESSAGE port: COM13

!ENTRY com.st.stm32cube.ide.mpu.remote.serial 1 1 2026-08-13 00:31:51.618
!MESSAGE port: COM16

!ENTRY com.st.stm32cube.ide.mpu.remote.serial 1 1 2026-08-13 00:40:19.029
!MESSAGE Executed PowerShell command powershell.exe -Command "Get-CimInstance -ClassName Win32_SerialPort | Select-Object -ExpandProperty DeviceID":
COM4
COM5
COM6
COM8
COM17
COM3
COM9
COM10
COM11
COM12
COM13
COM16
COM18


!ENTRY com.st.stm32cube.ide.mpu.remote.serial 1 1 2026-08-13 00:40:19.037
!MESSAGE port: COM4

!ENTRY com.st.stm32cube.ide.mpu.remote.serial 1 1 2026-08-13 00:40:19.039
!MESSAGE port: COM5

!ENTRY com.st.stm32cube.ide.mpu.remote.serial 1 1 2026-08-13 00:40:19.040
!MESSAGE port: COM6

!ENTRY com.st.stm32cube.ide.mpu.remote.serial 1 1 2026-08-13 00:40:19.042
!MESSAGE port: COM8

!ENTRY com.st.stm32cube.ide.mpu.remote.serial 1 1 2026-08-13 00:40:19.043
!MESSAGE port: COM17

!ENTRY com.st.stm32cube.ide.mpu.remote.serial 1 1 2026-08-13 00:40:19.046
!MESSAGE port: COM3

!ENTRY com.st.stm32cube.ide.mpu.remote.serial 1 1 2026-08-13 00:40:19.047
!MESSAGE port: COM9

!ENTRY com.st.stm32cube.ide.mpu.remote.serial 1 1 2026-08-13 00:40:19.048
!MESSAGE port: COM10

!ENTRY com.st.stm32cube.ide.mpu.remote.serial 1 1 2026-08-13 00:40:19.053
!MESSAGE port: COM11

!ENTRY com.st.stm32cube.ide.mpu.remote.serial 1 1 2026-08-13 00:40:19.057
!MESSAGE port: COM12

!ENTRY com.st.stm32cube.ide.mpu.remote.serial 1 1 2026-08-13 00:40:19.059
!MESSAGE port: COM13

!ENTRY com.st.stm32cube.ide.mpu.remote.serial 1 1 2026-08-13 00:40:19.062
!MESSAGE port: COM16

!ENTRY com.st.stm32cube.ide.mpu.remote.serial 1 1 2026-08-13 00:40:19.064
!MESSAGE port: COM18

!ENTRY com.st.stm32cube.ide.mpu.remote.serial 1 1 2026-08-13 00:41:29.825
!MESSAGE Executed PowerShell command powershell.exe -Command "Get-CimInstance -ClassName Win32_SerialPort | Select-Object -ExpandProperty DeviceID":
COM4
COM5
COM6
COM8
COM17
COM3
COM9
COM10
COM11
COM12
COM13
COM16


!ENTRY com.st.stm32cube.ide.mpu.remote.serial 1 1 2026-08-13 00:41:29.841
!MESSAGE port: COM4

!ENTRY com.st.stm32cube.ide.mpu.remote.serial 1 1 2026-08-13 00:41:29.841
!MESSAGE port: COM5

!ENTRY com.st.stm32cube.ide.mpu.remote.serial 1 1 2026-08-13 00:41:29.842
!MESSAGE port: COM6

!ENTRY com.st.stm32cube.ide.mpu.remote.serial 1 1 2026-08-13 00:41:29.843
!MESSAGE port: COM8

!ENTRY com.st.stm32cube.ide.mpu.remote.serial 1 1 2026-08-13 00:41:29.844
!MESSAGE port: COM17

!ENTRY com.st.stm32cube.ide.mpu.remote.serial 1 1 2026-08-13 00:41:29.844
!MESSAGE port: COM3

!ENTRY com.st.stm32cube.ide.mpu.remote.serial 1 1 2026-08-13 00:41:29.846
!MESSAGE port: COM9

!ENTRY com.st.stm32cube.ide.mpu.remote.serial 1 1 2026-08-13 00:41:29.847
!MESSAGE port: COM10

!ENTRY com.st.stm32cube.ide.mpu.remote.serial 1 1 2026-08-13 00:41:29.849
!MESSAGE port: COM11

!ENTRY com.st.stm32cube.ide.mpu.remote.serial 1 1 2026-08-13 00:41:29.850
!MESSAGE port: COM12

!ENTRY com.st.stm32cube.ide.mpu.remote.serial 1 1 2026-08-13 00:41:29.851
!MESSAGE port: COM13

!ENTRY com.st.stm32cube.ide.mpu.remote.serial 1 1 2026-08-13 00:41:29.852
!MESSAGE port: COM16

!ENTRY com.st.stm32cube.ide.mpu.remote.serial 1 1 2026-08-13 00:44:49.807
!MESSAGE Executed PowerShell command powershell.exe -Command "Get-CimInstance -ClassName Win32_SerialPort | Select-Object -ExpandProperty DeviceID":
COM4
COM5
COM6
COM8
COM17
COM3
COM9
COM10
COM11
COM12
COM13
COM16


!ENTRY com.st.stm32cube.ide.mpu.remote.serial 1 1 2026-08-13 00:44:49.809
!MESSAGE port: COM4

!ENTRY com.st.stm32cube.ide.mpu.remote.serial 1 1 2026-08-13 00:44:49.811
!MESSAGE port: COM5

!ENTRY com.st.stm32cube.ide.mpu.remote.serial 1 1 2026-08-13 00:44:49.812
!MESSAGE port: COM6

!ENTRY com.st.stm32cube.ide.mpu.remote.serial 1 1 2026-08-13 00:44:49.814
!MESSAGE port: COM8

!ENTRY com.st.stm32cube.ide.mpu.remote.serial 1 1 2026-08-13 00:44:49.815
!MESSAGE port: COM17

!ENTRY com.st.stm32cube.ide.mpu.remote.serial 1 1 2026-08-13 00:44:49.817
!MESSAGE port: COM3

!ENTRY com.st.stm32cube.ide.mpu.remote.serial 1 1 2026-08-13 00:44:49.818
!MESSAGE port: COM9

!ENTRY com.st.stm32cube.ide.mpu.remote.serial 1 1 2026-08-13 00:44:49.820
!MESSAGE port: COM10

!ENTRY com.st.stm32cube.ide.mpu.remote.serial 1 1 2026-08-13 00:44:49.821
!MESSAGE port: COM11

!ENTRY com.st.stm32cube.ide.mpu.remote.serial 1 1 2026-08-13 00:44:49.823
!MESSAGE port: COM12

!ENTRY com.st.stm32cube.ide.mpu.remote.serial 1 1 2026-08-13 00:44:49.824
!MESSAGE port: COM13

!ENTRY com.st.stm32cube.ide.mpu.remote.serial 1 1 2026-08-13 00:44:49.826
!MESSAGE port: COM16

!ENTRY com.st.stm32cube.ide.mpu.remote.serial 1 1 2026-08-13 00:45:22.316
!MESSAGE Executed PowerShell command powershell.exe -Command "Get-CimInstance -ClassName Win32_SerialPort | Select-Object -ExpandProperty DeviceID":
COM4
COM5
COM6
COM8
COM17
COM3
COM9
COM10
COM11
COM12
COM13
COM16


!ENTRY com.st.stm32cube.ide.mpu.remote.serial 1 1 2026-08-13 00:45:22.318
!MESSAGE port: COM4

!ENTRY com.st.stm32cube.ide.mpu.remote.serial 1 1 2026-08-13 00:45:22.320
!MESSAGE port: COM5

!ENTRY com.st.stm32cube.ide.mpu.remote.serial 1 1 2026-08-13 00:45:22.321
!MESSAGE port: COM6

!ENTRY com.st.stm32cube.ide.mpu.remote.serial 1 1 2026-08-13 00:45:22.324
!MESSAGE port: COM8

!ENTRY com.st.stm32cube.ide.mpu.remote.serial 1 1 2026-08-13 00:45:22.325
!MESSAGE port: COM17

!ENTRY com.st.stm32cube.ide.mpu.remote.serial 1 1 2026-08-13 00:45:22.329
!MESSAGE port: COM3

!ENTRY com.st.stm32cube.ide.mpu.remote.serial 1 1 2026-08-13 00:45:22.330
!MESSAGE port: COM9

!ENTRY com.st.stm32cube.ide.mpu.remote.serial 1 1 2026-08-13 00:45:22.332
!MESSAGE port: COM10

!ENTRY com.st.stm32cube.ide.mpu.remote.serial 1 1 2026-08-13 00:45:22.333
!MESSAGE port: COM11

!ENTRY com.st.stm32cube.ide.mpu.remote.serial 1 1 2026-08-13 00:45:22.334
!MESSAGE port: COM12

!ENTRY com.st.stm32cube.ide.mpu.remote.serial 1 1 2026-08-13 00:45:22.338
!MESSAGE port: COM13

!ENTRY com.st.stm32cube.ide.mpu.remote.serial 1 1 2026-08-13 00:45:22.339
!MESSAGE port: COM16

!ENTRY com.st.stm32cube.ide.mpu.remote.serial 1 1 2026-08-13 00:46:00.565
!MESSAGE Executed PowerShell command powershell.exe -Command "Get-CimInstance -ClassName Win32_SerialPort | Select-Object -ExpandProperty DeviceID":
COM4
COM5
COM6
COM8
COM17
COM3
COM9
COM10
COM11
COM12
COM13
COM16
COM18


!ENTRY com.st.stm32cube.ide.mpu.remote.serial 1 1 2026-08-13 00:46:00.574
!MESSAGE port: COM4

!ENTRY com.st.stm32cube.ide.mpu.remote.serial 1 1 2026-08-13 00:46:00.575
!MESSAGE port: COM5

!ENTRY com.st.stm32cube.ide.mpu.remote.serial 1 1 2026-08-13 00:46:00.578
!MESSAGE port: COM6

!ENTRY com.st.stm32cube.ide.mpu.remote.serial 1 1 2026-08-13 00:46:00.580
!MESSAGE port: COM8

!ENTRY com.st.stm32cube.ide.mpu.remote.serial 1 1 2026-08-13 00:46:00.581
!MESSAGE port: COM17

!ENTRY com.st.stm32cube.ide.mpu.remote.serial 1 1 2026-08-13 00:46:00.584
!MESSAGE port: COM3

!ENTRY com.st.stm32cube.ide.mpu.remote.serial 1 1 2026-08-13 00:46:00.585
!MESSAGE port: COM9

!ENTRY com.st.stm32cube.ide.mpu.remote.serial 1 1 2026-08-13 00:46:00.586
!MESSAGE port: COM10

!ENTRY com.st.stm32cube.ide.mpu.remote.serial 1 1 2026-08-13 00:46:00.588
!MESSAGE port: COM11

!ENTRY com.st.stm32cube.ide.mpu.remote.serial 1 1 2026-08-13 00:46:00.589
!MESSAGE port: COM12

!ENTRY com.st.stm32cube.ide.mpu.remote.serial 1 1 2026-08-13 00:46:00.590
!MESSAGE port: COM13

!ENTRY com.st.stm32cube.ide.mpu.remote.serial 1 1 2026-08-13 00:46:00.591
!MESSAGE port: COM16

!ENTRY com.st.stm32cube.ide.mpu.remote.serial 1 1 2026-08-13 00:46:00.592
!MESSAGE port: COM18

!ENTRY com.st.stm32cube.ide.mpu.remote.serial 1 1 2026-08-13 00:57:51.932
!MESSAGE Executed PowerShell command powershell.exe -Command "Get-CimInstance -ClassName Win32_SerialPort | Select-Object -ExpandProperty DeviceID":
COM4
COM5
COM6
COM8
COM17
COM3
COM9
COM10
COM11
COM12
COM13
COM16


!ENTRY com.st.stm32cube.ide.mpu.remote.serial 1 1 2026-08-13 00:57:51.944
!MESSAGE port: COM4

!ENTRY com.st.stm32cube.ide.mpu.remote.serial 1 1 2026-08-13 00:57:51.945
!MESSAGE port: COM5

!ENTRY com.st.stm32cube.ide.mpu.remote.serial 1 1 2026-08-13 00:57:51.947
!MESSAGE port: COM6

!ENTRY com.st.stm32cube.ide.mpu.remote.serial 1 1 2026-08-13 00:57:51.948
!MESSAGE port: COM8

!ENTRY com.st.stm32cube.ide.mpu.remote.serial 1 1 2026-08-13 00:57:51.948
!MESSAGE port: COM17

!ENTRY com.st.stm32cube.ide.mpu.remote.serial 1 1 2026-08-13 00:57:51.949
!MESSAGE port: COM3

!ENTRY com.st.stm32cube.ide.mpu.remote.serial 1 1 2026-08-13 00:57:51.950
!MESSAGE port: COM9

!ENTRY com.st.stm32cube.ide.mpu.remote.serial 1 1 2026-08-13 00:57:51.951
!MESSAGE port: COM10

!ENTRY com.st.stm32cube.ide.mpu.remote.serial 1 1 2026-08-13 00:57:51.951
!MESSAGE port: COM11

!ENTRY com.st.stm32cube.ide.mpu.remote.serial 1 1 2026-08-13 00:57:51.953
!MESSAGE port: COM12

!ENTRY com.st.stm32cube.ide.mpu.remote.serial 1 1 2026-08-13 00:57:51.954
!MESSAGE port: COM13

!ENTRY com.st.stm32cube.ide.mpu.remote.serial 1 1 2026-08-13 00:57:51.956
!MESSAGE port: COM16

!ENTRY com.st.stm32cube.ide.mcu.debug 4 0 2026-08-13 01:08:49.976
!MESSAGE Error - No active DSF-Session. tmpSessionId = 57 (contextManager row 121)

!ENTRY com.st.stm32cube.ide.mcu.debug 4 0 2026-08-13 01:08:49.982
!MESSAGE Existing sessions are:

!ENTRY com.st.stm32cube.ide.mcu.debug 4 0 2026-08-13 01:08:49.990
!MESSAGE Error - No active DSF-Session. tmpSessionId = 57 (contextManager row 121)

!ENTRY com.st.stm32cube.ide.mcu.debug 4 0 2026-08-13 01:08:49.993
!MESSAGE Existing sessions are:

!ENTRY com.st.stm32cube.ide.mpu.remote.serial 1 1 2026-08-13 01:08:50.536
!MESSAGE Executed PowerShell command powershell.exe -Command "Get-CimInstance -ClassName Win32_SerialPort | Select-Object -ExpandProperty DeviceID":
COM4
COM5
COM6
COM8
COM17
COM3
COM9
COM10
COM11
COM12
COM13
COM16
COM18


!ENTRY com.st.stm32cube.ide.mpu.remote.serial 1 1 2026-08-13 01:08:50.537
!MESSAGE port: COM4

!ENTRY com.st.stm32cube.ide.mpu.remote.serial 1 1 2026-08-13 01:08:50.539
!MESSAGE port: COM5

!ENTRY com.st.stm32cube.ide.mpu.remote.serial 1 1 2026-08-13 01:08:50.542
!MESSAGE port: COM6

!ENTRY com.st.stm32cube.ide.mpu.remote.serial 1 1 2026-08-13 01:08:50.545
!MESSAGE port: COM8

!ENTRY com.st.stm32cube.ide.mpu.remote.serial 1 1 2026-08-13 01:08:50.547
!MESSAGE port: COM17

!ENTRY com.st.stm32cube.ide.mpu.remote.serial 1 1 2026-08-13 01:08:50.548
!MESSAGE port: COM3

!ENTRY com.st.stm32cube.ide.mpu.remote.serial 1 1 2026-08-13 01:08:50.550
!MESSAGE port: COM9

!ENTRY com.st.stm32cube.ide.mpu.remote.serial 1 1 2026-08-13 01:08:50.552
!MESSAGE port: COM10

!ENTRY com.st.stm32cube.ide.mpu.remote.serial 1 1 2026-08-13 01:08:50.554
!MESSAGE port: COM11

!ENTRY com.st.stm32cube.ide.mpu.remote.serial 1 1 2026-08-13 01:08:50.556
!MESSAGE port: COM12

!ENTRY com.st.stm32cube.ide.mpu.remote.serial 1 1 2026-08-13 01:08:50.558
!MESSAGE port: COM13

!ENTRY com.st.stm32cube.ide.mpu.remote.serial 1 1 2026-08-13 01:08:50.560
!MESSAGE port: COM16

!ENTRY com.st.stm32cube.ide.mpu.remote.serial 1 1 2026-08-13 01:08:50.561
!MESSAGE port: COM18

!ENTRY com.st.stm32cube.ide.mpu.remote.serial 1 1 2026-08-13 01:09:38.017
!MESSAGE Executed PowerShell command powershell.exe -Command "Get-CimInstance -ClassName Win32_SerialPort | Select-Object -ExpandProperty DeviceID":
COM4
COM5
COM6
COM8
COM17
COM3
COM9
COM10
COM11
COM12
COM13
COM16


!ENTRY com.st.stm32cube.ide.mpu.remote.serial 1 1 2026-08-13 01:09:38.019
!MESSAGE port: COM4

!ENTRY com.st.stm32cube.ide.mpu.remote.serial 1 1 2026-08-13 01:09:38.020
!MESSAGE port: COM5

!ENTRY com.st.stm32cube.ide.mpu.remote.serial 1 1 2026-08-13 01:09:38.022
!MESSAGE port: COM6

!ENTRY com.st.stm32cube.ide.mpu.remote.serial 1 1 2026-08-13 01:09:38.023
!MESSAGE port: COM8

!ENTRY com.st.stm32cube.ide.mpu.remote.serial 1 1 2026-08-13 01:09:38.024
!MESSAGE port: COM17

!ENTRY com.st.stm32cube.ide.mpu.remote.serial 1 1 2026-08-13 01:09:38.025
!MESSAGE port: COM3

!ENTRY com.st.stm32cube.ide.mpu.remote.serial 1 1 2026-08-13 01:09:38.027
!MESSAGE port: COM9

!ENTRY com.st.stm32cube.ide.mpu.remote.serial 1 1 2026-08-13 01:09:38.029
!MESSAGE port: COM10

!ENTRY com.st.stm32cube.ide.mpu.remote.serial 1 1 2026-08-13 01:09:38.030
!MESSAGE port: COM11

!ENTRY com.st.stm32cube.ide.mpu.remote.serial 1 1 2026-08-13 01:09:38.031
!MESSAGE port: COM12

!ENTRY com.st.stm32cube.ide.mpu.remote.serial 1 1 2026-08-13 01:09:38.032
!MESSAGE port: COM13

!ENTRY com.st.stm32cube.ide.mpu.remote.serial 1 1 2026-08-13 01:09:38.034
!MESSAGE port: COM16
!SESSION 2026-08-13 12:23:33.239 -----------------------------------------------
eclipse.buildId=Version 2.2.0
java.version=21.0.10
java.vendor=Eclipse Adoptium
BootLoader constants: OS=win32, ARCH=x86_64, WS=win32, NL=es_AR
Command-line arguments:  -os win32 -ws win32 -arch x86_64

!ENTRY com.st.stm32cube.ide.mcu.informationcenter 1 1 2026-08-13 12:23:49.377
!MESSAGE Log4j2 initialized with config file C:\Users\mechi\OneDrive\FIUBA\2026_1C\TdSEpf\tdse-pf_workspace\.metadata\.log4j2.xml

!ENTRY com.st.stm32cube.ide.mcu.ide 1 1 2026-08-13 12:24:00.270
!MESSAGE Started RMI Server, listening on port 41337

!ENTRY com.st.stm32cube.ide.mpu.remote.serial 1 1 2026-08-13 12:24:34.903
!MESSAGE Executed PowerShell command powershell.exe -Command "Get-CimInstance -ClassName Win32_SerialPort | Select-Object -ExpandProperty DeviceID":
COM4
COM5
COM6
COM8
COM17
COM3
COM9
COM10
COM11
COM12
COM13
COM16


!ENTRY com.st.stm32cube.ide.mpu.remote.serial 1 1 2026-08-13 12:24:34.906
!MESSAGE port: COM4

!ENTRY com.st.stm32cube.ide.mpu.remote.serial 1 1 2026-08-13 12:24:34.907
!MESSAGE port: COM5

!ENTRY com.st.stm32cube.ide.mpu.remote.serial 1 1 2026-08-13 12:24:34.909
!MESSAGE port: COM6

!ENTRY com.st.stm32cube.ide.mpu.remote.serial 1 1 2026-08-13 12:24:34.911
!MESSAGE port: COM8

!ENTRY com.st.stm32cube.ide.mpu.remote.serial 1 1 2026-08-13 12:24:34.912
!MESSAGE port: COM17

!ENTRY com.st.stm32cube.ide.mpu.remote.serial 1 1 2026-08-13 12:24:34.916
!MESSAGE port: COM3

!ENTRY com.st.stm32cube.ide.mpu.remote.serial 1 1 2026-08-13 12:24:34.919
!MESSAGE port: COM9

!ENTRY com.st.stm32cube.ide.mpu.remote.serial 1 1 2026-08-13 12:24:34.926
!MESSAGE port: COM10

!ENTRY com.st.stm32cube.ide.mpu.remote.serial 1 1 2026-08-13 12:24:34.927
!MESSAGE port: COM11

!ENTRY com.st.stm32cube.ide.mpu.remote.serial 1 1 2026-08-13 12:24:34.929
!MESSAGE port: COM12

!ENTRY com.st.stm32cube.ide.mpu.remote.serial 1 1 2026-08-13 12:24:34.932
!MESSAGE port: COM13

!ENTRY com.st.stm32cube.ide.mpu.remote.serial 1 1 2026-08-13 12:24:34.935
!MESSAGE port: COM16

!ENTRY com.st.stm32cube.ide.mpu.remote.serial 1 1 2026-08-13 12:36:30.111
!MESSAGE Executed PowerShell command powershell.exe -Command "Get-CimInstance -ClassName Win32_SerialPort | Select-Object -ExpandProperty DeviceID":
COM4
COM5
COM6
COM8
COM17
COM3
COM9
COM10
COM11
COM12
COM13
COM16
COM18


!ENTRY com.st.stm32cube.ide.mpu.remote.serial 1 1 2026-08-13 12:36:30.114
!MESSAGE port: COM4

!ENTRY com.st.stm32cube.ide.mpu.remote.serial 1 1 2026-08-13 12:36:30.115
!MESSAGE port: COM5

!ENTRY com.st.stm32cube.ide.mpu.remote.serial 1 1 2026-08-13 12:36:30.116
!MESSAGE port: COM6

!ENTRY com.st.stm32cube.ide.mpu.remote.serial 1 1 2026-08-13 12:36:30.117
!MESSAGE port: COM8

!ENTRY com.st.stm32cube.ide.mpu.remote.serial 1 1 2026-08-13 12:36:30.118
!MESSAGE port: COM17

!ENTRY com.st.stm32cube.ide.mpu.remote.serial 1 1 2026-08-13 12:36:30.119
!MESSAGE port: COM3

!ENTRY com.st.stm32cube.ide.mpu.remote.serial 1 1 2026-08-13 12:36:30.121
!MESSAGE port: COM9

!ENTRY com.st.stm32cube.ide.mpu.remote.serial 1 1 2026-08-13 12:36:30.121
!MESSAGE port: COM10

!ENTRY com.st.stm32cube.ide.mpu.remote.serial 1 1 2026-08-13 12:36:30.123
!MESSAGE port: COM11

!ENTRY com.st.stm32cube.ide.mpu.remote.serial 1 1 2026-08-13 12:36:30.124
!MESSAGE port: COM12

!ENTRY com.st.stm32cube.ide.mpu.remote.serial 1 1 2026-08-13 12:36:30.125
!MESSAGE port: COM13

!ENTRY com.st.stm32cube.ide.mpu.remote.serial 1 1 2026-08-13 12:36:30.126
!MESSAGE port: COM16

!ENTRY com.st.stm32cube.ide.mpu.remote.serial 1 1 2026-08-13 12:36:30.127
!MESSAGE port: COM18

!ENTRY com.st.stm32cube.ide.mpu.remote.serial 1 1 2026-08-13 12:37:36.045
!MESSAGE Executed PowerShell command powershell.exe -Command "Get-CimInstance -ClassName Win32_SerialPort | Select-Object -ExpandProperty DeviceID":
COM4
COM5
COM6
COM8
COM17
COM3
COM9
COM10
COM11
COM12
COM13
COM16


!ENTRY com.st.stm32cube.ide.mpu.remote.serial 1 1 2026-08-13 12:37:36.047
!MESSAGE port: COM4

!ENTRY com.st.stm32cube.ide.mpu.remote.serial 1 1 2026-08-13 12:37:36.049
!MESSAGE port: COM5

!ENTRY com.st.stm32cube.ide.mpu.remote.serial 1 1 2026-08-13 12:37:36.053
!MESSAGE port: COM6

!ENTRY com.st.stm32cube.ide.mpu.remote.serial 1 1 2026-08-13 12:37:36.054
!MESSAGE port: COM8

!ENTRY com.st.stm32cube.ide.mpu.remote.serial 1 1 2026-08-13 12:37:36.056
!MESSAGE port: COM17

!ENTRY com.st.stm32cube.ide.mpu.remote.serial 1 1 2026-08-13 12:37:36.058
!MESSAGE port: COM3

!ENTRY com.st.stm32cube.ide.mpu.remote.serial 1 1 2026-08-13 12:37:36.059
!MESSAGE port: COM9

!ENTRY com.st.stm32cube.ide.mpu.remote.serial 1 1 2026-08-13 12:37:36.061
!MESSAGE port: COM10

!ENTRY com.st.stm32cube.ide.mpu.remote.serial 1 1 2026-08-13 12:37:36.062
!MESSAGE port: COM11

!ENTRY com.st.stm32cube.ide.mpu.remote.serial 1 1 2026-08-13 12:37:36.065
!MESSAGE port: COM12

!ENTRY com.st.stm32cube.ide.mpu.remote.serial 1 1 2026-08-13 12:37:36.071
!MESSAGE port: COM13

!ENTRY com.st.stm32cube.ide.mpu.remote.serial 1 1 2026-08-13 12:37:36.073
!MESSAGE port: COM16

!ENTRY com.st.stm32cube.ide.mpu.remote.serial 1 1 2026-08-13 12:48:06.847
!MESSAGE Executed PowerShell command powershell.exe -Command "Get-CimInstance -ClassName Win32_SerialPort | Select-Object -ExpandProperty DeviceID":
COM4
COM5
COM6
COM8
COM17
COM3
COM9
COM10
COM11
COM12
COM13
COM16
COM18


!ENTRY com.st.stm32cube.ide.mpu.remote.serial 1 1 2026-08-13 12:48:06.848
!MESSAGE port: COM4

!ENTRY com.st.stm32cube.ide.mpu.remote.serial 1 1 2026-08-13 12:48:06.849
!MESSAGE port: COM5

!ENTRY com.st.stm32cube.ide.mpu.remote.serial 1 1 2026-08-13 12:48:06.850
!MESSAGE port: COM6

!ENTRY com.st.stm32cube.ide.mpu.remote.serial 1 1 2026-08-13 12:48:06.851
!MESSAGE port: COM8

!ENTRY com.st.stm32cube.ide.mpu.remote.serial 1 1 2026-08-13 12:48:06.852
!MESSAGE port: COM17

!ENTRY com.st.stm32cube.ide.mpu.remote.serial 1 1 2026-08-13 12:48:06.853
!MESSAGE port: COM3

!ENTRY com.st.stm32cube.ide.mpu.remote.serial 1 1 2026-08-13 12:48:06.855
!MESSAGE port: COM9

!ENTRY com.st.stm32cube.ide.mpu.remote.serial 1 1 2026-08-13 12:48:06.855
!MESSAGE port: COM10

!ENTRY com.st.stm32cube.ide.mpu.remote.serial 1 1 2026-08-13 12:48:06.856
!MESSAGE port: COM11

!ENTRY com.st.stm32cube.ide.mpu.remote.serial 1 1 2026-08-13 12:48:06.858
!MESSAGE port: COM12

!ENTRY com.st.stm32cube.ide.mpu.remote.serial 1 1 2026-08-13 12:48:06.858
!MESSAGE port: COM13

!ENTRY com.st.stm32cube.ide.mpu.remote.serial 1 1 2026-08-13 12:48:06.859
!MESSAGE port: COM16

!ENTRY com.st.stm32cube.ide.mpu.remote.serial 1 1 2026-08-13 12:48:06.861
!MESSAGE port: COM18

!ENTRY com.st.stm32cube.ide.mpu.remote.serial 1 1 2026-08-13 12:49:18.194
!MESSAGE Executed PowerShell command powershell.exe -Command "Get-CimInstance -ClassName Win32_SerialPort | Select-Object -ExpandProperty DeviceID":
COM4
COM5
COM6
COM8
COM17
COM3
COM9
COM10
COM11
COM12
COM13
COM16


!ENTRY com.st.stm32cube.ide.mpu.remote.serial 1 1 2026-08-13 12:49:18.196
!MESSAGE port: COM4

!ENTRY com.st.stm32cube.ide.mpu.remote.serial 1 1 2026-08-13 12:49:18.197
!MESSAGE port: COM5

!ENTRY com.st.stm32cube.ide.mpu.remote.serial 1 1 2026-08-13 12:49:18.198
!MESSAGE port: COM6

!ENTRY com.st.stm32cube.ide.mpu.remote.serial 1 1 2026-08-13 12:49:18.199
!MESSAGE port: COM8

!ENTRY com.st.stm32cube.ide.mpu.remote.serial 1 1 2026-08-13 12:49:18.201
!MESSAGE port: COM17

!ENTRY com.st.stm32cube.ide.mpu.remote.serial 1 1 2026-08-13 12:49:18.202
!MESSAGE port: COM3

!ENTRY com.st.stm32cube.ide.mpu.remote.serial 1 1 2026-08-13 12:49:18.203
!MESSAGE port: COM9

!ENTRY com.st.stm32cube.ide.mpu.remote.serial 1 1 2026-08-13 12:49:18.205
!MESSAGE port: COM10

!ENTRY com.st.stm32cube.ide.mpu.remote.serial 1 1 2026-08-13 12:49:18.206
!MESSAGE port: COM11

!ENTRY com.st.stm32cube.ide.mpu.remote.serial 1 1 2026-08-13 12:49:18.208
!MESSAGE port: COM12

!ENTRY com.st.stm32cube.ide.mpu.remote.serial 1 1 2026-08-13 12:49:18.209
!MESSAGE port: COM13

!ENTRY com.st.stm32cube.ide.mpu.remote.serial 1 1 2026-08-13 12:49:18.210
!MESSAGE port: COM16

!ENTRY com.st.stm32cube.ide.mpu.remote.serial 1 1 2026-08-13 14:51:47.429
!MESSAGE Executed PowerShell command powershell.exe -Command "Get-CimInstance -ClassName Win32_SerialPort | Select-Object -ExpandProperty DeviceID":
COM4
COM5
COM6
COM8
COM17
COM3
COM9
COM10
COM11
COM12
COM13
COM16
COM18


!ENTRY com.st.stm32cube.ide.mpu.remote.serial 1 1 2026-08-13 14:51:47.431
!MESSAGE port: COM4

!ENTRY com.st.stm32cube.ide.mpu.remote.serial 1 1 2026-08-13 14:51:47.432
!MESSAGE port: COM5

!ENTRY com.st.stm32cube.ide.mpu.remote.serial 1 1 2026-08-13 14:51:47.433
!MESSAGE port: COM6

!ENTRY com.st.stm32cube.ide.mpu.remote.serial 1 1 2026-08-13 14:51:47.434
!MESSAGE port: COM8

!ENTRY com.st.stm32cube.ide.mpu.remote.serial 1 1 2026-08-13 14:51:47.435
!MESSAGE port: COM17

!ENTRY com.st.stm32cube.ide.mpu.remote.serial 1 1 2026-08-13 14:51:47.436
!MESSAGE port: COM3

!ENTRY com.st.stm32cube.ide.mpu.remote.serial 1 1 2026-08-13 14:51:47.438
!MESSAGE port: COM9

!ENTRY com.st.stm32cube.ide.mpu.remote.serial 1 1 2026-08-13 14:51:47.440
!MESSAGE port: COM10

!ENTRY com.st.stm32cube.ide.mpu.remote.serial 1 1 2026-08-13 14:51:47.441
!MESSAGE port: COM11

!ENTRY com.st.stm32cube.ide.mpu.remote.serial 1 1 2026-08-13 14:51:47.441
!MESSAGE port: COM12

!ENTRY com.st.stm32cube.ide.mpu.remote.serial 1 1 2026-08-13 14:51:47.442
!MESSAGE port: COM13

!ENTRY com.st.stm32cube.ide.mpu.remote.serial 1 1 2026-08-13 14:51:47.444
!MESSAGE port: COM16

!ENTRY com.st.stm32cube.ide.mpu.remote.serial 1 1 2026-08-13 14:51:47.444
!MESSAGE port: COM18

!ENTRY com.st.stm32cube.ide.mpu.remote.serial 1 1 2026-08-13 14:52:27.878
!MESSAGE Executed PowerShell command powershell.exe -Command "Get-CimInstance -ClassName Win32_SerialPort | Select-Object -ExpandProperty DeviceID":
COM4
COM5
COM6
COM8
COM17
COM3
COM9
COM10
COM11
COM12
COM13
COM16


!ENTRY com.st.stm32cube.ide.mpu.remote.serial 1 1 2026-08-13 14:52:27.880
!MESSAGE port: COM4

!ENTRY com.st.stm32cube.ide.mpu.remote.serial 1 1 2026-08-13 14:52:27.881
!MESSAGE port: COM5

!ENTRY com.st.stm32cube.ide.mpu.remote.serial 1 1 2026-08-13 14:52:27.883
!MESSAGE port: COM6

!ENTRY com.st.stm32cube.ide.mpu.remote.serial 1 1 2026-08-13 14:52:27.886
!MESSAGE port: COM8

!ENTRY com.st.stm32cube.ide.mpu.remote.serial 1 1 2026-08-13 14:52:27.887
!MESSAGE port: COM17

!ENTRY com.st.stm32cube.ide.mpu.remote.serial 1 1 2026-08-13 14:52:27.887
!MESSAGE port: COM3

!ENTRY com.st.stm32cube.ide.mpu.remote.serial 1 1 2026-08-13 14:52:27.887
!MESSAGE port: COM9

!ENTRY com.st.stm32cube.ide.mpu.remote.serial 1 1 2026-08-13 14:52:27.887
!MESSAGE port: COM10

!ENTRY com.st.stm32cube.ide.mpu.remote.serial 1 1 2026-08-13 14:52:27.894
!MESSAGE port: COM11

!ENTRY com.st.stm32cube.ide.mpu.remote.serial 1 1 2026-08-13 14:52:27.896
!MESSAGE port: COM12

!ENTRY com.st.stm32cube.ide.mpu.remote.serial 1 1 2026-08-13 14:52:27.898
!MESSAGE port: COM13

!ENTRY com.st.stm32cube.ide.mpu.remote.serial 1 1 2026-08-13 14:52:27.898
!MESSAGE port: COM16

!ENTRY com.st.stm32cube.ide.mpu.remote.serial 1 1 2026-08-13 16:23:56.291
!MESSAGE Executed PowerShell command powershell.exe -Command "Get-CimInstance -ClassName Win32_SerialPort | Select-Object -ExpandProperty DeviceID":
COM4
COM5
COM6
COM8
COM17
COM3
COM9
COM10
COM11
COM12
COM13
COM16
COM18


!ENTRY com.st.stm32cube.ide.mpu.remote.serial 1 1 2026-08-13 16:23:56.292
!MESSAGE port: COM4

!ENTRY com.st.stm32cube.ide.mpu.remote.serial 1 1 2026-08-13 16:23:56.293
!MESSAGE port: COM5

!ENTRY com.st.stm32cube.ide.mpu.remote.serial 1 1 2026-08-13 16:23:56.294
!MESSAGE port: COM6

!ENTRY com.st.stm32cube.ide.mpu.remote.serial 1 1 2026-08-13 16:23:56.294
!MESSAGE port: COM8

!ENTRY com.st.stm32cube.ide.mpu.remote.serial 1 1 2026-08-13 16:23:56.296
!MESSAGE port: COM17

!ENTRY com.st.stm32cube.ide.mpu.remote.serial 1 1 2026-08-13 16:23:56.297
!MESSAGE port: COM3

!ENTRY com.st.stm32cube.ide.mpu.remote.serial 1 1 2026-08-13 16:23:56.298
!MESSAGE port: COM9

!ENTRY com.st.stm32cube.ide.mpu.remote.serial 1 1 2026-08-13 16:23:56.298
!MESSAGE port: COM10

!ENTRY com.st.stm32cube.ide.mpu.remote.serial 1 1 2026-08-13 16:23:56.299
!MESSAGE port: COM11

!ENTRY com.st.stm32cube.ide.mpu.remote.serial 1 1 2026-08-13 16:23:56.300
!MESSAGE port: COM12

!ENTRY com.st.stm32cube.ide.mpu.remote.serial 1 1 2026-08-13 16:23:56.301
!MESSAGE port: COM13

!ENTRY com.st.stm32cube.ide.mpu.remote.serial 1 1 2026-08-13 16:23:56.301
!MESSAGE port: COM16

!ENTRY com.st.stm32cube.ide.mpu.remote.serial 1 1 2026-08-13 16:23:56.302
!MESSAGE port: COM18

!ENTRY com.st.stm32cube.ide.mpu.remote.serial 1 1 2026-08-13 16:25:21.388
!MESSAGE Executed PowerShell command powershell.exe -Command "Get-CimInstance -ClassName Win32_SerialPort | Select-Object -ExpandProperty DeviceID":
COM4
COM5
COM6
COM8
COM17
COM3
COM9
COM10
COM11
COM12
COM13
COM16


!ENTRY com.st.stm32cube.ide.mpu.remote.serial 1 1 2026-08-13 16:25:21.397
!MESSAGE port: COM4

!ENTRY com.st.stm32cube.ide.mpu.remote.serial 1 1 2026-08-13 16:25:21.397
!MESSAGE port: COM5

!ENTRY com.st.stm32cube.ide.mpu.remote.serial 1 1 2026-08-13 16:25:21.398
!MESSAGE port: COM6

!ENTRY com.st.stm32cube.ide.mpu.remote.serial 1 1 2026-08-13 16:25:21.398
!MESSAGE port: COM8

!ENTRY com.st.stm32cube.ide.mpu.remote.serial 1 1 2026-08-13 16:25:21.400
!MESSAGE port: COM17

!ENTRY com.st.stm32cube.ide.mpu.remote.serial 1 1 2026-08-13 16:25:21.417
!MESSAGE port: COM3

!ENTRY com.st.stm32cube.ide.mpu.remote.serial 1 1 2026-08-13 16:25:21.417
!MESSAGE port: COM9

!ENTRY com.st.stm32cube.ide.mpu.remote.serial 1 1 2026-08-13 16:25:21.418
!MESSAGE port: COM10

!ENTRY com.st.stm32cube.ide.mpu.remote.serial 1 1 2026-08-13 16:25:21.419
!MESSAGE port: COM11

!ENTRY com.st.stm32cube.ide.mpu.remote.serial 1 1 2026-08-13 16:25:21.420
!MESSAGE port: COM12

!ENTRY com.st.stm32cube.ide.mpu.remote.serial 1 1 2026-08-13 16:25:21.421
!MESSAGE port: COM13

!ENTRY com.st.stm32cube.ide.mpu.remote.serial 1 1 2026-08-13 16:25:21.421
!MESSAGE port: COM16

!ENTRY com.st.stm32cube.ide.mpu.remote.serial 1 1 2026-08-13 16:39:30.351
!MESSAGE Executed PowerShell command powershell.exe -Command "Get-CimInstance -ClassName Win32_SerialPort | Select-Object -ExpandProperty DeviceID":
COM4
COM5
COM6
COM8
COM17
COM3
COM9
COM10
COM11
COM12
COM13
COM16


!ENTRY com.st.stm32cube.ide.mpu.remote.serial 1 1 2026-08-13 16:39:30.353
!MESSAGE port: COM4

!ENTRY com.st.stm32cube.ide.mpu.remote.serial 1 1 2026-08-13 16:39:30.353
!MESSAGE port: COM5

!ENTRY com.st.stm32cube.ide.mpu.remote.serial 1 1 2026-08-13 16:39:30.354
!MESSAGE port: COM6

!ENTRY com.st.stm32cube.ide.mpu.remote.serial 1 1 2026-08-13 16:39:30.355
!MESSAGE port: COM8

!ENTRY com.st.stm32cube.ide.mpu.remote.serial 1 1 2026-08-13 16:39:30.355
!MESSAGE port: COM17

!ENTRY com.st.stm32cube.ide.mpu.remote.serial 1 1 2026-08-13 16:39:30.356
!MESSAGE port: COM3

!ENTRY com.st.stm32cube.ide.mpu.remote.serial 1 1 2026-08-13 16:39:30.358
!MESSAGE port: COM9

!ENTRY com.st.stm32cube.ide.mpu.remote.serial 1 1 2026-08-13 16:39:30.358
!MESSAGE port: COM10

!ENTRY com.st.stm32cube.ide.mpu.remote.serial 1 1 2026-08-13 16:39:30.359
!MESSAGE port: COM11

!ENTRY com.st.stm32cube.ide.mpu.remote.serial 1 1 2026-08-13 16:39:30.360
!MESSAGE port: COM12

!ENTRY com.st.stm32cube.ide.mpu.remote.serial 1 1 2026-08-13 16:39:30.360
!MESSAGE port: COM13

!ENTRY com.st.stm32cube.ide.mpu.remote.serial 1 1 2026-08-13 16:39:30.361
!MESSAGE port: COM16

!ENTRY com.st.stm32cube.ide.mpu.remote.serial 1 1 2026-08-13 16:40:02.397
!MESSAGE Executed PowerShell command powershell.exe -Command "Get-CimInstance -ClassName Win32_SerialPort | Select-Object -ExpandProperty DeviceID":
COM4
COM5
COM6
COM8
COM17
COM3
COM9
COM10
COM11
COM12
COM13
COM16


!ENTRY com.st.stm32cube.ide.mpu.remote.serial 1 1 2026-08-13 16:40:02.400
!MESSAGE port: COM4

!ENTRY com.st.stm32cube.ide.mpu.remote.serial 1 1 2026-08-13 16:40:02.401
!MESSAGE port: COM5

!ENTRY com.st.stm32cube.ide.mpu.remote.serial 1 1 2026-08-13 16:40:02.402
!MESSAGE port: COM6

!ENTRY com.st.stm32cube.ide.mpu.remote.serial 1 1 2026-08-13 16:40:02.402
!MESSAGE port: COM8

!ENTRY com.st.stm32cube.ide.mpu.remote.serial 1 1 2026-08-13 16:40:02.403
!MESSAGE port: COM17

!ENTRY com.st.stm32cube.ide.mpu.remote.serial 1 1 2026-08-13 16:40:02.405
!MESSAGE port: COM3

!ENTRY com.st.stm32cube.ide.mpu.remote.serial 1 1 2026-08-13 16:40:02.405
!MESSAGE port: COM9

!ENTRY com.st.stm32cube.ide.mpu.remote.serial 1 1 2026-08-13 16:40:02.406
!MESSAGE port: COM10

!ENTRY com.st.stm32cube.ide.mpu.remote.serial 1 1 2026-08-13 16:40:02.406
!MESSAGE port: COM11

!ENTRY com.st.stm32cube.ide.mpu.remote.serial 1 1 2026-08-13 16:40:02.408
!MESSAGE port: COM12

!ENTRY com.st.stm32cube.ide.mpu.remote.serial 1 1 2026-08-13 16:40:02.409
!MESSAGE port: COM13

!ENTRY com.st.stm32cube.ide.mpu.remote.serial 1 1 2026-08-13 16:40:02.409
!MESSAGE port: COM16

!ENTRY com.st.stm32cube.ide.mpu.remote.serial 1 1 2026-08-13 16:42:36.035
!MESSAGE Executed PowerShell command powershell.exe -Command "Get-CimInstance -ClassName Win32_SerialPort | Select-Object -ExpandProperty DeviceID":
COM4
COM5
COM6
COM8
COM17
COM3
COM9
COM10
COM11
COM12
COM13
COM16


!ENTRY com.st.stm32cube.ide.mpu.remote.serial 1 1 2026-08-13 16:42:36.036
!MESSAGE port: COM4

!ENTRY com.st.stm32cube.ide.mpu.remote.serial 1 1 2026-08-13 16:42:36.037
!MESSAGE port: COM5

!ENTRY com.st.stm32cube.ide.mpu.remote.serial 1 1 2026-08-13 16:42:36.038
!MESSAGE port: COM6

!ENTRY com.st.stm32cube.ide.mpu.remote.serial 1 1 2026-08-13 16:42:36.039
!MESSAGE port: COM8

!ENTRY com.st.stm32cube.ide.mpu.remote.serial 1 1 2026-08-13 16:42:36.040
!MESSAGE port: COM17

!ENTRY com.st.stm32cube.ide.mpu.remote.serial 1 1 2026-08-13 16:42:36.041
!MESSAGE port: COM3

!ENTRY com.st.stm32cube.ide.mpu.remote.serial 1 1 2026-08-13 16:42:36.042
!MESSAGE port: COM9

!ENTRY com.st.stm32cube.ide.mpu.remote.serial 1 1 2026-08-13 16:42:36.043
!MESSAGE port: COM10

!ENTRY com.st.stm32cube.ide.mpu.remote.serial 1 1 2026-08-13 16:42:36.044
!MESSAGE port: COM11

!ENTRY com.st.stm32cube.ide.mpu.remote.serial 1 1 2026-08-13 16:42:36.044
!MESSAGE port: COM12

!ENTRY com.st.stm32cube.ide.mpu.remote.serial 1 1 2026-08-13 16:42:36.045
!MESSAGE port: COM13

!ENTRY com.st.stm32cube.ide.mpu.remote.serial 1 1 2026-08-13 16:42:36.046
!MESSAGE port: COM16

!ENTRY com.st.stm32cube.ide.mpu.remote.serial 1 1 2026-08-13 16:43:08.044
!MESSAGE Executed PowerShell command powershell.exe -Command "Get-CimInstance -ClassName Win32_SerialPort | Select-Object -ExpandProperty DeviceID":
COM4
COM5
COM6
COM8
COM17
COM3
COM9
COM10
COM11
COM12
COM13
COM16


!ENTRY com.st.stm32cube.ide.mpu.remote.serial 1 1 2026-08-13 16:43:08.045
!MESSAGE port: COM4

!ENTRY com.st.stm32cube.ide.mpu.remote.serial 1 1 2026-08-13 16:43:08.046
!MESSAGE port: COM5

!ENTRY com.st.stm32cube.ide.mpu.remote.serial 1 1 2026-08-13 16:43:08.047
!MESSAGE port: COM6

!ENTRY com.st.stm32cube.ide.mpu.remote.serial 1 1 2026-08-13 16:43:08.048
!MESSAGE port: COM8

!ENTRY com.st.stm32cube.ide.mpu.remote.serial 1 1 2026-08-13 16:43:08.048
!MESSAGE port: COM17

!ENTRY com.st.stm32cube.ide.mpu.remote.serial 1 1 2026-08-13 16:43:08.050
!MESSAGE port: COM3

!ENTRY com.st.stm32cube.ide.mpu.remote.serial 1 1 2026-08-13 16:43:08.050
!MESSAGE port: COM9

!ENTRY com.st.stm32cube.ide.mpu.remote.serial 1 1 2026-08-13 16:43:08.051
!MESSAGE port: COM10

!ENTRY com.st.stm32cube.ide.mpu.remote.serial 1 1 2026-08-13 16:43:08.052
!MESSAGE port: COM11

!ENTRY com.st.stm32cube.ide.mpu.remote.serial 1 1 2026-08-13 16:43:08.053
!MESSAGE port: COM12

!ENTRY com.st.stm32cube.ide.mpu.remote.serial 1 1 2026-08-13 16:43:08.054
!MESSAGE port: COM13

!ENTRY com.st.stm32cube.ide.mpu.remote.serial 1 1 2026-08-13 16:43:08.055
!MESSAGE port: COM16

!ENTRY com.st.stm32cube.ide.mpu.remote.serial 1 1 2026-08-13 16:46:26.803
!MESSAGE Executed PowerShell command powershell.exe -Command "Get-CimInstance -ClassName Win32_SerialPort | Select-Object -ExpandProperty DeviceID":
COM4
COM5
COM6
COM8
COM17
COM3
COM9
COM10
COM11
COM12
COM13
COM16
COM18


!ENTRY com.st.stm32cube.ide.mpu.remote.serial 1 1 2026-08-13 16:46:26.805
!MESSAGE port: COM4

!ENTRY com.st.stm32cube.ide.mpu.remote.serial 1 1 2026-08-13 16:46:26.806
!MESSAGE port: COM5

!ENTRY com.st.stm32cube.ide.mpu.remote.serial 1 1 2026-08-13 16:46:26.807
!MESSAGE port: COM6

!ENTRY com.st.stm32cube.ide.mpu.remote.serial 1 1 2026-08-13 16:46:26.807
!MESSAGE port: COM8

!ENTRY com.st.stm32cube.ide.mpu.remote.serial 1 1 2026-08-13 16:46:26.808
!MESSAGE port: COM17

!ENTRY com.st.stm32cube.ide.mpu.remote.serial 1 1 2026-08-13 16:46:26.809
!MESSAGE port: COM3

!ENTRY com.st.stm32cube.ide.mpu.remote.serial 1 1 2026-08-13 16:46:26.810
!MESSAGE port: COM9

!ENTRY com.st.stm32cube.ide.mpu.remote.serial 1 1 2026-08-13 16:46:26.811
!MESSAGE port: COM10

!ENTRY com.st.stm32cube.ide.mpu.remote.serial 1 1 2026-08-13 16:46:26.812
!MESSAGE port: COM11

!ENTRY com.st.stm32cube.ide.mpu.remote.serial 1 1 2026-08-13 16:46:26.812
!MESSAGE port: COM12

!ENTRY com.st.stm32cube.ide.mpu.remote.serial 1 1 2026-08-13 16:46:26.813
!MESSAGE port: COM13

!ENTRY com.st.stm32cube.ide.mpu.remote.serial 1 1 2026-08-13 16:46:26.815
!MESSAGE port: COM16

!ENTRY com.st.stm32cube.ide.mpu.remote.serial 1 1 2026-08-13 16:46:26.815
!MESSAGE port: COM18

!ENTRY com.st.stm32cube.ide.mpu.remote.serial 1 1 2026-08-13 16:47:26.586
!MESSAGE Executed PowerShell command powershell.exe -Command "Get-CimInstance -ClassName Win32_SerialPort | Select-Object -ExpandProperty DeviceID":
COM4
COM5
COM6
COM8
COM17
COM3
COM9
COM10
COM11
COM12
COM13
COM16


!ENTRY com.st.stm32cube.ide.mpu.remote.serial 1 1 2026-08-13 16:47:26.586
!MESSAGE port: COM4

!ENTRY com.st.stm32cube.ide.mpu.remote.serial 1 1 2026-08-13 16:47:26.586
!MESSAGE port: COM5

!ENTRY com.st.stm32cube.ide.mpu.remote.serial 1 1 2026-08-13 16:47:26.590
!MESSAGE port: COM6

!ENTRY com.st.stm32cube.ide.mpu.remote.serial 1 1 2026-08-13 16:47:26.590
!MESSAGE port: COM8

!ENTRY com.st.stm32cube.ide.mpu.remote.serial 1 1 2026-08-13 16:47:26.590
!MESSAGE port: COM17

!ENTRY com.st.stm32cube.ide.mpu.remote.serial 1 1 2026-08-13 16:47:26.592
!MESSAGE port: COM3

!ENTRY com.st.stm32cube.ide.mpu.remote.serial 1 1 2026-08-13 16:47:26.592
!MESSAGE port: COM9

!ENTRY com.st.stm32cube.ide.mpu.remote.serial 1 1 2026-08-13 16:47:26.592
!MESSAGE port: COM10

!ENTRY com.st.stm32cube.ide.mpu.remote.serial 1 1 2026-08-13 16:47:26.592
!MESSAGE port: COM11

!ENTRY com.st.stm32cube.ide.mpu.remote.serial 1 1 2026-08-13 16:47:26.592
!MESSAGE port: COM12

!ENTRY com.st.stm32cube.ide.mpu.remote.serial 1 1 2026-08-13 16:47:26.597
!MESSAGE port: COM13

!ENTRY com.st.stm32cube.ide.mpu.remote.serial 1 1 2026-08-13 16:47:26.597
!MESSAGE port: COM16

!ENTRY com.st.stm32cube.ide.mpu.remote.serial 1 1 2026-08-13 16:58:32.602
!MESSAGE Executed PowerShell command powershell.exe -Command "Get-CimInstance -ClassName Win32_SerialPort | Select-Object -ExpandProperty DeviceID":
COM4
COM5
COM6
COM8
COM17
COM3
COM9
COM10
COM11
COM12
COM13
COM16
COM18


!ENTRY com.st.stm32cube.ide.mpu.remote.serial 1 1 2026-08-13 16:58:32.604
!MESSAGE port: COM4

!ENTRY com.st.stm32cube.ide.mpu.remote.serial 1 1 2026-08-13 16:58:32.605
!MESSAGE port: COM5

!ENTRY com.st.stm32cube.ide.mpu.remote.serial 1 1 2026-08-13 16:58:32.606
!MESSAGE port: COM6

!ENTRY com.st.stm32cube.ide.mpu.remote.serial 1 1 2026-08-13 16:58:32.608
!MESSAGE port: COM8

!ENTRY com.st.stm32cube.ide.mpu.remote.serial 1 1 2026-08-13 16:58:32.609
!MESSAGE port: COM17

!ENTRY com.st.stm32cube.ide.mpu.remote.serial 1 1 2026-08-13 16:58:32.610
!MESSAGE port: COM3

!ENTRY com.st.stm32cube.ide.mpu.remote.serial 1 1 2026-08-13 16:58:32.611
!MESSAGE port: COM9

!ENTRY com.st.stm32cube.ide.mpu.remote.serial 1 1 2026-08-13 16:58:32.612
!MESSAGE port: COM10

!ENTRY com.st.stm32cube.ide.mpu.remote.serial 1 1 2026-08-13 16:58:32.614
!MESSAGE port: COM11

!ENTRY com.st.stm32cube.ide.mpu.remote.serial 1 1 2026-08-13 16:58:32.615
!MESSAGE port: COM12

!ENTRY com.st.stm32cube.ide.mpu.remote.serial 1 1 2026-08-13 16:58:32.616
!MESSAGE port: COM13

!ENTRY com.st.stm32cube.ide.mpu.remote.serial 1 1 2026-08-13 16:58:32.617
!MESSAGE port: COM16

!ENTRY com.st.stm32cube.ide.mpu.remote.serial 1 1 2026-08-13 16:58:32.618
!MESSAGE port: COM18

!ENTRY com.st.stm32cube.ide.mpu.remote.serial 1 1 2026-08-13 16:59:08.896
!MESSAGE Executed PowerShell command powershell.exe -Command "Get-CimInstance -ClassName Win32_SerialPort | Select-Object -ExpandProperty DeviceID":
COM4
COM5
COM6
COM8
COM17
COM3
COM9
COM10
COM11
COM12
COM13
COM16


!ENTRY com.st.stm32cube.ide.mpu.remote.serial 1 1 2026-08-13 16:59:08.897
!MESSAGE port: COM4

!ENTRY com.st.stm32cube.ide.mpu.remote.serial 1 1 2026-08-13 16:59:08.898
!MESSAGE port: COM5

!ENTRY com.st.stm32cube.ide.mpu.remote.serial 1 1 2026-08-13 16:59:08.900
!MESSAGE port: COM6

!ENTRY com.st.stm32cube.ide.mpu.remote.serial 1 1 2026-08-13 16:59:08.900
!MESSAGE port: COM8

!ENTRY com.st.stm32cube.ide.mpu.remote.serial 1 1 2026-08-13 16:59:08.901
!MESSAGE port: COM17

!ENTRY com.st.stm32cube.ide.mpu.remote.serial 1 1 2026-08-13 16:59:08.902
!MESSAGE port: COM3

!ENTRY com.st.stm32cube.ide.mpu.remote.serial 1 1 2026-08-13 16:59:08.903
!MESSAGE port: COM9

!ENTRY com.st.stm32cube.ide.mpu.remote.serial 1 1 2026-08-13 16:59:08.904
!MESSAGE port: COM10

!ENTRY com.st.stm32cube.ide.mpu.remote.serial 1 1 2026-08-13 16:59:08.905
!MESSAGE port: COM11

!ENTRY com.st.stm32cube.ide.mpu.remote.serial 1 1 2026-08-13 16:59:08.905
!MESSAGE port: COM12

!ENTRY com.st.stm32cube.ide.mpu.remote.serial 1 1 2026-08-13 16:59:08.906
!MESSAGE port: COM13

!ENTRY com.st.stm32cube.ide.mpu.remote.serial 1 1 2026-08-13 16:59:08.907
!MESSAGE port: COM16

!ENTRY com.st.stm32cube.ide.mpu.remote.serial 1 1 2026-08-13 17:05:34.296
!MESSAGE Executed PowerShell command powershell.exe -Command "Get-CimInstance -ClassName Win32_SerialPort | Select-Object -ExpandProperty DeviceID":
COM4
COM5
COM6
COM8
COM17
COM3
COM9
COM10
COM11
COM12
COM13
COM16


!ENTRY com.st.stm32cube.ide.mpu.remote.serial 1 1 2026-08-13 17:05:34.298
!MESSAGE port: COM4

!ENTRY com.st.stm32cube.ide.mpu.remote.serial 1 1 2026-08-13 17:05:34.299
!MESSAGE port: COM5

!ENTRY com.st.stm32cube.ide.mpu.remote.serial 1 1 2026-08-13 17:05:34.300
!MESSAGE port: COM6

!ENTRY com.st.stm32cube.ide.mpu.remote.serial 1 1 2026-08-13 17:05:34.301
!MESSAGE port: COM8

!ENTRY com.st.stm32cube.ide.mpu.remote.serial 1 1 2026-08-13 17:05:34.303
!MESSAGE port: COM17

!ENTRY com.st.stm32cube.ide.mpu.remote.serial 1 1 2026-08-13 17:05:34.303
!MESSAGE port: COM3

!ENTRY com.st.stm32cube.ide.mpu.remote.serial 1 1 2026-08-13 17:05:34.304
!MESSAGE port: COM9

!ENTRY com.st.stm32cube.ide.mpu.remote.serial 1 1 2026-08-13 17:05:34.305
!MESSAGE port: COM10

!ENTRY com.st.stm32cube.ide.mpu.remote.serial 1 1 2026-08-13 17:05:34.305
!MESSAGE port: COM11

!ENTRY com.st.stm32cube.ide.mpu.remote.serial 1 1 2026-08-13 17:05:34.306
!MESSAGE port: COM12

!ENTRY com.st.stm32cube.ide.mpu.remote.serial 1 1 2026-08-13 17:05:34.308
!MESSAGE port: COM13

!ENTRY com.st.stm32cube.ide.mpu.remote.serial 1 1 2026-08-13 17:05:34.308
!MESSAGE port: COM16

!ENTRY com.st.stm32cube.ide.mpu.remote.serial 1 1 2026-08-13 17:06:06.408
!MESSAGE Executed PowerShell command powershell.exe -Command "Get-CimInstance -ClassName Win32_SerialPort | Select-Object -ExpandProperty DeviceID":
COM4
COM5
COM6
COM8
COM17
COM3
COM9
COM10
COM11
COM12
COM13
COM16


!ENTRY com.st.stm32cube.ide.mpu.remote.serial 1 1 2026-08-13 17:06:06.411
!MESSAGE port: COM4

!ENTRY com.st.stm32cube.ide.mpu.remote.serial 1 1 2026-08-13 17:06:06.417
!MESSAGE port: COM5

!ENTRY com.st.stm32cube.ide.mpu.remote.serial 1 1 2026-08-13 17:06:06.419
!MESSAGE port: COM6

!ENTRY com.st.stm32cube.ide.mpu.remote.serial 1 1 2026-08-13 17:06:06.420
!MESSAGE port: COM8

!ENTRY com.st.stm32cube.ide.mpu.remote.serial 1 1 2026-08-13 17:06:06.421
!MESSAGE port: COM17

!ENTRY com.st.stm32cube.ide.mpu.remote.serial 1 1 2026-08-13 17:06:06.421
!MESSAGE port: COM3

!ENTRY com.st.stm32cube.ide.mpu.remote.serial 1 1 2026-08-13 17:06:06.422
!MESSAGE port: COM9

!ENTRY com.st.stm32cube.ide.mpu.remote.serial 1 1 2026-08-13 17:06:06.423
!MESSAGE port: COM10

!ENTRY com.st.stm32cube.ide.mpu.remote.serial 1 1 2026-08-13 17:06:06.424
!MESSAGE port: COM11

!ENTRY com.st.stm32cube.ide.mpu.remote.serial 1 1 2026-08-13 17:06:06.425
!MESSAGE port: COM12

!ENTRY com.st.stm32cube.ide.mpu.remote.serial 1 1 2026-08-13 17:06:06.426
!MESSAGE port: COM13

!ENTRY com.st.stm32cube.ide.mpu.remote.serial 1 1 2026-08-13 17:06:06.426
!MESSAGE port: COM16

!ENTRY com.st.stm32cube.ide.mpu.remote.serial 1 1 2026-08-13 17:07:49.015
!MESSAGE Executed PowerShell command powershell.exe -Command "Get-CimInstance -ClassName Win32_SerialPort | Select-Object -ExpandProperty DeviceID":
COM4
COM5
COM6
COM8
COM17
COM3
COM9
COM10
COM11
COM12
COM13
COM16


!ENTRY com.st.stm32cube.ide.mpu.remote.serial 1 1 2026-08-13 17:07:49.016
!MESSAGE port: COM4

!ENTRY com.st.stm32cube.ide.mpu.remote.serial 1 1 2026-08-13 17:07:49.017
!MESSAGE port: COM5

!ENTRY com.st.stm32cube.ide.mpu.remote.serial 1 1 2026-08-13 17:07:49.018
!MESSAGE port: COM6

!ENTRY com.st.stm32cube.ide.mpu.remote.serial 1 1 2026-08-13 17:07:49.019
!MESSAGE port: COM8

!ENTRY com.st.stm32cube.ide.mpu.remote.serial 1 1 2026-08-13 17:07:49.020
!MESSAGE port: COM17

!ENTRY com.st.stm32cube.ide.mpu.remote.serial 1 1 2026-08-13 17:07:49.021
!MESSAGE port: COM3

!ENTRY com.st.stm32cube.ide.mpu.remote.serial 1 1 2026-08-13 17:07:49.021
!MESSAGE port: COM9

!ENTRY com.st.stm32cube.ide.mpu.remote.serial 1 1 2026-08-13 17:07:49.022
!MESSAGE port: COM10

!ENTRY com.st.stm32cube.ide.mpu.remote.serial 1 1 2026-08-13 17:07:49.023
!MESSAGE port: COM11

!ENTRY com.st.stm32cube.ide.mpu.remote.serial 1 1 2026-08-13 17:07:49.024
!MESSAGE port: COM12

!ENTRY com.st.stm32cube.ide.mpu.remote.serial 1 1 2026-08-13 17:07:49.025
!MESSAGE port: COM13

!ENTRY com.st.stm32cube.ide.mpu.remote.serial 1 1 2026-08-13 17:07:49.025
!MESSAGE port: COM16

!ENTRY com.st.stm32cube.ide.mpu.remote.serial 1 1 2026-08-13 17:08:20.980
!MESSAGE Executed PowerShell command powershell.exe -Command "Get-CimInstance -ClassName Win32_SerialPort | Select-Object -ExpandProperty DeviceID":
COM4
COM5
COM6
COM8
COM17
COM3
COM9
COM10
COM11
COM12
COM13
COM16


!ENTRY com.st.stm32cube.ide.mpu.remote.serial 1 1 2026-08-13 17:08:20.981
!MESSAGE port: COM4

!ENTRY com.st.stm32cube.ide.mpu.remote.serial 1 1 2026-08-13 17:08:20.982
!MESSAGE port: COM5

!ENTRY com.st.stm32cube.ide.mpu.remote.serial 1 1 2026-08-13 17:08:20.983
!MESSAGE port: COM6

!ENTRY com.st.stm32cube.ide.mpu.remote.serial 1 1 2026-08-13 17:08:20.983
!MESSAGE port: COM8

!ENTRY com.st.stm32cube.ide.mpu.remote.serial 1 1 2026-08-13 17:08:20.984
!MESSAGE port: COM17

!ENTRY com.st.stm32cube.ide.mpu.remote.serial 1 1 2026-08-13 17:08:20.986
!MESSAGE port: COM3

!ENTRY com.st.stm32cube.ide.mpu.remote.serial 1 1 2026-08-13 17:08:20.986
!MESSAGE port: COM9

!ENTRY com.st.stm32cube.ide.mpu.remote.serial 1 1 2026-08-13 17:08:20.987
!MESSAGE port: COM10

!ENTRY com.st.stm32cube.ide.mpu.remote.serial 1 1 2026-08-13 17:08:20.988
!MESSAGE port: COM11

!ENTRY com.st.stm32cube.ide.mpu.remote.serial 1 1 2026-08-13 17:08:20.989
!MESSAGE port: COM12

!ENTRY com.st.stm32cube.ide.mpu.remote.serial 1 1 2026-08-13 17:08:20.990
!MESSAGE port: COM13

!ENTRY com.st.stm32cube.ide.mpu.remote.serial 1 1 2026-08-13 17:08:20.990
!MESSAGE port: COM16

!ENTRY com.st.stm32cube.ide.mpu.remote.serial 1 1 2026-08-13 17:09:44.558
!MESSAGE Executed PowerShell command powershell.exe -Command "Get-CimInstance -ClassName Win32_SerialPort | Select-Object -ExpandProperty DeviceID":
COM4
COM5
COM6
COM8
COM17
COM3
COM9
COM10
COM11
COM12
COM13
COM16
COM18


!ENTRY com.st.stm32cube.ide.mpu.remote.serial 1 1 2026-08-13 17:09:44.560
!MESSAGE port: COM4

!ENTRY com.st.stm32cube.ide.mpu.remote.serial 1 1 2026-08-13 17:09:44.561
!MESSAGE port: COM5

!ENTRY com.st.stm32cube.ide.mpu.remote.serial 1 1 2026-08-13 17:09:44.562
!MESSAGE port: COM6

!ENTRY com.st.stm32cube.ide.mpu.remote.serial 1 1 2026-08-13 17:09:44.562
!MESSAGE port: COM8

!ENTRY com.st.stm32cube.ide.mpu.remote.serial 1 1 2026-08-13 17:09:44.563
!MESSAGE port: COM17

!ENTRY com.st.stm32cube.ide.mpu.remote.serial 1 1 2026-08-13 17:09:44.565
!MESSAGE port: COM3

!ENTRY com.st.stm32cube.ide.mpu.remote.serial 1 1 2026-08-13 17:09:44.566
!MESSAGE port: COM9

!ENTRY com.st.stm32cube.ide.mpu.remote.serial 1 1 2026-08-13 17:09:44.566
!MESSAGE port: COM10

!ENTRY com.st.stm32cube.ide.mpu.remote.serial 1 1 2026-08-13 17:09:44.568
!MESSAGE port: COM11

!ENTRY com.st.stm32cube.ide.mpu.remote.serial 1 1 2026-08-13 17:09:44.569
!MESSAGE port: COM12

!ENTRY com.st.stm32cube.ide.mpu.remote.serial 1 1 2026-08-13 17:09:44.570
!MESSAGE port: COM13

!ENTRY com.st.stm32cube.ide.mpu.remote.serial 1 1 2026-08-13 17:09:44.571
!MESSAGE port: COM16

!ENTRY com.st.stm32cube.ide.mpu.remote.serial 1 1 2026-08-13 17:09:44.572
!MESSAGE port: COM18

!ENTRY com.st.stm32cube.ide.mpu.remote.serial 1 1 2026-08-13 17:12:10.779
!MESSAGE Executed PowerShell command powershell.exe -Command "Get-CimInstance -ClassName Win32_SerialPort | Select-Object -ExpandProperty DeviceID":
COM4
COM5
COM6
COM8
COM17
COM3
COM9
COM10
COM11
COM12
COM13
COM16


!ENTRY com.st.stm32cube.ide.mpu.remote.serial 1 1 2026-08-13 17:12:10.780
!MESSAGE port: COM4

!ENTRY com.st.stm32cube.ide.mpu.remote.serial 1 1 2026-08-13 17:12:10.781
!MESSAGE port: COM5

!ENTRY com.st.stm32cube.ide.mpu.remote.serial 1 1 2026-08-13 17:12:10.782
!MESSAGE port: COM6

!ENTRY com.st.stm32cube.ide.mpu.remote.serial 1 1 2026-08-13 17:12:10.783
!MESSAGE port: COM8

!ENTRY com.st.stm32cube.ide.mpu.remote.serial 1 1 2026-08-13 17:12:10.783
!MESSAGE port: COM17

!ENTRY com.st.stm32cube.ide.mpu.remote.serial 1 1 2026-08-13 17:12:10.784
!MESSAGE port: COM3

!ENTRY com.st.stm32cube.ide.mpu.remote.serial 1 1 2026-08-13 17:12:10.785
!MESSAGE port: COM9

!ENTRY com.st.stm32cube.ide.mpu.remote.serial 1 1 2026-08-13 17:12:10.785
!MESSAGE port: COM10

!ENTRY com.st.stm32cube.ide.mpu.remote.serial 1 1 2026-08-13 17:12:10.786
!MESSAGE port: COM11

!ENTRY com.st.stm32cube.ide.mpu.remote.serial 1 1 2026-08-13 17:12:10.787
!MESSAGE port: COM12

!ENTRY com.st.stm32cube.ide.mpu.remote.serial 1 1 2026-08-13 17:12:10.787
!MESSAGE port: COM13

!ENTRY com.st.stm32cube.ide.mpu.remote.serial 1 1 2026-08-13 17:12:10.789
!MESSAGE port: COM16

!ENTRY com.st.stm32cube.ide.mpu.remote.serial 1 1 2026-08-13 17:16:46.998
!MESSAGE Executed PowerShell command powershell.exe -Command "Get-CimInstance -ClassName Win32_SerialPort | Select-Object -ExpandProperty DeviceID":
COM4
COM5
COM6
COM8
COM17
COM3
COM9
COM10
COM11
COM12
COM13
COM16


!ENTRY com.st.stm32cube.ide.mpu.remote.serial 1 1 2026-08-13 17:16:47.000
!MESSAGE port: COM4

!ENTRY com.st.stm32cube.ide.mpu.remote.serial 1 1 2026-08-13 17:16:47.000
!MESSAGE port: COM5

!ENTRY com.st.stm32cube.ide.mpu.remote.serial 1 1 2026-08-13 17:16:47.001
!MESSAGE port: COM6

!ENTRY com.st.stm32cube.ide.mpu.remote.serial 1 1 2026-08-13 17:16:47.002
!MESSAGE port: COM8

!ENTRY com.st.stm32cube.ide.mpu.remote.serial 1 1 2026-08-13 17:16:47.002
!MESSAGE port: COM17

!ENTRY com.st.stm32cube.ide.mpu.remote.serial 1 1 2026-08-13 17:16:47.004
!MESSAGE port: COM3

!ENTRY com.st.stm32cube.ide.mpu.remote.serial 1 1 2026-08-13 17:16:47.005
!MESSAGE port: COM9

!ENTRY com.st.stm32cube.ide.mpu.remote.serial 1 1 2026-08-13 17:16:47.006
!MESSAGE port: COM10

!ENTRY com.st.stm32cube.ide.mpu.remote.serial 1 1 2026-08-13 17:16:47.006
!MESSAGE port: COM11

!ENTRY com.st.stm32cube.ide.mpu.remote.serial 1 1 2026-08-13 17:16:47.007
!MESSAGE port: COM12

!ENTRY com.st.stm32cube.ide.mpu.remote.serial 1 1 2026-08-13 17:16:47.008
!MESSAGE port: COM13

!ENTRY com.st.stm32cube.ide.mpu.remote.serial 1 1 2026-08-13 17:16:47.009
!MESSAGE port: COM16

!ENTRY com.st.stm32cube.ide.mpu.remote.serial 1 1 2026-08-13 17:17:19.012
!MESSAGE Executed PowerShell command powershell.exe -Command "Get-CimInstance -ClassName Win32_SerialPort | Select-Object -ExpandProperty DeviceID":
COM4
COM5
COM6
COM8
COM17
COM3
COM9
COM10
COM11
COM12
COM13
COM16


!ENTRY com.st.stm32cube.ide.mpu.remote.serial 1 1 2026-08-13 17:17:19.013
!MESSAGE port: COM4

!ENTRY com.st.stm32cube.ide.mpu.remote.serial 1 1 2026-08-13 17:17:19.014
!MESSAGE port: COM5

!ENTRY com.st.stm32cube.ide.mpu.remote.serial 1 1 2026-08-13 17:17:19.015
!MESSAGE port: COM6

!ENTRY com.st.stm32cube.ide.mpu.remote.serial 1 1 2026-08-13 17:17:19.016
!MESSAGE port: COM8

!ENTRY com.st.stm32cube.ide.mpu.remote.serial 1 1 2026-08-13 17:17:19.017
!MESSAGE port: COM17

!ENTRY com.st.stm32cube.ide.mpu.remote.serial 1 1 2026-08-13 17:17:19.018
!MESSAGE port: COM3

!ENTRY com.st.stm32cube.ide.mpu.remote.serial 1 1 2026-08-13 17:17:19.018
!MESSAGE port: COM9

!ENTRY com.st.stm32cube.ide.mpu.remote.serial 1 1 2026-08-13 17:17:19.019
!MESSAGE port: COM10

!ENTRY com.st.stm32cube.ide.mpu.remote.serial 1 1 2026-08-13 17:17:19.020
!MESSAGE port: COM11

!ENTRY com.st.stm32cube.ide.mpu.remote.serial 1 1 2026-08-13 17:17:19.020
!MESSAGE port: COM12

!ENTRY com.st.stm32cube.ide.mpu.remote.serial 1 1 2026-08-13 17:17:19.021
!MESSAGE port: COM13

!ENTRY com.st.stm32cube.ide.mpu.remote.serial 1 1 2026-08-13 17:17:19.022
!MESSAGE port: COM16

!ENTRY com.st.stm32cube.ide.mpu.remote.serial 1 1 2026-08-13 17:27:00.500
!MESSAGE Executed PowerShell command powershell.exe -Command "Get-CimInstance -ClassName Win32_SerialPort | Select-Object -ExpandProperty DeviceID":
COM4
COM5
COM6
COM8
COM17
COM3
COM9
COM10
COM11
COM12
COM13
COM16
COM18


!ENTRY com.st.stm32cube.ide.mpu.remote.serial 1 1 2026-08-13 17:27:00.503
!MESSAGE port: COM4

!ENTRY com.st.stm32cube.ide.mpu.remote.serial 1 1 2026-08-13 17:27:00.503
!MESSAGE port: COM5

!ENTRY com.st.stm32cube.ide.mpu.remote.serial 1 1 2026-08-13 17:27:00.504
!MESSAGE port: COM6

!ENTRY com.st.stm32cube.ide.mpu.remote.serial 1 1 2026-08-13 17:27:00.506
!MESSAGE port: COM8

!ENTRY com.st.stm32cube.ide.mpu.remote.serial 1 1 2026-08-13 17:27:00.506
!MESSAGE port: COM17

!ENTRY com.st.stm32cube.ide.mpu.remote.serial 1 1 2026-08-13 17:27:00.507
!MESSAGE port: COM3

!ENTRY com.st.stm32cube.ide.mpu.remote.serial 1 1 2026-08-13 17:27:00.508
!MESSAGE port: COM9

!ENTRY com.st.stm32cube.ide.mpu.remote.serial 1 1 2026-08-13 17:27:00.508
!MESSAGE port: COM10

!ENTRY com.st.stm32cube.ide.mpu.remote.serial 1 1 2026-08-13 17:27:00.509
!MESSAGE port: COM11

!ENTRY com.st.stm32cube.ide.mpu.remote.serial 1 1 2026-08-13 17:27:00.509
!MESSAGE port: COM12

!ENTRY com.st.stm32cube.ide.mpu.remote.serial 1 1 2026-08-13 17:27:00.510
!MESSAGE port: COM13

!ENTRY com.st.stm32cube.ide.mpu.remote.serial 1 1 2026-08-13 17:27:00.511
!MESSAGE port: COM16

!ENTRY com.st.stm32cube.ide.mpu.remote.serial 1 1 2026-08-13 17:27:00.511
!MESSAGE port: COM18

!ENTRY com.st.stm32cube.ide.mpu.remote.serial 1 1 2026-08-13 17:30:42.355
!MESSAGE Executed PowerShell command powershell.exe -Command "Get-CimInstance -ClassName Win32_SerialPort | Select-Object -ExpandProperty DeviceID":
COM4
COM5
COM6
COM8
COM17
COM3
COM9
COM10
COM11
COM12
COM13
COM16


!ENTRY com.st.stm32cube.ide.mpu.remote.serial 1 1 2026-08-13 17:30:42.358
!MESSAGE port: COM4

!ENTRY com.st.stm32cube.ide.mpu.remote.serial 1 1 2026-08-13 17:30:42.359
!MESSAGE port: COM5

!ENTRY com.st.stm32cube.ide.mpu.remote.serial 1 1 2026-08-13 17:30:42.360
!MESSAGE port: COM6

!ENTRY com.st.stm32cube.ide.mpu.remote.serial 1 1 2026-08-13 17:30:42.360
!MESSAGE port: COM8

!ENTRY com.st.stm32cube.ide.mpu.remote.serial 1 1 2026-08-13 17:30:42.361
!MESSAGE port: COM17

!ENTRY com.st.stm32cube.ide.mpu.remote.serial 1 1 2026-08-13 17:30:42.363
!MESSAGE port: COM3

!ENTRY com.st.stm32cube.ide.mpu.remote.serial 1 1 2026-08-13 17:30:42.364
!MESSAGE port: COM9

!ENTRY com.st.stm32cube.ide.mpu.remote.serial 1 1 2026-08-13 17:30:42.366
!MESSAGE port: COM10

!ENTRY com.st.stm32cube.ide.mpu.remote.serial 1 1 2026-08-13 17:30:42.367
!MESSAGE port: COM11

!ENTRY com.st.stm32cube.ide.mpu.remote.serial 1 1 2026-08-13 17:30:42.368
!MESSAGE port: COM12

!ENTRY com.st.stm32cube.ide.mpu.remote.serial 1 1 2026-08-13 17:30:42.368
!MESSAGE port: COM13

!ENTRY com.st.stm32cube.ide.mpu.remote.serial 1 1 2026-08-13 17:30:42.369
!MESSAGE port: COM16

!ENTRY com.st.stm32cube.ide.mpu.remote.serial 1 1 2026-08-13 18:28:09.482
!MESSAGE Executed PowerShell command powershell.exe -Command "Get-CimInstance -ClassName Win32_SerialPort | Select-Object -ExpandProperty DeviceID":
COM4
COM5
COM6
COM8
COM17
COM3
COM9
COM10
COM11
COM12
COM13
COM16


!ENTRY com.st.stm32cube.ide.mpu.remote.serial 1 1 2026-08-13 18:28:09.484
!MESSAGE port: COM4

!ENTRY com.st.stm32cube.ide.mpu.remote.serial 1 1 2026-08-13 18:28:09.484
!MESSAGE port: COM5

!ENTRY com.st.stm32cube.ide.mpu.remote.serial 1 1 2026-08-13 18:28:09.485
!MESSAGE port: COM6

!ENTRY com.st.stm32cube.ide.mpu.remote.serial 1 1 2026-08-13 18:28:09.486
!MESSAGE port: COM8

!ENTRY com.st.stm32cube.ide.mpu.remote.serial 1 1 2026-08-13 18:28:09.487
!MESSAGE port: COM17

!ENTRY com.st.stm32cube.ide.mpu.remote.serial 1 1 2026-08-13 18:28:09.488
!MESSAGE port: COM3

!ENTRY com.st.stm32cube.ide.mpu.remote.serial 1 1 2026-08-13 18:28:09.488
!MESSAGE port: COM9

!ENTRY com.st.stm32cube.ide.mpu.remote.serial 1 1 2026-08-13 18:28:09.490
!MESSAGE port: COM10

!ENTRY com.st.stm32cube.ide.mpu.remote.serial 1 1 2026-08-13 18:28:09.491
!MESSAGE port: COM11

!ENTRY com.st.stm32cube.ide.mpu.remote.serial 1 1 2026-08-13 18:28:09.491
!MESSAGE port: COM12

!ENTRY com.st.stm32cube.ide.mpu.remote.serial 1 1 2026-08-13 18:28:09.492
!MESSAGE port: COM13

!ENTRY com.st.stm32cube.ide.mpu.remote.serial 1 1 2026-08-13 18:28:09.493
!MESSAGE port: COM16

!ENTRY com.st.stm32cube.ide.mpu.remote.serial 1 1 2026-08-13 18:28:41.695
!MESSAGE Executed PowerShell command powershell.exe -Command "Get-CimInstance -ClassName Win32_SerialPort | Select-Object -ExpandProperty DeviceID":
COM4
COM5
COM6
COM8
COM17
COM3
COM9
COM10
COM11
COM12
COM13
COM16


!ENTRY com.st.stm32cube.ide.mpu.remote.serial 1 1 2026-08-13 18:28:41.695
!MESSAGE port: COM4

!ENTRY com.st.stm32cube.ide.mpu.remote.serial 1 1 2026-08-13 18:28:41.696
!MESSAGE port: COM5

!ENTRY com.st.stm32cube.ide.mpu.remote.serial 1 1 2026-08-13 18:28:41.698
!MESSAGE port: COM6

!ENTRY com.st.stm32cube.ide.mpu.remote.serial 1 1 2026-08-13 18:28:41.698
!MESSAGE port: COM8

!ENTRY com.st.stm32cube.ide.mpu.remote.serial 1 1 2026-08-13 18:28:41.699
!MESSAGE port: COM17

!ENTRY com.st.stm32cube.ide.mpu.remote.serial 1 1 2026-08-13 18:28:41.699
!MESSAGE port: COM3

!ENTRY com.st.stm32cube.ide.mpu.remote.serial 1 1 2026-08-13 18:28:41.701
!MESSAGE port: COM9

!ENTRY com.st.stm32cube.ide.mpu.remote.serial 1 1 2026-08-13 18:28:41.702
!MESSAGE port: COM10

!ENTRY com.st.stm32cube.ide.mpu.remote.serial 1 1 2026-08-13 18:28:41.702
!MESSAGE port: COM11

!ENTRY com.st.stm32cube.ide.mpu.remote.serial 1 1 2026-08-13 18:28:41.703
!MESSAGE port: COM12

!ENTRY com.st.stm32cube.ide.mpu.remote.serial 1 1 2026-08-13 18:28:41.703
!MESSAGE port: COM13

!ENTRY com.st.stm32cube.ide.mpu.remote.serial 1 1 2026-08-13 18:28:41.704
!MESSAGE port: COM16

!ENTRY com.st.stm32cube.ide.mpu.remote.serial 1 1 2026-08-13 18:30:26.149
!MESSAGE Executed PowerShell command powershell.exe -Command "Get-CimInstance -ClassName Win32_SerialPort | Select-Object -ExpandProperty DeviceID":
COM4
COM5
COM6
COM8
COM17
COM3
COM9
COM10
COM11
COM12
COM13
COM16
COM18


!ENTRY com.st.stm32cube.ide.mpu.remote.serial 1 1 2026-08-13 18:30:26.150
!MESSAGE port: COM4

!ENTRY com.st.stm32cube.ide.mpu.remote.serial 1 1 2026-08-13 18:30:26.151
!MESSAGE port: COM5

!ENTRY com.st.stm32cube.ide.mpu.remote.serial 1 1 2026-08-13 18:30:26.152
!MESSAGE port: COM6

!ENTRY com.st.stm32cube.ide.mpu.remote.serial 1 1 2026-08-13 18:30:26.152
!MESSAGE port: COM8

!ENTRY com.st.stm32cube.ide.mpu.remote.serial 1 1 2026-08-13 18:30:26.153
!MESSAGE port: COM17

!ENTRY com.st.stm32cube.ide.mpu.remote.serial 1 1 2026-08-13 18:30:26.153
!MESSAGE port: COM3

!ENTRY com.st.stm32cube.ide.mpu.remote.serial 1 1 2026-08-13 18:30:26.155
!MESSAGE port: COM9

!ENTRY com.st.stm32cube.ide.mpu.remote.serial 1 1 2026-08-13 18:30:26.155
!MESSAGE port: COM10

!ENTRY com.st.stm32cube.ide.mpu.remote.serial 1 1 2026-08-13 18:30:26.156
!MESSAGE port: COM11

!ENTRY com.st.stm32cube.ide.mpu.remote.serial 1 1 2026-08-13 18:30:26.158
!MESSAGE port: COM12

!ENTRY com.st.stm32cube.ide.mpu.remote.serial 1 1 2026-08-13 18:30:26.158
!MESSAGE port: COM13

!ENTRY com.st.stm32cube.ide.mpu.remote.serial 1 1 2026-08-13 18:30:26.159
!MESSAGE port: COM16

!ENTRY com.st.stm32cube.ide.mpu.remote.serial 1 1 2026-08-13 18:30:26.160
!MESSAGE port: COM18

!ENTRY com.st.stm32cube.ide.mpu.remote.serial 1 1 2026-08-13 18:31:15.668
!MESSAGE Executed PowerShell command powershell.exe -Command "Get-CimInstance -ClassName Win32_SerialPort | Select-Object -ExpandProperty DeviceID":
COM4
COM5
COM6
COM8
COM17
COM3
COM9
COM10
COM11
COM12
COM13
COM16


!ENTRY com.st.stm32cube.ide.mpu.remote.serial 1 1 2026-08-13 18:31:15.670
!MESSAGE port: COM4

!ENTRY com.st.stm32cube.ide.mpu.remote.serial 1 1 2026-08-13 18:31:15.672
!MESSAGE port: COM5

!ENTRY com.st.stm32cube.ide.mpu.remote.serial 1 1 2026-08-13 18:31:15.674
!MESSAGE port: COM6

!ENTRY com.st.stm32cube.ide.mpu.remote.serial 1 1 2026-08-13 18:31:15.675
!MESSAGE port: COM8

!ENTRY com.st.stm32cube.ide.mpu.remote.serial 1 1 2026-08-13 18:31:15.676
!MESSAGE port: COM17

!ENTRY com.st.stm32cube.ide.mpu.remote.serial 1 1 2026-08-13 18:31:15.677
!MESSAGE port: COM3

!ENTRY com.st.stm32cube.ide.mpu.remote.serial 1 1 2026-08-13 18:31:15.678
!MESSAGE port: COM9

!ENTRY com.st.stm32cube.ide.mpu.remote.serial 1 1 2026-08-13 18:31:15.678
!MESSAGE port: COM10

!ENTRY com.st.stm32cube.ide.mpu.remote.serial 1 1 2026-08-13 18:31:15.679
!MESSAGE port: COM11

!ENTRY com.st.stm32cube.ide.mpu.remote.serial 1 1 2026-08-13 18:31:15.680
!MESSAGE port: COM12

!ENTRY com.st.stm32cube.ide.mpu.remote.serial 1 1 2026-08-13 18:31:15.680
!MESSAGE port: COM13

!ENTRY com.st.stm32cube.ide.mpu.remote.serial 1 1 2026-08-13 18:31:15.682
!MESSAGE port: COM16

!ENTRY com.st.stm32cube.ide.mpu.remote.serial 1 1 2026-08-13 18:50:33.575
!MESSAGE Executed PowerShell command powershell.exe -Command "Get-CimInstance -ClassName Win32_SerialPort | Select-Object -ExpandProperty DeviceID":
COM4
COM5
COM6
COM8
COM17
COM3
COM9
COM10
COM11
COM12
COM13
COM16


!ENTRY com.st.stm32cube.ide.mpu.remote.serial 1 1 2026-08-13 18:50:33.576
!MESSAGE port: COM4

!ENTRY com.st.stm32cube.ide.mpu.remote.serial 1 1 2026-08-13 18:50:33.578
!MESSAGE port: COM5

!ENTRY com.st.stm32cube.ide.mpu.remote.serial 1 1 2026-08-13 18:50:33.579
!MESSAGE port: COM6

!ENTRY com.st.stm32cube.ide.mpu.remote.serial 1 1 2026-08-13 18:50:33.580
!MESSAGE port: COM8

!ENTRY com.st.stm32cube.ide.mpu.remote.serial 1 1 2026-08-13 18:50:33.582
!MESSAGE port: COM17

!ENTRY com.st.stm32cube.ide.mpu.remote.serial 1 1 2026-08-13 18:50:33.583
!MESSAGE port: COM3

!ENTRY com.st.stm32cube.ide.mpu.remote.serial 1 1 2026-08-13 18:50:33.584
!MESSAGE port: COM9

!ENTRY com.st.stm32cube.ide.mpu.remote.serial 1 1 2026-08-13 18:50:33.584
!MESSAGE port: COM10

!ENTRY com.st.stm32cube.ide.mpu.remote.serial 1 1 2026-08-13 18:50:33.585
!MESSAGE port: COM11

!ENTRY com.st.stm32cube.ide.mpu.remote.serial 1 1 2026-08-13 18:50:33.586
!MESSAGE port: COM12

!ENTRY com.st.stm32cube.ide.mpu.remote.serial 1 1 2026-08-13 18:50:33.587
!MESSAGE port: COM13

!ENTRY com.st.stm32cube.ide.mpu.remote.serial 1 1 2026-08-13 18:50:33.587
!MESSAGE port: COM16

!ENTRY com.st.stm32cube.ide.mpu.remote.serial 1 1 2026-08-13 18:51:05.903
!MESSAGE Executed PowerShell command powershell.exe -Command "Get-CimInstance -ClassName Win32_SerialPort | Select-Object -ExpandProperty DeviceID":
COM4
COM5
COM6
COM8
COM17
COM3
COM9
COM10
COM11
COM12
COM13
COM16


!ENTRY com.st.stm32cube.ide.mpu.remote.serial 1 1 2026-08-13 18:51:05.904
!MESSAGE port: COM4

!ENTRY com.st.stm32cube.ide.mpu.remote.serial 1 1 2026-08-13 18:51:05.905
!MESSAGE port: COM5

!ENTRY com.st.stm32cube.ide.mpu.remote.serial 1 1 2026-08-13 18:51:05.905
!MESSAGE port: COM6

!ENTRY com.st.stm32cube.ide.mpu.remote.serial 1 1 2026-08-13 18:51:05.906
!MESSAGE port: COM8

!ENTRY com.st.stm32cube.ide.mpu.remote.serial 1 1 2026-08-13 18:51:05.907
!MESSAGE port: COM17

!ENTRY com.st.stm32cube.ide.mpu.remote.serial 1 1 2026-08-13 18:51:05.907
!MESSAGE port: COM3

!ENTRY com.st.stm32cube.ide.mpu.remote.serial 1 1 2026-08-13 18:51:05.908
!MESSAGE port: COM9

!ENTRY com.st.stm32cube.ide.mpu.remote.serial 1 1 2026-08-13 18:51:05.909
!MESSAGE port: COM10

!ENTRY com.st.stm32cube.ide.mpu.remote.serial 1 1 2026-08-13 18:51:05.910
!MESSAGE port: COM11

!ENTRY com.st.stm32cube.ide.mpu.remote.serial 1 1 2026-08-13 18:51:05.911
!MESSAGE port: COM12

!ENTRY com.st.stm32cube.ide.mpu.remote.serial 1 1 2026-08-13 18:51:05.911
!MESSAGE port: COM13

!ENTRY com.st.stm32cube.ide.mpu.remote.serial 1 1 2026-08-13 18:51:05.912
!MESSAGE port: COM16

!ENTRY com.st.stm32cube.ide.mpu.remote.serial 1 1 2026-08-13 18:54:52.377
!MESSAGE Executed PowerShell command powershell.exe -Command "Get-CimInstance -ClassName Win32_SerialPort | Select-Object -ExpandProperty DeviceID":
COM4
COM5
COM6
COM8
COM17
COM3
COM9
COM10
COM11
COM12
COM13
COM16


!ENTRY com.st.stm32cube.ide.mpu.remote.serial 1 1 2026-08-13 18:54:52.378
!MESSAGE port: COM4

!ENTRY com.st.stm32cube.ide.mpu.remote.serial 1 1 2026-08-13 18:54:52.379
!MESSAGE port: COM5

!ENTRY com.st.stm32cube.ide.mpu.remote.serial 1 1 2026-08-13 18:54:52.380
!MESSAGE port: COM6

!ENTRY com.st.stm32cube.ide.mpu.remote.serial 1 1 2026-08-13 18:54:52.381
!MESSAGE port: COM8

!ENTRY com.st.stm32cube.ide.mpu.remote.serial 1 1 2026-08-13 18:54:52.381
!MESSAGE port: COM17

!ENTRY com.st.stm32cube.ide.mpu.remote.serial 1 1 2026-08-13 18:54:52.382
!MESSAGE port: COM3

!ENTRY com.st.stm32cube.ide.mpu.remote.serial 1 1 2026-08-13 18:54:52.384
!MESSAGE port: COM9

!ENTRY com.st.stm32cube.ide.mpu.remote.serial 1 1 2026-08-13 18:54:52.384
!MESSAGE port: COM10

!ENTRY com.st.stm32cube.ide.mpu.remote.serial 1 1 2026-08-13 18:54:52.385
!MESSAGE port: COM11

!ENTRY com.st.stm32cube.ide.mpu.remote.serial 1 1 2026-08-13 18:54:52.386
!MESSAGE port: COM12

!ENTRY com.st.stm32cube.ide.mpu.remote.serial 1 1 2026-08-13 18:54:52.387
!MESSAGE port: COM13

!ENTRY com.st.stm32cube.ide.mpu.remote.serial 1 1 2026-08-13 18:54:52.388
!MESSAGE port: COM16

!ENTRY com.st.stm32cube.ide.mpu.remote.serial 1 1 2026-08-13 18:55:24.474
!MESSAGE Executed PowerShell command powershell.exe -Command "Get-CimInstance -ClassName Win32_SerialPort | Select-Object -ExpandProperty DeviceID":
COM4
COM5
COM6
COM8
COM17
COM3
COM9
COM10
COM11
COM12
COM13
COM16


!ENTRY com.st.stm32cube.ide.mpu.remote.serial 1 1 2026-08-13 18:55:24.474
!MESSAGE port: COM4

!ENTRY com.st.stm32cube.ide.mpu.remote.serial 1 1 2026-08-13 18:55:24.475
!MESSAGE port: COM5

!ENTRY com.st.stm32cube.ide.mpu.remote.serial 1 1 2026-08-13 18:55:24.476
!MESSAGE port: COM6

!ENTRY com.st.stm32cube.ide.mpu.remote.serial 1 1 2026-08-13 18:55:24.476
!MESSAGE port: COM8

!ENTRY com.st.stm32cube.ide.mpu.remote.serial 1 1 2026-08-13 18:55:24.478
!MESSAGE port: COM17

!ENTRY com.st.stm32cube.ide.mpu.remote.serial 1 1 2026-08-13 18:55:24.478
!MESSAGE port: COM3

!ENTRY com.st.stm32cube.ide.mpu.remote.serial 1 1 2026-08-13 18:55:24.479
!MESSAGE port: COM9

!ENTRY com.st.stm32cube.ide.mpu.remote.serial 1 1 2026-08-13 18:55:24.480
!MESSAGE port: COM10

!ENTRY com.st.stm32cube.ide.mpu.remote.serial 1 1 2026-08-13 18:55:24.481
!MESSAGE port: COM11

!ENTRY com.st.stm32cube.ide.mpu.remote.serial 1 1 2026-08-13 18:55:24.481
!MESSAGE port: COM12

!ENTRY com.st.stm32cube.ide.mpu.remote.serial 1 1 2026-08-13 18:55:24.483
!MESSAGE port: COM13

!ENTRY com.st.stm32cube.ide.mpu.remote.serial 1 1 2026-08-13 18:55:24.483
!MESSAGE port: COM16

!ENTRY com.st.stm32cube.ide.mpu.remote.serial 1 1 2026-08-13 19:04:59.124
!MESSAGE Executed PowerShell command powershell.exe -Command "Get-CimInstance -ClassName Win32_SerialPort | Select-Object -ExpandProperty DeviceID":
COM4
COM5
COM6
COM8
COM17
COM3
COM9
COM10
COM11
COM12
COM13
COM16


!ENTRY com.st.stm32cube.ide.mpu.remote.serial 1 1 2026-08-13 19:04:59.125
!MESSAGE port: COM4

!ENTRY com.st.stm32cube.ide.mpu.remote.serial 1 1 2026-08-13 19:04:59.126
!MESSAGE port: COM5

!ENTRY com.st.stm32cube.ide.mpu.remote.serial 1 1 2026-08-13 19:04:59.128
!MESSAGE port: COM6

!ENTRY com.st.stm32cube.ide.mpu.remote.serial 1 1 2026-08-13 19:04:59.129
!MESSAGE port: COM8

!ENTRY com.st.stm32cube.ide.mpu.remote.serial 1 1 2026-08-13 19:04:59.129
!MESSAGE port: COM17

!ENTRY com.st.stm32cube.ide.mpu.remote.serial 1 1 2026-08-13 19:04:59.130
!MESSAGE port: COM3

!ENTRY com.st.stm32cube.ide.mpu.remote.serial 1 1 2026-08-13 19:04:59.131
!MESSAGE port: COM9

!ENTRY com.st.stm32cube.ide.mpu.remote.serial 1 1 2026-08-13 19:04:59.132
!MESSAGE port: COM10

!ENTRY com.st.stm32cube.ide.mpu.remote.serial 1 1 2026-08-13 19:04:59.133
!MESSAGE port: COM11

!ENTRY com.st.stm32cube.ide.mpu.remote.serial 1 1 2026-08-13 19:04:59.133
!MESSAGE port: COM12

!ENTRY com.st.stm32cube.ide.mpu.remote.serial 1 1 2026-08-13 19:04:59.135
!MESSAGE port: COM13

!ENTRY com.st.stm32cube.ide.mpu.remote.serial 1 1 2026-08-13 19:04:59.136
!MESSAGE port: COM16

!ENTRY com.st.stm32cube.ide.mpu.remote.serial 1 1 2026-08-13 19:05:31.116
!MESSAGE Executed PowerShell command powershell.exe -Command "Get-CimInstance -ClassName Win32_SerialPort | Select-Object -ExpandProperty DeviceID":
COM4
COM5
COM6
COM8
COM17
COM3
COM9
COM10
COM11
COM12
COM13
COM16


!ENTRY com.st.stm32cube.ide.mpu.remote.serial 1 1 2026-08-13 19:05:31.118
!MESSAGE port: COM4

!ENTRY com.st.stm32cube.ide.mpu.remote.serial 1 1 2026-08-13 19:05:31.119
!MESSAGE port: COM5

!ENTRY com.st.stm32cube.ide.mpu.remote.serial 1 1 2026-08-13 19:05:31.120
!MESSAGE port: COM6

!ENTRY com.st.stm32cube.ide.mpu.remote.serial 1 1 2026-08-13 19:05:31.121
!MESSAGE port: COM8

!ENTRY com.st.stm32cube.ide.mpu.remote.serial 1 1 2026-08-13 19:05:31.121
!MESSAGE port: COM17

!ENTRY com.st.stm32cube.ide.mpu.remote.serial 1 1 2026-08-13 19:05:31.122
!MESSAGE port: COM3

!ENTRY com.st.stm32cube.ide.mpu.remote.serial 1 1 2026-08-13 19:05:31.123
!MESSAGE port: COM9

!ENTRY com.st.stm32cube.ide.mpu.remote.serial 1 1 2026-08-13 19:05:31.124
!MESSAGE port: COM10

!ENTRY com.st.stm32cube.ide.mpu.remote.serial 1 1 2026-08-13 19:05:31.124
!MESSAGE port: COM11

!ENTRY com.st.stm32cube.ide.mpu.remote.serial 1 1 2026-08-13 19:05:31.125
!MESSAGE port: COM12

!ENTRY com.st.stm32cube.ide.mpu.remote.serial 1 1 2026-08-13 19:05:31.126
!MESSAGE port: COM13

!ENTRY com.st.stm32cube.ide.mpu.remote.serial 1 1 2026-08-13 19:05:31.127
!MESSAGE port: COM16

!ENTRY com.st.stm32cube.ide.mpu.remote.serial 1 1 2026-08-13 19:07:31.350
!MESSAGE Executed PowerShell command powershell.exe -Command "Get-CimInstance -ClassName Win32_SerialPort | Select-Object -ExpandProperty DeviceID":
COM4
COM5
COM6
COM8
COM17
COM3
COM9
COM10
COM11
COM12
COM13
COM16


!ENTRY com.st.stm32cube.ide.mpu.remote.serial 1 1 2026-08-13 19:07:31.351
!MESSAGE port: COM4

!ENTRY com.st.stm32cube.ide.mpu.remote.serial 1 1 2026-08-13 19:07:31.352
!MESSAGE port: COM5

!ENTRY com.st.stm32cube.ide.mpu.remote.serial 1 1 2026-08-13 19:07:31.353
!MESSAGE port: COM6

!ENTRY com.st.stm32cube.ide.mpu.remote.serial 1 1 2026-08-13 19:07:31.353
!MESSAGE port: COM8

!ENTRY com.st.stm32cube.ide.mpu.remote.serial 1 1 2026-08-13 19:07:31.354
!MESSAGE port: COM17

!ENTRY com.st.stm32cube.ide.mpu.remote.serial 1 1 2026-08-13 19:07:31.355
!MESSAGE port: COM3

!ENTRY com.st.stm32cube.ide.mpu.remote.serial 1 1 2026-08-13 19:07:31.355
!MESSAGE port: COM9

!ENTRY com.st.stm32cube.ide.mpu.remote.serial 1 1 2026-08-13 19:07:31.357
!MESSAGE port: COM10

!ENTRY com.st.stm32cube.ide.mpu.remote.serial 1 1 2026-08-13 19:07:31.357
!MESSAGE port: COM11

!ENTRY com.st.stm32cube.ide.mpu.remote.serial 1 1 2026-08-13 19:07:31.358
!MESSAGE port: COM12

!ENTRY com.st.stm32cube.ide.mpu.remote.serial 1 1 2026-08-13 19:07:31.359
!MESSAGE port: COM13

!ENTRY com.st.stm32cube.ide.mpu.remote.serial 1 1 2026-08-13 19:07:31.359
!MESSAGE port: COM16

!ENTRY com.st.stm32cube.ide.mpu.remote.serial 1 1 2026-08-13 19:08:03.336
!MESSAGE Executed PowerShell command powershell.exe -Command "Get-CimInstance -ClassName Win32_SerialPort | Select-Object -ExpandProperty DeviceID":
COM4
COM5
COM6
COM8
COM17
COM3
COM9
COM10
COM11
COM12
COM13
COM16


!ENTRY com.st.stm32cube.ide.mpu.remote.serial 1 1 2026-08-13 19:08:03.337
!MESSAGE port: COM4

!ENTRY com.st.stm32cube.ide.mpu.remote.serial 1 1 2026-08-13 19:08:03.338
!MESSAGE port: COM5

!ENTRY com.st.stm32cube.ide.mpu.remote.serial 1 1 2026-08-13 19:08:03.339
!MESSAGE port: COM6

!ENTRY com.st.stm32cube.ide.mpu.remote.serial 1 1 2026-08-13 19:08:03.340
!MESSAGE port: COM8

!ENTRY com.st.stm32cube.ide.mpu.remote.serial 1 1 2026-08-13 19:08:03.340
!MESSAGE port: COM17

!ENTRY com.st.stm32cube.ide.mpu.remote.serial 1 1 2026-08-13 19:08:03.343
!MESSAGE port: COM3

!ENTRY com.st.stm32cube.ide.mpu.remote.serial 1 1 2026-08-13 19:08:03.344
!MESSAGE port: COM9

!ENTRY com.st.stm32cube.ide.mpu.remote.serial 1 1 2026-08-13 19:08:03.345
!MESSAGE port: COM10

!ENTRY com.st.stm32cube.ide.mpu.remote.serial 1 1 2026-08-13 19:08:03.345
!MESSAGE port: COM11

!ENTRY com.st.stm32cube.ide.mpu.remote.serial 1 1 2026-08-13 19:08:03.346
!MESSAGE port: COM12

!ENTRY com.st.stm32cube.ide.mpu.remote.serial 1 1 2026-08-13 19:08:03.347
!MESSAGE port: COM13

!ENTRY com.st.stm32cube.ide.mpu.remote.serial 1 1 2026-08-13 19:08:03.348
!MESSAGE port: COM16

!ENTRY com.st.stm32cube.ide.mpu.remote.serial 1 1 2026-08-13 19:11:33.589
!MESSAGE Executed PowerShell command powershell.exe -Command "Get-CimInstance -ClassName Win32_SerialPort | Select-Object -ExpandProperty DeviceID":
COM4
COM5
COM6
COM8
COM17
COM3
COM9
COM10
COM11
COM12
COM13
COM16


!ENTRY com.st.stm32cube.ide.mpu.remote.serial 1 1 2026-08-13 19:11:33.592
!MESSAGE port: COM4

!ENTRY com.st.stm32cube.ide.mpu.remote.serial 1 1 2026-08-13 19:11:33.593
!MESSAGE port: COM5

!ENTRY com.st.stm32cube.ide.mpu.remote.serial 1 1 2026-08-13 19:11:33.594
!MESSAGE port: COM6

!ENTRY com.st.stm32cube.ide.mpu.remote.serial 1 1 2026-08-13 19:11:33.595
!MESSAGE port: COM8

!ENTRY com.st.stm32cube.ide.mpu.remote.serial 1 1 2026-08-13 19:11:33.597
!MESSAGE port: COM17

!ENTRY com.st.stm32cube.ide.mpu.remote.serial 1 1 2026-08-13 19:11:33.598
!MESSAGE port: COM3

!ENTRY com.st.stm32cube.ide.mpu.remote.serial 1 1 2026-08-13 19:11:33.599
!MESSAGE port: COM9

!ENTRY com.st.stm32cube.ide.mpu.remote.serial 1 1 2026-08-13 19:11:33.599
!MESSAGE port: COM10

!ENTRY com.st.stm32cube.ide.mpu.remote.serial 1 1 2026-08-13 19:11:33.600
!MESSAGE port: COM11

!ENTRY com.st.stm32cube.ide.mpu.remote.serial 1 1 2026-08-13 19:11:33.602
!MESSAGE port: COM12

!ENTRY com.st.stm32cube.ide.mpu.remote.serial 1 1 2026-08-13 19:11:33.603
!MESSAGE port: COM13

!ENTRY com.st.stm32cube.ide.mpu.remote.serial 1 1 2026-08-13 19:11:33.604
!MESSAGE port: COM16

!ENTRY com.st.stm32cube.ide.mpu.remote.serial 1 1 2026-08-13 19:12:06.169
!MESSAGE Executed PowerShell command powershell.exe -Command "Get-CimInstance -ClassName Win32_SerialPort | Select-Object -ExpandProperty DeviceID":
COM4
COM5
COM6
COM8
COM17
COM3
COM9
COM10
COM11
COM12
COM13
COM16


!ENTRY com.st.stm32cube.ide.mpu.remote.serial 1 1 2026-08-13 19:12:06.170
!MESSAGE port: COM4

!ENTRY com.st.stm32cube.ide.mpu.remote.serial 1 1 2026-08-13 19:12:06.171
!MESSAGE port: COM5

!ENTRY com.st.stm32cube.ide.mpu.remote.serial 1 1 2026-08-13 19:12:06.172
!MESSAGE port: COM6

!ENTRY com.st.stm32cube.ide.mpu.remote.serial 1 1 2026-08-13 19:12:06.173
!MESSAGE port: COM8

!ENTRY com.st.stm32cube.ide.mpu.remote.serial 1 1 2026-08-13 19:12:06.173
!MESSAGE port: COM17

!ENTRY com.st.stm32cube.ide.mpu.remote.serial 1 1 2026-08-13 19:12:06.174
!MESSAGE port: COM3

!ENTRY com.st.stm32cube.ide.mpu.remote.serial 1 1 2026-08-13 19:12:06.175
!MESSAGE port: COM9

!ENTRY com.st.stm32cube.ide.mpu.remote.serial 1 1 2026-08-13 19:12:06.176
!MESSAGE port: COM10

!ENTRY com.st.stm32cube.ide.mpu.remote.serial 1 1 2026-08-13 19:12:06.176
!MESSAGE port: COM11

!ENTRY com.st.stm32cube.ide.mpu.remote.serial 1 1 2026-08-13 19:12:06.178
!MESSAGE port: COM12

!ENTRY com.st.stm32cube.ide.mpu.remote.serial 1 1 2026-08-13 19:12:06.179
!MESSAGE port: COM13

!ENTRY com.st.stm32cube.ide.mpu.remote.serial 1 1 2026-08-13 19:12:06.179
!MESSAGE port: COM16

!ENTRY com.st.stm32cube.ide.mpu.remote.serial 1 1 2026-08-13 19:14:46.860
!MESSAGE Executed PowerShell command powershell.exe -Command "Get-CimInstance -ClassName Win32_SerialPort | Select-Object -ExpandProperty DeviceID":
COM4
COM5
COM6
COM8
COM17
COM3
COM9
COM10
COM11
COM12
COM13
COM16
COM18


!ENTRY com.st.stm32cube.ide.mpu.remote.serial 1 1 2026-08-13 19:14:46.861
!MESSAGE port: COM4

!ENTRY com.st.stm32cube.ide.mpu.remote.serial 1 1 2026-08-13 19:14:46.862
!MESSAGE port: COM5

!ENTRY com.st.stm32cube.ide.mpu.remote.serial 1 1 2026-08-13 19:14:46.862
!MESSAGE port: COM6

!ENTRY com.st.stm32cube.ide.mpu.remote.serial 1 1 2026-08-13 19:14:46.864
!MESSAGE port: COM8

!ENTRY com.st.stm32cube.ide.mpu.remote.serial 1 1 2026-08-13 19:14:46.865
!MESSAGE port: COM17

!ENTRY com.st.stm32cube.ide.mpu.remote.serial 1 1 2026-08-13 19:14:46.865
!MESSAGE port: COM3

!ENTRY com.st.stm32cube.ide.mpu.remote.serial 1 1 2026-08-13 19:14:46.867
!MESSAGE port: COM9

!ENTRY com.st.stm32cube.ide.mpu.remote.serial 1 1 2026-08-13 19:14:46.868
!MESSAGE port: COM10

!ENTRY com.st.stm32cube.ide.mpu.remote.serial 1 1 2026-08-13 19:14:46.869
!MESSAGE port: COM11

!ENTRY com.st.stm32cube.ide.mpu.remote.serial 1 1 2026-08-13 19:14:46.870
!MESSAGE port: COM12

!ENTRY com.st.stm32cube.ide.mpu.remote.serial 1 1 2026-08-13 19:14:46.870
!MESSAGE port: COM13

!ENTRY com.st.stm32cube.ide.mpu.remote.serial 1 1 2026-08-13 19:14:46.871
!MESSAGE port: COM16

!ENTRY com.st.stm32cube.ide.mpu.remote.serial 1 1 2026-08-13 19:14:46.871
!MESSAGE port: COM18

!ENTRY com.st.stm32cube.ide.mpu.remote.serial 1 1 2026-08-13 19:15:22.545
!MESSAGE Executed PowerShell command powershell.exe -Command "Get-CimInstance -ClassName Win32_SerialPort | Select-Object -ExpandProperty DeviceID":
COM4
COM5
COM6
COM8
COM17
COM3
COM9
COM10
COM11
COM12
COM13
COM16


!ENTRY com.st.stm32cube.ide.mpu.remote.serial 1 1 2026-08-13 19:15:22.545
!MESSAGE port: COM4

!ENTRY com.st.stm32cube.ide.mpu.remote.serial 1 1 2026-08-13 19:15:22.546
!MESSAGE port: COM5

!ENTRY com.st.stm32cube.ide.mpu.remote.serial 1 1 2026-08-13 19:15:22.547
!MESSAGE port: COM6

!ENTRY com.st.stm32cube.ide.mpu.remote.serial 1 1 2026-08-13 19:15:22.548
!MESSAGE port: COM8

!ENTRY com.st.stm32cube.ide.mpu.remote.serial 1 1 2026-08-13 19:15:22.548
!MESSAGE port: COM17

!ENTRY com.st.stm32cube.ide.mpu.remote.serial 1 1 2026-08-13 19:15:22.549
!MESSAGE port: COM3

!ENTRY com.st.stm32cube.ide.mpu.remote.serial 1 1 2026-08-13 19:15:22.551
!MESSAGE port: COM9

!ENTRY com.st.stm32cube.ide.mpu.remote.serial 1 1 2026-08-13 19:15:22.552
!MESSAGE port: COM10

!ENTRY com.st.stm32cube.ide.mpu.remote.serial 1 1 2026-08-13 19:15:22.553
!MESSAGE port: COM11

!ENTRY com.st.stm32cube.ide.mpu.remote.serial 1 1 2026-08-13 19:15:22.553
!MESSAGE port: COM12

!ENTRY com.st.stm32cube.ide.mpu.remote.serial 1 1 2026-08-13 19:15:22.554
!MESSAGE port: COM13

!ENTRY com.st.stm32cube.ide.mpu.remote.serial 1 1 2026-08-13 19:15:22.556
!MESSAGE port: COM16

!ENTRY com.st.stm32cube.ide.mpu.remote.serial 1 1 2026-08-13 19:27:11.111
!MESSAGE Executed PowerShell command powershell.exe -Command "Get-CimInstance -ClassName Win32_SerialPort | Select-Object -ExpandProperty DeviceID":
COM4
COM5
COM6
COM8
COM17
COM3
COM9
COM10
COM11
COM12
COM13
COM16
COM18


!ENTRY com.st.stm32cube.ide.mpu.remote.serial 1 1 2026-08-13 19:27:11.112
!MESSAGE port: COM4

!ENTRY com.st.stm32cube.ide.mpu.remote.serial 1 1 2026-08-13 19:27:11.113
!MESSAGE port: COM5

!ENTRY com.st.stm32cube.ide.mpu.remote.serial 1 1 2026-08-13 19:27:11.115
!MESSAGE port: COM6

!ENTRY com.st.stm32cube.ide.mpu.remote.serial 1 1 2026-08-13 19:27:11.115
!MESSAGE port: COM8
